Prediction,Prob_SELL,Prob_HOLD,Prob_BUY,Decision
2,0.16237055630940064,0.3210205131409488,0.5166089305496505,HOLD
0,0.4260291228071924,0.1528320454708478,0.4211388317219598,HOLD
1,0.30141822784936734,0.43366128661135506,0.2649204855392776,HOLD
1,0.3220385184912578,0.5153627288601074,0.16259875264863485,HOLD
1,0.414855436593697,0.4424253610211403,0.14271920238516267,HOLD
1,0.34829918147195166,0.6093450186855923,0.042355799842456056,HOLD
1,0.23039551292499674,0.4090256077936691,0.36057887928133414,HOLD
0,0.4909392615680855,0.29814746778764056,0.21091327064427404,HOLD
1,0.2045504174881285,0.5481968617857208,0.24725272072615062,HOLD
1,0.1127842608450292,0.5117181913988054,0.3754975477561654,HOLD
1,0.1818583989512332,0.5347787364031418,0.28336286464562505,HOLD
1,0.22463853158007938,0.42053081358617794,0.3548306548337426,HOLD
1,0.1727193850889652,0.4463530299944036,0.38092758491663115,HOLD
1,0.21931717195805667,0.40626993843458575,0.37441288960735747,HOLD
2,0.1517784117710001,0.37035575065257154,0.4778658375764283,HOLD
1,0.3293983830323003,0.4592895191379715,0.2113120978297283,HOLD
1,0.16754359463276583,0.6248832856649106,0.20757311970232364,HOLD
1,0.20878149652786213,0.45441260304806336,0.33680590042407454,HOLD
0,0.4034681161456332,0.35122963046975375,0.24530225338461295,HOLD
2,0.19154663971323393,0.21267588822792408,0.595777472058842,HOLD
0,0.37950970455907485,0.2893435964924131,0.33114669894851195,HOLD
0,0.5286343968868316,0.1760193830390645,0.2953462200741039,HOLD
2,0.41671211167609173,0.12883741828083597,0.45445047004307226,HOLD
2,0.32510405608997545,0.12121381259597723,0.5536821313140473,HOLD
2,0.3697086281501557,0.18109768302913035,0.44919368882071403,HOLD
1,0.238934780008716,0.5353044029226852,0.22576081706859877,HOLD
0,0.5472507678002517,0.18606089642808496,0.2666883357716633,HOLD
2,0.30652427574084185,0.20801631655810793,0.4854594077010501,HOLD
1,0.2726044183569074,0.38811160543401146,0.3392839762090811,HOLD
0,0.45338106489814717,0.16118623697125098,0.38543269813060177,HOLD
2,0.3465122668273186,0.21209957123230092,0.4413881619403805,HOLD
2,0.39273799085233757,0.1294741405178981,0.4777878686297643,HOLD
2,0.30964493621090383,0.33164191497156154,0.35871314881753463,HOLD
2,0.247739897976097,0.3139492711521706,0.43831083087173245,HOLD
2,0.1525822571333839,0.32866901235310203,0.5187487305135141,HOLD
2,0.34973516123218457,0.2913805520951538,0.3588842866726617,HOLD
0,0.34999238880060174,0.3397685114688678,0.3102390997305305,HOLD
1,0.23128865375093993,0.5176801829032062,0.25103116334585396,HOLD
1,0.27749614472237244,0.371966518899005,0.35053733637862255,HOLD
1,0.11038549598582315,0.5941169246988541,0.2954975793153227,HOLD
2,0.29781158779740896,0.2850337731488299,0.4171546390537612,HOLD
1,0.12017543252708286,0.541324712262417,0.33849985521050013,HOLD
1,0.09947683539193626,0.5904986617902611,0.3100245028178027,HOLD
2,0.0704621112361751,0.45976415135660925,0.4697737374072156,HOLD
2,0.10754502101599785,0.33428247058925414,0.558172508394748,HOLD
1,0.12004376138224022,0.5626487146773134,0.3173075239404465,HOLD
1,0.23125938005858052,0.5141411097632912,0.25459951017812826,HOLD
2,0.23448021052754348,0.2545631620065409,0.5109566274659156,HOLD
1,0.3002891565266459,0.38345535098129424,0.3162554924920599,HOLD
0,0.39491912995660766,0.28633695122411595,0.31874391881927644,HOLD
2,0.3547059154440501,0.20849468860508166,0.4367993959508682,HOLD
2,0.2770141169431006,0.33260512565507844,0.390380757401821,HOLD
2,0.28379877293965433,0.32804112550173586,0.3881601015586097,HOLD
0,0.4051241180902537,0.29858176001881653,0.2962941218909298,HOLD
2,0.38932864978766263,0.21243225622731407,0.3982390939850233,HOLD
2,0.16626262661244426,0.21603909894369328,0.6176982744438625,BUY
2,0.32412455341443813,0.23117184724815878,0.4447035993374031,HOLD
2,0.23449823255951946,0.14055096653576837,0.6249508009047122,BUY
2,0.1944028807139206,0.09106761693875945,0.71452950234732,BUY
2,0.32304081840590215,0.1965194195153848,0.480439762078713,HOLD
2,0.36255886219147926,0.18095110216418034,0.45649003564434043,HOLD
2,0.231757935958765,0.3165624404550443,0.4516796235861906,HOLD
2,0.2120889101318189,0.3145263731058339,0.4733847167623473,HOLD
2,0.2710537019658228,0.22308074532117228,0.505865552713005,HOLD
2,0.2111270599763115,0.2658736237757872,0.5229993162479012,HOLD
2,0.17527482064875483,0.293970711159833,0.5307544681914123,HOLD
1,0.35541812165959563,0.3596049275003003,0.28497695084010405,HOLD
1,0.34780795876771314,0.37410063697591206,0.27809140425637485,HOLD
0,0.43217868323327485,0.22078076132862773,0.34704055543809736,HOLD
0,0.34585858865249824,0.32983910337916245,0.3243023079683393,HOLD
0,0.378105006216714,0.3402503464935476,0.28164464728973837,HOLD
1,0.39302775875649343,0.4352604763580824,0.17171176488542417,HOLD
0,0.5800077656325288,0.21588404357248214,0.20410819079498904,HOLD
0,0.504828044140324,0.10585011166934316,0.3893218441903328,HOLD
2,0.39275671280536023,0.08278121101961458,0.5244620761750252,HOLD
2,0.149478046861804,0.1010511497527443,0.7494708033854518,BUY
0,0.4325952584245716,0.37397027520662485,0.19343446636880365,HOLD
2,0.2102748483547647,0.3172559118123561,0.4724692398328792,HOLD
0,0.49702735534001435,0.23287862070474458,0.27009402395524107,HOLD
1,0.3425163358461024,0.3480343042227728,0.3094493599311249,HOLD
2,0.42461207096029224,0.12095115192495744,0.45443677711475033,HOLD
2,0.322035272434335,0.12582822437419947,0.5521365031914656,HOLD
2,0.18788536043160103,0.13003408901626204,0.6820805505521369,BUY
2,0.37095917945082446,0.16507724102886856,0.4639635795203069,HOLD
2,0.28508001105408304,0.2040918522826218,0.5108281366632952,HOLD
2,0.15420776355351293,0.3386312785699271,0.50716095787656,HOLD
1,0.2914225895359978,0.3716444316725447,0.3369329787914575,HOLD
1,0.32590859079823475,0.41778582748600757,0.2563055817157577,HOLD
0,0.4114110483071254,0.32897458895957504,0.2596143627332995,HOLD
2,0.2744724613391784,0.33925965412443493,0.38626788453638666,HOLD
2,0.18788579858717108,0.23056146297848884,0.5815527384343401,HOLD
1,0.14706736355971167,0.46160002228903585,0.3913326141512524,HOLD
2,0.28316548328738994,0.30542947377431523,0.41140504293829483,HOLD
2,0.20567139950647179,0.28035147065429,0.5139771298392383,HOLD
2,0.19196086889364877,0.20770193927311004,0.6003371918332413,BUY
0,0.39550765825164236,0.23570593751938132,0.3687864042289764,HOLD
2,0.2867554449374559,0.257981536935403,0.45526301812714104,HOLD
0,0.4138332456735985,0.25799424517334846,0.32817250915305296,HOLD
0,0.5440509105816156,0.18033864415714274,0.27561044526124173,HOLD
1,0.26677056618950584,0.36709434915833533,0.36613508465215894,HOLD
0,0.36790268844108626,0.31986566348375683,0.3122316480751569,HOLD
2,0.2616003097144782,0.3675586136875443,0.3708410765979776,HOLD
1,0.3292934274206796,0.34731895803218005,0.3233876145471403,HOLD
2,0.15860507364030665,0.3842035544058756,0.4571913719538176,HOLD
0,0.40280748097581387,0.33065574851855317,0.26653677050563296,HOLD
2,0.2610818930443519,0.2168359443444942,0.5220821626111539,HOLD
2,0.32361411550849317,0.3270288266703851,0.3493570578211217,HOLD
2,0.22795893467903722,0.3113674645967508,0.46067360072421204,HOLD
2,0.34559360620792023,0.2671415511489162,0.3872648426431636,HOLD
2,0.2674115642379675,0.28117713799319477,0.4514112977688377,HOLD
1,0.29770116352827314,0.3548838704669472,0.34741496600477967,HOLD
2,0.128746456301121,0.4276482624055048,0.44360528129337423,HOLD
1,0.13482637126919608,0.46886655511659275,0.3963070736142112,HOLD
2,0.09879725462073746,0.4364754024768788,0.4647273429023839,HOLD
1,0.16592727801278426,0.49052588879076703,0.3435468331964488,HOLD
2,0.10612326453553297,0.30511590225355495,0.5887608332109121,HOLD
1,0.13356489045179618,0.5812379956083654,0.2851971139398385,HOLD
2,0.16283544633824026,0.31253786404284056,0.5246266896189192,HOLD
1,0.09544826124920681,0.5862357450168464,0.3183159937339468,HOLD
2,0.12250364490188746,0.23532952262865248,0.64216683246946,BUY
1,0.16340696660691298,0.4402440826919612,0.39634895070112586,HOLD
2,0.258790758866554,0.3703560174736327,0.37085322365981327,HOLD
2,0.295494296667261,0.30382621465283155,0.4006794886799074,HOLD
1,0.3056944476820374,0.3740543329421448,0.32025121937581785,HOLD
1,0.2698755717366643,0.3739054815164446,0.3562189467468911,HOLD
1,0.19737736540125225,0.4745457472340471,0.32807688736470075,HOLD
1,0.1395956317858429,0.4963781490108849,0.36402621920327227,HOLD
1,0.14720599803842754,0.5009293213953838,0.3518646805661887,HOLD
1,0.15628071209387798,0.4922440387531218,0.35147524915300016,HOLD
1,0.17460513394699512,0.4214114738659388,0.4039833921870661,HOLD
2,0.19917155346423657,0.3028586594493704,0.497969787086393,HOLD
2,0.2965434732245097,0.2809013769103157,0.42255514986517473,HOLD
1,0.23185860963813462,0.5403408393128508,0.22780055104901448,HOLD
1,0.1966645122935523,0.4468179672275567,0.356517520478891,HOLD
1,0.11426639695660525,0.5708758093048775,0.3148577937385174,HOLD
2,0.32516232428446695,0.22372674090102704,0.451110934814506,HOLD
1,0.25951871655916653,0.40164475051476717,0.3388365329260663,HOLD
2,0.2803016851050648,0.2611765144063107,0.4585218004886245,HOLD
2,0.2673049573665272,0.2660526914572328,0.46664235117624003,HOLD
1,0.19315618015054398,0.5218290506629126,0.28501476918654334,HOLD
2,0.1973783426193866,0.3115693884348246,0.4910522689457888,HOLD
2,0.23488572938070942,0.26299460858021523,0.5021196620390753,HOLD
2,0.2172217714597332,0.3585770921726261,0.4242011363676407,HOLD
2,0.22355766091640009,0.27117023016243913,0.5052721089211608,HOLD
1,0.2556400293261728,0.38803437505942684,0.3563255956144004,HOLD
1,0.12368799770121239,0.45742978873076445,0.4188822135680232,HOLD
2,0.09898130110727132,0.24769316590292798,0.6533255329898007,BUY
1,0.14055866394126612,0.5446122768018031,0.31482905925693083,HOLD
2,0.16203300182473906,0.34311479523977656,0.4948522029354843,HOLD
1,0.08472252027096988,0.6390038423301626,0.2762736373988675,HOLD
1,0.08573322352389287,0.7648304433418655,0.1494363331342417,HOLD
2,0.15505198118348132,0.33726346535383256,0.5076845534626862,HOLD
1,0.3306275611627092,0.37315838784906546,0.2962140509882253,HOLD
1,0.2471079020114174,0.40339684583393853,0.349495252154644,HOLD
2,0.314019495515956,0.25429393510710213,0.43168656937694183,HOLD
1,0.19781883306327624,0.41532748567022804,0.3868536812664958,HOLD
1,0.23633600481714812,0.41476347954533727,0.34890051563751456,HOLD
2,0.2739984415228616,0.3235434596969801,0.40245809878015826,HOLD
2,0.20842124984418628,0.2949805774705256,0.4965981726852882,HOLD
2,0.21340013040961486,0.33192145928720257,0.45467841030318257,HOLD
1,0.21105149433792122,0.42752218781065077,0.3614263178514281,HOLD
2,0.3486860611910794,0.29755029995106014,0.3537636388578604,HOLD
1,0.36128468755085597,0.3791685560743056,0.25954675637483837,HOLD
0,0.3704282565544909,0.2766007259244755,0.35297101752103366,HOLD
1,0.32429091716981356,0.4616609636124862,0.21404811921770012,HOLD
0,0.44581746165614167,0.3431094366183695,0.21107310172548882,HOLD
0,0.4193472244455401,0.3044542956257566,0.2761984799287033,HOLD
2,0.1578505565072264,0.3527313133481525,0.489418130144621,HOLD
2,0.175575356426471,0.36133161508903905,0.46309302848448997,HOLD
1,0.297266489197784,0.3818275387169797,0.3209059720852363,HOLD
2,0.19657260531464488,0.3893505491474034,0.4140768455379516,HOLD
1,0.26906734558803846,0.4277522321236927,0.3031804222882687,HOLD
1,0.3397273275258722,0.38712966852450886,0.27314300394961893,HOLD
1,0.17525306032269067,0.43270667250622613,0.3920402671710831,HOLD
1,0.23064240109732775,0.3970806769947959,0.37227692190787637,HOLD
1,0.28626883550274557,0.4260776208448483,0.28765354365240614,HOLD
1,0.2788584115901706,0.4057783599217593,0.31536322848806997,HOLD
1,0.16995767038565648,0.4376773934317823,0.3923649361825612,HOLD
1,0.31655836938520826,0.4119455398029281,0.2714960908118637,HOLD
1,0.28178134262358334,0.3661667230095312,0.3520519343668855,HOLD
0,0.4149297347749506,0.2574209969735812,0.3276492682514682,HOLD
1,0.36512470145999204,0.46470481554874127,0.17017048299126672,HOLD
1,0.1023944296540029,0.6720499193182502,0.22555565102774697,HOLD
1,0.10780083004694664,0.7461888432509165,0.14601032670213698,HOLD
1,0.20222075713952603,0.576633951856856,0.2211452910036181,HOLD
1,0.197656546644238,0.5237004781646908,0.27864297519107123,HOLD
1,0.05680754384227666,0.8070176543287807,0.13617480182894276,HOLD
1,0.21982190035596025,0.49187010671037446,0.2883079929336654,HOLD
1,0.10152842938073825,0.6925653829110557,0.2059061877082059,HOLD
1,0.3492528387890822,0.515993758333074,0.1347534028778438,HOLD
1,0.2552382222509152,0.5979626350243767,0.1467991427247082,HOLD
1,0.3192515820851103,0.440420168115712,0.24032824979917775,HOLD
0,0.4797379959275979,0.2722006191978414,0.2480613848745608,HOLD
0,0.35942820915994256,0.3457439243417265,0.29482786649833087,HOLD
0,0.4245582628770076,0.31130673898021627,0.2641349981427761,HOLD
0,0.4780987172811297,0.32974316287631755,0.19215811984255268,HOLD
1,0.30461747529015437,0.43141291815456795,0.2639696065552775,HOLD
1,0.24038913127763342,0.49242659237241987,0.26718427634994674,HOLD
1,0.1547899644932403,0.5051495506953217,0.340060484811438,HOLD
1,0.20417394137350706,0.5479115383814882,0.2479145202450047,HOLD
1,0.18568758891244505,0.5311009620612966,0.2832114490262582,HOLD
1,0.2552977850753762,0.5957533615067003,0.14894885341792344,HOLD
2,0.23378054344317978,0.3391168825105617,0.4271025740462585,HOLD
0,0.5323470041760135,0.20567669452491902,0.26197630129906746,HOLD
2,0.1879390307434017,0.34309215316637887,0.46896881609021945,HOLD
1,0.13362902739202512,0.4659545844785559,0.40041638812941893,HOLD
1,0.20209601738814148,0.4700212745325619,0.3278827080792967,HOLD
1,0.2856196569641152,0.38280508603128055,0.3315752570046043,HOLD
1,0.29473579164873703,0.42378265173464136,0.2814815566166217,HOLD
1,0.3519776966448081,0.37160461792748284,0.27641768542770917,HOLD
1,0.18578983187294645,0.449689622942293,0.36452054518476057,HOLD
2,0.317673507663673,0.3304815175109558,0.3518449748253712,HOLD
1,0.1843975391023896,0.4385514500733502,0.37705101082426024,HOLD
2,0.29371787203677296,0.33238818050233293,0.3738939474608941,HOLD
1,0.2210324818132329,0.48897503628043415,0.289992481906333,HOLD
1,0.1862722263590571,0.5659565127038904,0.24777126093705246,HOLD
1,0.23726150542429827,0.4743916827631572,0.28834681181254457,HOLD
1,0.3110730637831856,0.456519847290618,0.23240708892619646,HOLD
1,0.2806805434496088,0.45204388695377756,0.26727556959661364,HOLD
1,0.16058479602410936,0.5500854831804703,0.28932972079542035,HOLD
1,0.1687330760698681,0.5486916273728067,0.2825752965573251,HOLD
1,0.26481361445048285,0.5205390925788448,0.21464729297067245,HOLD
1,0.21299402465522893,0.5910990944917484,0.19590688085302274,HOLD
1,0.2548944378939105,0.5435980571492047,0.2015075049568849,HOLD
1,0.28145215064281215,0.5315290313947135,0.18701881796247444,HOLD
1,0.2531507220561019,0.49703624354147163,0.24981303440242658,HOLD
1,0.29458604110460435,0.3976301028440499,0.3077838560513458,HOLD
1,0.21589743036649342,0.48001403249578667,0.3040885371377198,HOLD
0,0.39296024040043076,0.3400506991822453,0.266989060417324,HOLD
0,0.4152030925082898,0.3085154211052481,0.27628148638646205,HOLD
2,0.21073963270068638,0.2897758774050223,0.4994844898942912,HOLD
2,0.36861923686342046,0.2404096701360803,0.39097109300049926,HOLD
0,0.4432741280742209,0.21804687461678465,0.3386789973089945,HOLD
1,0.311303779608414,0.3747849296453257,0.3139112907462602,HOLD
1,0.21975565960886745,0.554007093936895,0.2262372464542376,HOLD
1,0.21756955589572638,0.4728092985810117,0.3096211455232618,HOLD
1,0.10924315969131959,0.6431659577751645,0.247590882533516,HOLD
1,0.07740018719799677,0.644999592153156,0.2776002206488471,HOLD
1,0.18416540557621303,0.4932903616159323,0.3225442328078546,HOLD
1,0.1622250685063343,0.6266530183449315,0.2111219131487342,HOLD
1,0.25877393309557556,0.4143466912876135,0.32687937561681085,HOLD
1,0.33458292096188036,0.3618077979476048,0.3036092810905147,HOLD
1,0.2776514780040719,0.39931313109372485,0.3230353909022033,HOLD
1,0.3718660923851573,0.37672376719108275,0.25141014042376,HOLD
1,0.21462264357861036,0.6030231454947226,0.182354210926667,HOLD
2,0.24049668885250985,0.33512864821785177,0.4243746629296384,HOLD
1,0.3488899914702994,0.4641224274083552,0.18698758112134534,HOLD
1,0.1408254162974708,0.7519232662670389,0.10725131743549045,HOLD
2,0.33048836331388326,0.2637295847338546,0.4057820519522621,HOLD
2,0.32216671204335806,0.3073847903878281,0.37044849756881393,HOLD
2,0.2767409805691718,0.303546803979131,0.4197122154516972,HOLD
1,0.33115832948148805,0.37713970496151733,0.2917019655569947,HOLD
1,0.31357030717276396,0.43020994664403084,0.2562197461832052,HOLD
1,0.20379830430915016,0.4947627012320894,0.3014389944587606,HOLD
1,0.2654932367228502,0.43878727334375034,0.2957194899333995,HOLD
1,0.17554561356082052,0.48958953366941677,0.33486485276976263,HOLD
1,0.21452661397029316,0.4497581519199747,0.33571523410973203,HOLD
1,0.24167973193145365,0.39570020574617565,0.3626200623223706,HOLD
1,0.38237502707020415,0.4524543662132565,0.16517060671653935,HOLD
1,0.16035582590302097,0.6020791307727866,0.2375650433241924,HOLD
1,0.2926016131670496,0.41517517444009044,0.29222321239286,HOLD
1,0.18228734859308077,0.6359586526240999,0.1817539987828194,HOLD
1,0.1605479004087608,0.617450638213981,0.22200146137725818,HOLD
1,0.08078481941615316,0.7677941596326934,0.15142102095115345,HOLD
2,0.14418537105727436,0.3995956293527017,0.456218999590024,HOLD
2,0.16812273832887942,0.3660258579438544,0.46585140372726624,HOLD
2,0.2575274564384876,0.35978584080222287,0.3826867027592895,HOLD
2,0.2343553624024756,0.37586195029425823,0.3897826873032662,HOLD
2,0.2598256777515146,0.22374300243753925,0.516431319810946,HOLD
1,0.1719397617971967,0.4509157191726579,0.37714451903014545,HOLD
2,0.2712207238812087,0.3489311078094772,0.3798481683093141,HOLD
2,0.28872192839098487,0.23564622852949932,0.4756318430795158,HOLD
2,0.27651432474048177,0.29780142892730915,0.42568424633220914,HOLD
2,0.24285203990757295,0.1661922061428796,0.5909557539495474,HOLD
2,0.32761305686537623,0.20291382758578366,0.46947311554884025,HOLD
2,0.36829400022084274,0.22231932402339633,0.40938667575576104,HOLD
1,0.2439312121096212,0.5212386570898437,0.23483013080053505,HOLD
1,0.3479155778883031,0.37948599616767714,0.27259842594401973,HOLD
1,0.3496447812629908,0.4133729760467418,0.23698224269026744,HOLD
1,0.36285302739368036,0.40409116398411243,0.2330558086222072,HOLD
0,0.39290997704517794,0.35396377999259304,0.25312624296222913,HOLD
1,0.260842442186087,0.3728887961897462,0.3662687616241668,HOLD
1,0.37752789059301467,0.4119308100469675,0.21054129936001786,HOLD
0,0.37503357566151163,0.3323850872714782,0.2925813370670102,HOLD
1,0.2577511464649439,0.4854767989098177,0.25677205462523855,HOLD
1,0.3093414575994961,0.36387129280895963,0.3267872495915443,HOLD
1,0.1999573116224841,0.5504522047478603,0.24959048362965558,HOLD
1,0.266781788815652,0.42870149399899393,0.30451671718535417,HOLD
0,0.5984061261227291,0.1392921162201343,0.26230175765713654,HOLD
0,0.5752215947604565,0.18383336820546978,0.24094503703407374,HOLD
0,0.46142224244463476,0.165533919252642,0.3730438383027232,HOLD
0,0.435974656460532,0.28880464956934954,0.27522069397011856,HOLD
0,0.4273110453457828,0.30691260598473485,0.26577634866948235,HOLD
2,0.28361052593818076,0.30013076435509123,0.416258709706728,HOLD
2,0.2973804798005259,0.31366775565786986,0.3889517645416043,HOLD
1,0.2813094593600233,0.3653196551735166,0.3533708854664601,HOLD
1,0.2301730796300363,0.4332017293280569,0.33662519104190686,HOLD
1,0.22410285168621832,0.4083690402610034,0.3675281080527782,HOLD
2,0.32289299579015057,0.30538997233901194,0.37171703187083743,HOLD
2,0.3325255136123297,0.2843517387940254,0.38312274759364484,HOLD
0,0.48451461650656796,0.22485827680771917,0.29062710668571295,HOLD
1,0.33899172048680887,0.35533871565542696,0.3056695638577643,HOLD
1,0.3053984667797304,0.38143638598185914,0.31316514723841044,HOLD
2,0.26900349886485586,0.3617318052414931,0.369264695893651,HOLD
1,0.24661462263209588,0.38140915091270955,0.3719762264551945,HOLD
1,0.3154716093483349,0.3620488178135671,0.322479572838098,HOLD
1,0.30405396963443265,0.38435375205364486,0.3115922783119223,HOLD
1,0.2819244048473152,0.3626320807899209,0.35544351436276395,HOLD
2,0.2350494607093276,0.37264474627032673,0.3923057930203456,HOLD
2,0.3329593727047307,0.33330863421574436,0.333731993079525,HOLD
0,0.3970046319837055,0.3160152191476905,0.286980148868604,HOLD
2,0.3674080320891737,0.21612936854555168,0.41646259936527463,HOLD
2,0.3431264228317146,0.2614737251829911,0.3953998519852942,HOLD
0,0.4280180047870675,0.2901562893081931,0.2818257059047393,HOLD
2,0.24193805892921433,0.24427018202095807,0.5137917590498275,HOLD
2,0.23699572999191912,0.2714368265932391,0.49156744341484176,HOLD
1,0.25147827673400125,0.38019822071362724,0.3683235025523715,HOLD
2,0.31694438935054686,0.28999173402381084,0.39306387662564235,HOLD
2,0.3909080914181857,0.20993515028355186,0.3991567582982624,HOLD
2,0.29698234360829834,0.2944213867040298,0.4085962696876718,HOLD
0,0.3771455778419418,0.27411208117352587,0.34874234098453233,HOLD
2,0.23501946179625324,0.36110662680598543,0.40387391139776124,HOLD
2,0.2981582764586988,0.33491028657660554,0.36693143696469566,HOLD
2,0.1879020540191051,0.35190227874196695,0.4601956672389279,HOLD
2,0.2342236023416941,0.2981377511567353,0.46763864650157055,HOLD
2,0.1924924744347847,0.3891427739699193,0.418364751595296,HOLD
1,0.09990254379813172,0.6591679938133181,0.24092946238855012,HOLD
1,0.18465912055192385,0.4352449851543812,0.38009589429369495,HOLD
2,0.21567131773609682,0.35679515741823137,0.42753352484567186,HOLD
2,0.24972149120754508,0.37271582305707834,0.37756268573537655,HOLD
1,0.2221600446905805,0.5052846460743372,0.27255530923508237,HOLD
2,0.22112180467356882,0.37104405595136863,0.40783413937506263,HOLD
1,0.22068174747748642,0.5800747864945152,0.19924346602799847,HOLD
1,0.2297748877267035,0.4108646162276952,0.3593604960456012,HOLD
2,0.17841691613939387,0.3343148291136169,0.48726825474698937,HOLD
2,0.2723110827674596,0.32604709388179653,0.40164182335074383,HOLD
1,0.2658788538755005,0.3926268857232593,0.3414942604012403,HOLD
2,0.1871994547357515,0.4054954820725615,0.4073050631916871,HOLD
2,0.3324753485474999,0.3259686908151348,0.3415559606373653,HOLD
2,0.14007152724845112,0.313995625008503,0.5459328477430458,HOLD
1,0.21418988585311594,0.43705298973614665,0.34875712441073736,HOLD
2,0.30756411872468564,0.3265992830918432,0.36583659818347114,HOLD
1,0.30425342432580715,0.4002037913166261,0.2955427843575668,HOLD
2,0.2926603045370693,0.23543584652474292,0.4719038489381879,HOLD
1,0.2833847407524828,0.48701247485655097,0.22960278439096618,HOLD
1,0.3318289770503435,0.4278921347054543,0.2402788882442023,HOLD
0,0.39461541953123574,0.3161413441426317,0.28924323632613264,HOLD
1,0.3384128124106428,0.4146636760585427,0.2469235115308145,HOLD
2,0.3744360706981705,0.22802524091912874,0.3975386883827008,HOLD
1,0.2606751896200818,0.42425504566171934,0.3150697647181988,HOLD
1,0.27818731179500666,0.40170464568434,0.32010804252065345,HOLD
0,0.3688293266781323,0.2662555626665297,0.36491511065533805,HOLD
2,0.18359014529236203,0.36150783015408927,0.45490202455354867,HOLD
0,0.372524330265731,0.29456462131445244,0.3329110484198165,HOLD
2,0.3007346578761736,0.22785742407980225,0.47140791804402427,HOLD
1,0.34044050840644585,0.4057379152978163,0.25382157629573787,HOLD
2,0.20135272999915227,0.2877895400817774,0.5108577299190704,HOLD
2,0.1932333550782451,0.324668825950921,0.4820978189708338,HOLD
1,0.1500942167528999,0.5236078032131253,0.3262979800339748,HOLD
1,0.13497911479640717,0.465150439497283,0.39987044570630975,HOLD
2,0.15294189685098694,0.4018949538396943,0.4451631493093188,HOLD
2,0.22469431567743223,0.29831752821695595,0.4769881561056118,HOLD
2,0.2928520052356175,0.2631914373300821,0.4439565574343005,HOLD
2,0.31161596421051135,0.25902208922780606,0.4293619465616826,HOLD
0,0.3794657380286456,0.25930073162325223,0.3612335303481021,HOLD
1,0.33924088618029574,0.35028845586135077,0.31047065795835344,HOLD
0,0.41654627964328195,0.24758228509403518,0.3358714352626829,HOLD
0,0.44256157294152143,0.19179259662442083,0.36564583043405785,HOLD
0,0.45762833720753354,0.28380979550586505,0.25856186728660147,HOLD
0,0.4188128503747011,0.2772111685173869,0.3039759811079119,HOLD
0,0.571304429516267,0.24095250832535275,0.18774306215838016,HOLD
1,0.34957653059387883,0.47233311659808436,0.1780903528080368,HOLD
0,0.39083921544882183,0.2474050439984438,0.36175574055273435,HOLD
0,0.4683364270042705,0.3155625671240164,0.21610100587171316,HOLD
0,0.43216719165608813,0.3091009454753016,0.25873186286861016,HOLD
0,0.49005313327361677,0.2538325157965412,0.25611435092984197,HOLD
0,0.4014825237458092,0.39366908509354087,0.20484839116065,HOLD
1,0.31649442096679165,0.4687067882572798,0.2147987907759284,HOLD
1,0.3945289877622237,0.4204901876262869,0.18498082461148943,HOLD
1,0.3279611468776404,0.4911169403047394,0.18092191281762013,HOLD
1,0.24484101381396753,0.5948561311571308,0.1603028550289018,HOLD
1,0.21323807766010824,0.5073889486237105,0.2793729737161813,HOLD
1,0.4654464444078971,0.4919097210449187,0.04264383454718416,HOLD
0,0.6897511073363062,0.26478610463899843,0.04546278802469533,SELL
0,0.5880902925516387,0.16509366090213806,0.24681604654622322,HOLD
1,0.27337041254005995,0.4681733506987187,0.25845623676122126,HOLD
1,0.3320969581462023,0.3473618014999835,0.3205412403538141,HOLD
1,0.21414890144365664,0.49039065519367825,0.29546044336266514,HOLD
2,0.313629560990247,0.2596200085274575,0.4267504304822955,HOLD
1,0.3347623593421611,0.442856217726578,0.22238142293126087,HOLD
1,0.1965872688259998,0.4790250730321751,0.32438765814182496,HOLD
1,0.14527465928349206,0.6205840595386014,0.23414128117790653,HOLD
1,0.26633288485714685,0.46806281812137507,0.2656042970214781,HOLD
1,0.1563984581856055,0.54830671329741,0.29529482851698463,HOLD
2,0.17640995828054182,0.40798074523194755,0.41560929648751066,HOLD
2,0.22523220234138025,0.3766996684226221,0.3980681292359977,HOLD
1,0.19427730543799535,0.44508663036578944,0.3606360641962152,HOLD
2,0.2356771619340868,0.32557708924237566,0.43874574882353756,HOLD
0,0.5276134866595008,0.3144919551527228,0.15789455818777642,HOLD
0,0.4618144792344279,0.2728866511199786,0.26529886964559346,HOLD
2,0.18582588524647434,0.2679593327607698,0.5462147819927559,HOLD
2,0.08072536252560578,0.36333594247341133,0.5559386950009829,HOLD
2,0.07160393264683171,0.2728788501937911,0.6555172171593773,BUY
2,0.07671354747405966,0.12959218259847088,0.7936942699274694,BUY
2,0.0936254015866823,0.4061587206373437,0.500215877775974,HOLD
1,0.22299734692895679,0.4655585752083437,0.3114440778626996,HOLD
1,0.21480018992618902,0.5610147528322246,0.22418505724158652,HOLD
2,0.13443704415972837,0.4136124591372334,0.45195049670303833,HOLD
2,0.21633276184997569,0.35326821418269555,0.4303990239673288,HOLD
2,0.1778546048145659,0.3233923006273065,0.49875309455812755,HOLD
2,0.2088520568036639,0.2244173937576648,0.5667305494386713,HOLD
2,0.20140273322415428,0.3454208619875139,0.45317640478833177,HOLD
1,0.36479814816029793,0.4111805496640795,0.22402130217562252,HOLD
1,0.22775467595396504,0.5548143678310421,0.2174309562149928,HOLD
2,0.17269910397005958,0.2897614487330397,0.5375394472969007,HOLD
0,0.36654814420827575,0.28174812144787365,0.35170373434385066,HOLD
1,0.25032986713048494,0.39925181372428425,0.35041831914523075,HOLD
0,0.3819966464807665,0.30898185440189985,0.30902149911733373,HOLD
2,0.26033659910823614,0.17445046290074978,0.565212937991014,HOLD
1,0.29964322127956705,0.4150015085511406,0.2853552701692925,HOLD
2,0.3412727104557894,0.154498351303403,0.5042289382408076,HOLD
2,0.2521500661697655,0.34147071625228786,0.40637921757794665,HOLD
0,0.5232685371895707,0.21366822928387985,0.26306323352654953,HOLD
0,0.3984589228856537,0.2768205109219141,0.3247205661924321,HOLD
0,0.47673615251839796,0.20183420306434915,0.32142964441725286,HOLD
0,0.38528682610986376,0.3322577000365206,0.28245547385361564,HOLD
2,0.3034836925687213,0.26937462645574856,0.4271416809755301,HOLD
2,0.2715200884339702,0.24614916916230084,0.482330742403729,HOLD
2,0.09042051495266573,0.15219064378428362,0.7573888412630505,BUY
2,0.32934867459807204,0.20660501746628046,0.46404630793564744,HOLD
1,0.31953783504765415,0.3527224555541284,0.32773970939821734,HOLD
2,0.3362059731039058,0.24945679217316225,0.414337234722932,HOLD
0,0.38378570807103773,0.3368838246435734,0.2793304672853888,HOLD
0,0.38014853423707484,0.2731350947876557,0.34671637097526947,HOLD
1,0.36429780218790203,0.4471646662591915,0.18853753155290642,HOLD
0,0.4034853770709736,0.3352583925722154,0.261256230356811,HOLD
1,0.11004493347978091,0.47014647731464065,0.4198085892055784,HOLD
1,0.1161240970992016,0.47453148912538223,0.4093444137754161,HOLD
1,0.1832509968157727,0.45134241414496806,0.36540658903925927,HOLD
2,0.20175250146435647,0.19121903847043223,0.6070284600652113,BUY
2,0.12039721959966959,0.3595130905618829,0.5200896898384475,HOLD
2,0.26633366737035097,0.354640945474627,0.37902538715502204,HOLD
2,0.29768224703409313,0.31002998849396274,0.3922877644719441,HOLD
1,0.3197396182586123,0.3637720617260344,0.3164883200153533,HOLD
2,0.2682025523953618,0.22622612119263158,0.5055713264120066,HOLD
2,0.1749922327176912,0.12628082876176056,0.6987269385205482,BUY
2,0.21054674456151298,0.12131999222653238,0.6681332632119547,BUY
0,0.453628509998751,0.2906380095188927,0.2557334804823564,HOLD
0,0.5261036893956818,0.3219388485079531,0.15195746209636513,HOLD
0,0.5108659759228719,0.2846527593833721,0.20448126469375597,HOLD
0,0.428203087079935,0.25088660453177447,0.3209103083882905,HOLD
1,0.24966825198966877,0.4992219881225765,0.25110975988775486,HOLD
2,0.33416652292011517,0.1454925547183707,0.5203409223615141,HOLD
2,0.28264135894863784,0.23491820580312447,0.48244043524823754,HOLD
1,0.2629039997062692,0.3936697644918018,0.343426235801929,HOLD
2,0.30708489692158136,0.246227852167464,0.4466872509109546,HOLD
2,0.29893964806409373,0.26786175207746155,0.43319859985844467,HOLD
2,0.25661487493866497,0.29293947104672813,0.4504456540146068,HOLD
1,0.0948800643700125,0.5371860014064915,0.367933934223496,HOLD
1,0.19491988873876598,0.556213771188423,0.248866340072811,HOLD
1,0.18378201344773923,0.45282091997019375,0.36339706658206716,HOLD
1,0.1976954358427561,0.4489242622267356,0.3533803019305083,HOLD
0,0.5103194742796736,0.29100462680439587,0.19867589891593057,HOLD
2,0.2314802404855097,0.3602688440515132,0.4082509154629771,HOLD
2,0.24158938230308064,0.3196095670012165,0.4388010506957028,HOLD
0,0.35517288787704243,0.3415783906725161,0.3032487214504415,HOLD
1,0.32295185934465054,0.5587455962305695,0.11830254442477992,HOLD
1,0.3085565175955912,0.570908997755711,0.12053448464869772,HOLD
1,0.24478006542104014,0.5209008588298196,0.2343190757491403,HOLD
1,0.3184250787618793,0.5454062644079327,0.13616865683018795,HOLD
1,0.35234919600970155,0.38573622081981923,0.2619145831704793,HOLD
1,0.36841445644847637,0.452819695922043,0.17876584762948056,HOLD
0,0.5976385079346684,0.2683084272797376,0.13405306478559395,HOLD
0,0.5801560132669653,0.22106566786986234,0.19877831886317224,HOLD
1,0.359811335354527,0.40956820389155346,0.23062046075391965,HOLD
1,0.13586911934902857,0.6573521599681889,0.20677872068278252,HOLD
2,0.2824558284386726,0.21331144361082502,0.5042327279505023,HOLD
0,0.45130351693559134,0.23854447004440218,0.31015201302000645,HOLD
0,0.7086648580790244,0.18846633491387083,0.10286880700710473,SELL
0,0.6030518562480551,0.21828474106527299,0.17866340268667194,SELL
2,0.36352113248673595,0.26118288002890977,0.3752959874843543,HOLD
0,0.664822069680916,0.2547160242935237,0.08046190602556053,SELL
0,0.49169368810673775,0.2429484880323282,0.265357823860934,HOLD
2,0.27517723433549174,0.33682328585435634,0.38799947981015187,HOLD
2,0.2882448388239125,0.3550297430861421,0.35672541808994535,HOLD
2,0.11689972440948943,0.35765278231632974,0.5254474932741808,HOLD
2,0.09708081504964355,0.26433736746186237,0.6385818174884942,BUY
1,0.07803150261854318,0.5381809578607998,0.3837875395206571,HOLD
1,0.10224949191314134,0.4818033039031296,0.4159472041837291,HOLD
1,0.21071886682835783,0.4724880421623087,0.3167930910093334,HOLD
1,0.2243739372232402,0.3938907691449123,0.3817352936318475,HOLD
2,0.22535153216932935,0.3824838341275976,0.39216463370307314,HOLD
0,0.42363098060949794,0.34516791195669383,0.23120110743380834,HOLD
0,0.5602185848875874,0.2511138874133058,0.18866752769910686,HOLD
0,0.5995410660323035,0.264320155598601,0.13613877836909555,HOLD
0,0.5629327563258586,0.2814123751297238,0.15565486854441762,HOLD
0,0.36313809282555864,0.28899344670012356,0.34786846047431785,HOLD
0,0.48814749549971764,0.39380696266256804,0.11804554183771432,HOLD
0,0.5140254772493033,0.3121044900284867,0.1738700327222102,HOLD
0,0.5986249208609595,0.21638288344977707,0.18499219568926328,HOLD
0,0.4833819349919868,0.356090561871874,0.16052750313613937,HOLD
1,0.3683226960731807,0.48085262789477917,0.15082467603204022,HOLD
1,0.33018818957719387,0.5012974283232793,0.1685143820995268,HOLD
0,0.5722506206141237,0.2116063172684907,0.2161430621173856,HOLD
0,0.48406511420879667,0.37072836164381473,0.14520652414738866,HOLD
0,0.4933447406542424,0.40525178392141825,0.10140347542433936,HOLD
1,0.2329584435641966,0.6321012742905384,0.134940282145265,HOLD
1,0.32983811700326243,0.5520686825903961,0.11809320040634144,HOLD
1,0.36649781793382713,0.46976482077749326,0.1637373612886796,HOLD
0,0.43460505414909156,0.3559193989937792,0.20947554685712907,HOLD
1,0.32462670023789614,0.392344398708837,0.28302890105326695,HOLD
1,0.3811241280818128,0.45619396387225136,0.162681908045936,HOLD
0,0.37667419492980425,0.34254862621089704,0.2807771788592987,HOLD
2,0.06427613769153401,0.4645696788615186,0.4711541834469472,HOLD
1,0.23060045517954833,0.5074724934688725,0.26192705135157907,HOLD
1,0.31440258140817123,0.3920825225528632,0.2935148960389656,HOLD
1,0.2822823415330516,0.37100257775011125,0.34671508071683715,HOLD
2,0.20410163192018022,0.3642636592251514,0.4316347088546685,HOLD
0,0.36993679251099026,0.3560427573005925,0.27402045018841725,HOLD
1,0.22599547608920345,0.607412374945306,0.16659214896549057,HOLD
2,0.3278097927696449,0.26837580840852804,0.4038143988218271,HOLD
1,0.336569544046776,0.40371417884186067,0.2597162771113634,HOLD
0,0.376653192946737,0.36879512061163916,0.2545516864416239,HOLD
1,0.2819607244681611,0.4500990572081383,0.2679402183237006,HOLD
0,0.6294750847527579,0.20846753176722807,0.162057383480014,SELL
0,0.5202747654331541,0.26826724743569497,0.21145798713115105,HOLD
0,0.5683111559212739,0.2835697731606243,0.14811907091810178,HOLD
0,0.43022690290868837,0.3158892828083874,0.2538838142829242,HOLD
0,0.432406665700551,0.35607543819067217,0.21151789610877678,HOLD
0,0.49381954657679333,0.3258830137122705,0.18029743971093623,HOLD
0,0.4294214043286505,0.3541440887116563,0.21643450695969316,HOLD
1,0.27669863806002504,0.44689013472119943,0.27641122721877565,HOLD
0,0.6311167026966729,0.2188064983382278,0.1500767989650993,SELL
1,0.3513929488770455,0.39167433286701553,0.2569327182559389,HOLD
1,0.36302990921696093,0.5270424879821275,0.10992760280091163,HOLD
0,0.40984851826536717,0.2880113441940874,0.3021401375405454,HOLD
1,0.30383841647245413,0.46950334580202335,0.22665823772552254,HOLD
2,0.1985518189882032,0.24588127797818585,0.555566903033611,HOLD
0,0.42261462711303094,0.37482028631837827,0.20256508656859065,HOLD
1,0.2772758145615887,0.4891908744408983,0.23353331099751307,HOLD
1,0.34610523997440135,0.5012462920738622,0.15264846795173642,HOLD
1,0.19182625156417127,0.4883327087183092,0.3198410397175194,HOLD
1,0.33719448269011915,0.3766545586985206,0.28615095861136036,HOLD
1,0.18891641845152604,0.4858443720977006,0.32523920945077345,HOLD
2,0.33552736631446767,0.3244606622092803,0.34001197147625206,HOLD
1,0.2903509554553039,0.3839873170043814,0.32566172754031464,HOLD
1,0.31393358912427843,0.4414146813205889,0.2446517295551327,HOLD
2,0.18403670516645904,0.34466739794340895,0.47129589689013196,HOLD
1,0.10382638145888101,0.4924206772348128,0.40375294130630623,HOLD
2,0.23366017771051975,0.26825743801175805,0.4980823842777223,HOLD
2,0.07935514073921254,0.36518796517564883,0.5554568940851385,HOLD
2,0.1765569358587954,0.33840194043033894,0.48504112371086583,HOLD
2,0.07618468993589998,0.32664286457861935,0.5971724454854807,HOLD
2,0.05946241858993076,0.2861096604560765,0.6544279209539928,BUY
2,0.09771299864161197,0.383891434695294,0.5183955666630939,HOLD
1,0.1255374858909412,0.5109198223685336,0.3635426917405252,HOLD
2,0.15262195223284647,0.3530688079023809,0.49430923986477265,HOLD
2,0.06427936727844483,0.26193960459273374,0.6737810281288213,BUY
2,0.04454264983895106,0.34809109748401057,0.6073662526770384,BUY
1,0.05953729434999839,0.7654807492127785,0.174981956437223,HOLD
1,0.12341276149292739,0.49267219863881945,0.38391503986825315,HOLD
1,0.15574304016282062,0.4910535278971823,0.3532034319399971,HOLD
2,0.19052933249151927,0.3871961022673922,0.4222745652410886,HOLD
1,0.21750275963624957,0.4514681561802622,0.3310290841834883,HOLD
0,0.39813193227180144,0.3064189316045349,0.29544913612366364,HOLD
0,0.47198519037109954,0.2630605586879208,0.2649542509409797,HOLD
1,0.0867498996795765,0.4988548326662977,0.4143952676541258,HOLD
1,0.11764089235593096,0.4847216925545073,0.3976374150895617,HOLD
2,0.11320103502952716,0.369890231423861,0.5169087335466118,HOLD
2,0.14245810309235954,0.37325065500074806,0.48429124190689254,HOLD
1,0.2748794292294846,0.5253046814860799,0.19981588928443553,HOLD
1,0.12429171646214765,0.5745146294930272,0.30119365404482507,HOLD
1,0.15215042130353787,0.591675146509651,0.25617443218681113,HOLD
2,0.30438997039045296,0.3346622235417438,0.3609478060678033,HOLD
0,0.38454641438473874,0.27906609551693795,0.3363874900983233,HOLD
1,0.3021660117709835,0.43176429525810983,0.26606969297090655,HOLD
0,0.36363757597227175,0.2902079665056605,0.3461544575220678,HOLD
1,0.3161268982680257,0.39690051208905225,0.28697258964292205,HOLD
0,0.3704630407549102,0.30933095837997737,0.32020600086511236,HOLD
1,0.27449189675998475,0.45167321483011624,0.27383488840989895,HOLD
1,0.23921266595834215,0.40310083614154396,0.357686497900114,HOLD
1,0.16596399540717977,0.48091126381702387,0.35312474077579636,HOLD
1,0.11430990250114612,0.6290780849926418,0.25661201250621196,HOLD
1,0.14699028804116757,0.5122779109613721,0.34073180099746025,HOLD
1,0.1308599006083967,0.5006970725980973,0.36844302679350593,HOLD
1,0.05675337661485776,0.835942972506844,0.10730365087829813,HOLD
1,0.18741675357432802,0.6317611786022009,0.18082206782347104,HOLD
1,0.1620831179881165,0.7023609807835215,0.135555901228362,HOLD
1,0.30916292497358755,0.37202752111003345,0.31880955391637905,HOLD
0,0.3561794553646952,0.322102514560839,0.32171803007446576,HOLD
0,0.41191087820551764,0.25756240749397613,0.3305267143005062,HOLD
1,0.3112975338523974,0.3897684242960993,0.2989340418515034,HOLD
1,0.31514441859107173,0.3799203269713074,0.3049352544376208,HOLD
1,0.22293019592247898,0.42925596827261825,0.3478138358049028,HOLD
2,0.2640752504133322,0.33988828238743063,0.39603646719923713,HOLD
2,0.3135586373638247,0.27027227724790737,0.41616908538826797,HOLD
2,0.32835434879171504,0.2180866559789509,0.45355899522933407,HOLD
2,0.15038506885477748,0.3301361932416591,0.5194787379035634,HOLD
2,0.2127286686850266,0.2688081423933937,0.5184631889215797,HOLD
2,0.1419712562242751,0.36984581813309225,0.48818292564263266,HOLD
2,0.12841221690305527,0.26886051624548374,0.6027272668514609,BUY
2,0.16868475553842457,0.21694501111053077,0.6143702333510446,BUY
2,0.12750217558103602,0.15521030634042374,0.7172875180785402,BUY
2,0.135704076258311,0.10896182526822594,0.755334098473463,BUY
2,0.14717844247551892,0.22787314513694062,0.6249484123875404,BUY
2,0.09236830719785166,0.23210833784308912,0.6755233549590592,BUY
2,0.12324570339100827,0.2875570910069063,0.5891972056020854,HOLD
2,0.10048084982722236,0.24315005427518974,0.6563690958975879,BUY
2,0.1317260556848648,0.3402570690667218,0.5280168752484133,HOLD
2,0.13838321363307654,0.35953678058168764,0.5020800057852358,HOLD
2,0.16056875348218885,0.3162830325559486,0.5231482139618626,HOLD
2,0.27672389750517984,0.21344698714244859,0.5098291153523715,HOLD
2,0.13030912664334987,0.2097957272287909,0.6598951461278592,BUY
2,0.09364107661939657,0.19587464530678864,0.7104842780738149,BUY
2,0.13316858277323626,0.23888135107790986,0.6279500661488538,BUY
1,0.09093509016294127,0.4762986771520048,0.4327662326850539,HOLD
2,0.18137951584153825,0.21076592318716383,0.6078545609712979,BUY
2,0.13701071817811597,0.19074668593623134,0.6722425958856527,BUY
2,0.1546807628361133,0.15139060694537132,0.6939286302185155,BUY
2,0.17409713564280369,0.21908506106165648,0.6068178032955398,BUY
2,0.1703546869756188,0.20504567483144517,0.6245996381929361,BUY
2,0.15843358577480715,0.2943380708492631,0.5472283433759297,HOLD
2,0.11465973203499048,0.2416878567569186,0.6436524112080909,BUY
1,0.15302393544282558,0.5570448653795212,0.28993119917765314,HOLD
1,0.11009018204891136,0.45016787389574126,0.43974194405534733,HOLD
1,0.14112803324860212,0.5671252296268968,0.2917467371245011,HOLD
1,0.21144805804517577,0.4680931954130355,0.32045874654178863,HOLD
1,0.0637376253540187,0.6589976600984873,0.27726471454749413,HOLD
1,0.18241490371332522,0.4653788496176187,0.35220624666905614,HOLD
2,0.12048181366330284,0.39482992032815406,0.484688266008543,HOLD
1,0.16098283027955929,0.507431935904186,0.3315852338162547,HOLD
2,0.23898610263236778,0.21571128867631004,0.5453026086913222,HOLD
2,0.2324439662260114,0.3019242554536455,0.4656317783203431,HOLD
2,0.19796987926927212,0.1852527295783912,0.6167773911523367,BUY
2,0.2933170459761551,0.2741060844953471,0.4325768695284979,HOLD
2,0.19307083390521454,0.1754756407819445,0.631453525312841,BUY
2,0.16063859859001384,0.2009659312609997,0.6383954701489863,BUY
2,0.11808716761686584,0.24445115141594917,0.637461680967185,BUY
2,0.16516263892772443,0.32068572898693526,0.5141516320853403,HOLD
1,0.11538106578310947,0.4604281852921994,0.4241907489246911,HOLD
1,0.06464444348342781,0.5865317236830941,0.348823832833478,HOLD
2,0.12374586339121736,0.1824413309089505,0.6938128056998322,BUY
2,0.17638735558348212,0.237254734899371,0.5863579095171468,HOLD
2,0.10215125754822123,0.24793068679961974,0.6499180556521591,BUY
2,0.10699923798979853,0.14321311184669525,0.7497876501635061,BUY
2,0.2221789521299807,0.23043511128924415,0.5473859365807751,HOLD
2,0.20902853028869675,0.22273303658352964,0.5682384331277736,HOLD
2,0.17800498574553053,0.2741745680270869,0.5478204462273826,HOLD
1,0.1463694128454427,0.4412074672259276,0.4124231199286297,HOLD
0,0.40532292344639503,0.29640882323414547,0.2982682533194596,HOLD
2,0.3483196459946627,0.1634683751568304,0.4882119788485069,HOLD
2,0.2040456372941068,0.14523052014753685,0.6507238425583564,BUY
2,0.2544682799650706,0.24780588386658256,0.4977258361683468,HOLD
2,0.22371893867605025,0.12290528313354132,0.6533757781904084,BUY
2,0.28202055865008363,0.2320704944051764,0.48590894694474007,HOLD
2,0.18463699847930182,0.1325503704028291,0.6828126311178689,BUY
2,0.3939637198194968,0.18556251445744554,0.4204737657230577,HOLD
2,0.37720136851738323,0.2049751303193131,0.41782350116330363,HOLD
2,0.3303760713576388,0.22868329222497355,0.44094063641738773,HOLD
2,0.1851734991339698,0.40143096747489804,0.41339553339113216,HOLD
2,0.17097385174429455,0.3066231770965704,0.522402971159135,HOLD
2,0.1402489885071472,0.3214165705069352,0.5383344409859177,HOLD
2,0.17093573401176443,0.37484654983857996,0.4542177161496555,HOLD
2,0.16077160227465798,0.3726318390872955,0.46659655863804655,HOLD
2,0.0927342018297561,0.42184438792203255,0.4854214102482112,HOLD
1,0.15991572807398685,0.4504633391406031,0.38962093278541,HOLD
2,0.20971735302688796,0.2753592115614563,0.5149234354116556,HOLD
0,0.457996603948683,0.23264296600125348,0.3093604300500635,HOLD
1,0.33648143819652543,0.34275692598056756,0.32076163582290707,HOLD
0,0.4011145787544669,0.1992370899437402,0.39964833130179295,HOLD
0,0.3975891222131017,0.33236563832439137,0.270045239462507,HOLD
0,0.37375870004552314,0.3245254660869225,0.30171583386755435,HOLD
2,0.2791537917265263,0.27711075574385713,0.4437354525296166,HOLD
2,0.20028955038020757,0.3876935616392587,0.41201688798053365,HOLD
1,0.1556747291724581,0.6324512053919549,0.21187406543558707,HOLD
1,0.3131466670158195,0.40395407079058276,0.28289926219359773,HOLD
1,0.2981122934719311,0.4230407216756511,0.27884698485241793,HOLD
1,0.2766877247617865,0.39310107202696426,0.3302112032112493,HOLD
1,0.17177618880961362,0.5663913521999395,0.2618324589904468,HOLD
2,0.2814745844514816,0.2547277401365993,0.46379767541191896,HOLD
1,0.2703038557964053,0.45313862272216093,0.27655752148143375,HOLD
1,0.3060064092164826,0.3943787733711038,0.29961481741241364,HOLD
1,0.21241782032496365,0.42414924460823417,0.3634329350668023,HOLD
1,0.30514526456889896,0.43547071463337117,0.2593840207977298,HOLD
1,0.21731366716816247,0.39243082749558683,0.3902555053362507,HOLD
1,0.1767528414473363,0.44518985675559175,0.3780573017970719,HOLD
2,0.1932776522071169,0.29916550435973543,0.5075568434331477,HOLD
2,0.149758334278078,0.3366193816756961,0.5136222840462259,HOLD
2,0.19038792894949544,0.2304742971039459,0.5791377739465586,HOLD
2,0.19796741067977205,0.3278847880045301,0.47414780131569784,HOLD
2,0.3569605401090857,0.2563016205955433,0.3867378392953709,HOLD
0,0.41110204368818337,0.3120653214988658,0.27683263481295095,HOLD
2,0.17116556080108075,0.3240259952094139,0.5048084439895054,HOLD
2,0.23913535888422247,0.3593439039658406,0.401520737149937,HOLD
1,0.2047789122696063,0.44485563844925435,0.3503654492811394,HOLD
1,0.12475069463927377,0.4498100796492401,0.42543922571148607,HOLD
2,0.1756181987894067,0.3185246633707422,0.5058571378398511,HOLD
2,0.09660705296877264,0.21981248948866539,0.6835804575425619,BUY
1,0.20472684889607576,0.430579296097433,0.36469385500649115,HOLD
0,0.45300921445870024,0.2718768758073537,0.27511390973394617,HOLD
0,0.5041363080826468,0.3116973407116334,0.18416635120571986,HOLD
0,0.4537863497068284,0.3388753959389515,0.20733825435422004,HOLD
1,0.21515795528136425,0.46194844334766744,0.32289360137096845,HOLD
1,0.1720994596494636,0.480629324819489,0.3472712155310473,HOLD
1,0.23259875301604158,0.41815771472245195,0.3492435322615064,HOLD
1,0.27416798482244054,0.4900831549045302,0.23574886027302933,HOLD
1,0.3061842755707044,0.46316878159750247,0.23064694283179304,HOLD
0,0.4533823112332831,0.31678760389274463,0.22983008487397225,HOLD
1,0.3449129053793537,0.362623417085543,0.2924636775351032,HOLD
0,0.4509896829837779,0.3069093405584602,0.24210097645776188,HOLD
0,0.45645269765440943,0.3361984641901451,0.20734883815544553,HOLD
0,0.5029832889886405,0.3432122981395624,0.15380441287179722,HOLD
0,0.47967337027080736,0.2990851858514461,0.2212414438777464,HOLD
0,0.4651393906759994,0.2998084957582593,0.2350521135657411,HOLD
0,0.5660871099049782,0.2407090169362866,0.1932038731587353,HOLD
2,0.3803466094410291,0.23464998632395404,0.3850034042350169,HOLD
0,0.37040548492024183,0.32906882239705093,0.3005256926827071,HOLD
1,0.272158732709884,0.5338524233225568,0.1939888439675592,HOLD
1,0.2879482359968034,0.49415488873719965,0.21789687526599688,HOLD
1,0.2377842492177269,0.5007375370052269,0.26147821377704616,HOLD
1,0.3026855306669039,0.38924709201340496,0.308067377319691,HOLD
1,0.28970085296844483,0.4862736029569782,0.22402554407457698,HOLD
1,0.34859689379174325,0.45048682257054945,0.20091628363770725,HOLD
1,0.29645090994361567,0.40128325531440334,0.30226583474198104,HOLD
2,0.28331471104536815,0.32908964491631904,0.3875956440383127,HOLD
2,0.38791885677398535,0.2100039768563743,0.40207716636964036,HOLD
1,0.28271611545018993,0.3851087422095534,0.3321751423402567,HOLD
2,0.2877023018267498,0.3533174823772087,0.3589802157960415,HOLD
1,0.3523215669450056,0.4389951820199211,0.2086832510350732,HOLD
1,0.3436835879154394,0.4124139101861838,0.24390250189837698,HOLD
1,0.282119476522245,0.38978077550427526,0.32809974797347974,HOLD
1,0.262634394366434,0.5480320233842583,0.18933358224930777,HOLD
1,0.23553504509432688,0.5640829284882581,0.20038202641741507,HOLD
1,0.34810505915891105,0.46927706535507463,0.1826178754860144,HOLD
1,0.3653566531121854,0.4237425432920225,0.21090080359579202,HOLD
0,0.41430171844576824,0.33195414370534176,0.25374413784889,HOLD
2,0.27669789098520775,0.34157894533349337,0.3817231636812989,HOLD
0,0.48135877475602473,0.27196937480348776,0.24667185044048753,HOLD
1,0.2857129485986361,0.48723533049675816,0.22705172090460574,HOLD
1,0.36481317024202203,0.3926853333999661,0.24250149635801194,HOLD
1,0.3039962866796176,0.48994902134953394,0.20605469197084844,HOLD
1,0.2647559719736125,0.4708944594488157,0.26434956857757186,HOLD
0,0.42700811034957237,0.30798150343733777,0.26501038621308987,HOLD
2,0.3888838507919254,0.21521287062474817,0.3959032785833264,HOLD
2,0.2637620066738304,0.11514866400604512,0.6210893293201245,BUY
2,0.22881945796784028,0.37506439551552323,0.3961161465166365,HOLD
1,0.3199107912324205,0.43974947971849604,0.24033972904908346,HOLD
0,0.3923304156674788,0.35536798778286105,0.2523015965496602,HOLD
1,0.27846322397212936,0.39642122506227684,0.3251155509655939,HOLD
0,0.4419249134420621,0.2925288445911546,0.26554624196678334,HOLD
2,0.35259673499763095,0.28669438989913437,0.3607088751032347,HOLD
0,0.38642071764989716,0.30540994980905195,0.30816933254105106,HOLD
0,0.4229181482299889,0.22298883633428668,0.3540930154357244,HOLD
0,0.5427518438627146,0.37754474836088275,0.07970340777640271,HOLD
2,0.2701369377480596,0.3423018481300484,0.387561214121892,HOLD
2,0.3773574560235077,0.19149532847535627,0.43114721550113594,HOLD
1,0.2754739876844491,0.4340740591470203,0.2904519531685307,HOLD
0,0.4173981074420011,0.28016818449643677,0.3024337080615622,HOLD
0,0.41145992130510783,0.3038105866827325,0.2847294920121597,HOLD
1,0.3650270922727156,0.4058535173685097,0.2291193903587747,HOLD
1,0.22593974495250624,0.5115579452132303,0.2625023098342635,HOLD
0,0.4635263869604267,0.3024381317441269,0.23403548129544632,HOLD
1,0.20061240742065906,0.46630706013737266,0.3330805324419682,HOLD
2,0.21747306285109472,0.38783443055484657,0.3946925065940587,HOLD
2,0.1405718294827865,0.24247971032378043,0.616948460193433,BUY
1,0.2295831598089687,0.5449505113418044,0.2254663288492269,HOLD
1,0.22719646796877435,0.44925361966411403,0.3235499123671116,HOLD
2,0.18377979376900735,0.18263068036257993,0.6335895258684127,BUY
0,0.4126709242505189,0.31428342129708214,0.2730456544523989,HOLD
2,0.31267261061130347,0.2682320218092291,0.4190953675794673,HOLD
0,0.38655479864021414,0.25561307069033684,0.357832130669449,HOLD
1,0.23577524347949066,0.44417838258672904,0.32004637393378027,HOLD
0,0.37928913714429974,0.268897988722879,0.35181287413282114,HOLD
0,0.4393474963294866,0.36323064711289027,0.19742185655762318,HOLD
1,0.34453383000422727,0.354639421846763,0.30082674814900984,HOLD
2,0.24772398753907438,0.3546691157769006,0.397606896684025,HOLD
1,0.3427424946722186,0.36864052595480923,0.2886169793729722,HOLD
2,0.3150275863374038,0.25031646232316157,0.4346559513394346,HOLD
1,0.2963046987011324,0.40288351796466976,0.3008117833341979,HOLD
1,0.3370056984331361,0.3458582340123083,0.3171360675545556,HOLD
2,0.27107023153193044,0.34382516825135057,0.3851046002167189,HOLD
1,0.23680804815777964,0.4551229010573699,0.30806905078485036,HOLD
1,0.32441950606452385,0.4345484124075259,0.24103208152795022,HOLD
1,0.2259409559084838,0.4734317026027692,0.30062734148874704,HOLD
1,0.23302373879158725,0.537057887128623,0.22991837407978985,HOLD
2,0.0899380618360768,0.194554265463138,0.7155076727007852,BUY
2,0.2855278014750712,0.34232545512883816,0.3721467433960907,HOLD
2,0.26756407546660116,0.2309694064737021,0.5014665180596968,HOLD
1,0.36507454850937315,0.39330800112899794,0.2416174503616289,HOLD
2,0.2586083166188093,0.12581474335101062,0.6155769400301802,BUY
2,0.2006234170874645,0.14178015749385833,0.6575964254186771,BUY
2,0.3173612797754848,0.06334788943670089,0.6192908307878144,BUY
2,0.13335812197204214,0.12086572803587227,0.7457761499920855,BUY
2,0.32355578098654153,0.19547613465387653,0.48096808435958205,HOLD
2,0.1544259005256196,0.1365142761985134,0.7090598232758669,BUY
2,0.19634033965928702,0.09776816331459413,0.7058914970261189,BUY
2,0.16417763783047745,0.18022247745013947,0.655599884719383,BUY
2,0.3139336955118799,0.11005943517920512,0.576006869308915,HOLD
2,0.3060707415500382,0.25876113052469113,0.43516812792527065,HOLD
2,0.2920154898000192,0.14619586800886397,0.5617886421911169,HOLD
2,0.28861411070330845,0.12105651504119364,0.590329374255498,HOLD
2,0.30369473710459205,0.2008336807291585,0.4954715821662495,HOLD
2,0.19495697399198753,0.19062509145876325,0.6144179345492492,BUY
2,0.3128017567332986,0.18578444773517283,0.5014137955315286,HOLD
2,0.24530880621888604,0.12530183541256099,0.629389358368553,BUY
2,0.1823986120110592,0.1634442589936409,0.6541571289953,BUY
2,0.342039192422404,0.13513093288953779,0.5228298746880582,HOLD
1,0.22529961057086675,0.44099215407816567,0.33370823535096766,HOLD
2,0.13245385813789348,0.2268726573316168,0.6406734845304897,BUY
2,0.15347622218236529,0.3480954514733566,0.498428326344278,HOLD
2,0.2816557688931807,0.16752821827512854,0.5508160128316907,HOLD
2,0.2905751392446137,0.25918466467565987,0.4502401960797264,HOLD
2,0.3725565253065133,0.19285971300872415,0.4345837616847625,HOLD
2,0.27351606793568833,0.30570267629223646,0.4207812557720752,HOLD
2,0.4372201319291023,0.07842679761908303,0.4843530704518147,HOLD
0,0.519197339393568,0.09135656420559901,0.3894460964008329,HOLD
2,0.32621143678799386,0.10917098478741831,0.5646175784245878,HOLD
2,0.053867973802209014,0.04350593802166834,0.9026260881761227,BUY
2,0.391624184964974,0.12609988479694706,0.482275930238079,HOLD
2,0.2883822779211977,0.15958194744729487,0.5520357746315074,HOLD
0,0.4665636467486053,0.16171129896634598,0.3717250542850487,HOLD
2,0.13113837266804562,0.33593149078372414,0.5329301365482303,HOLD
2,0.2239292847482435,0.2182888859497495,0.5577818293020069,HOLD
2,0.36126591623816434,0.11012556490317285,0.5286085188586629,HOLD
2,0.1364767988587541,0.27369872078669727,0.5898244803545486,HOLD
2,0.3039236499922166,0.17553609482467303,0.5205402551831104,HOLD
2,0.2576299170727269,0.2303379124301275,0.5120321704971456,HOLD
2,0.3438885177956497,0.25725310273334845,0.39885837947100183,HOLD
2,0.2823963828218724,0.25928904331705793,0.45831457386106966,HOLD
2,0.17485775816077728,0.18280645589148792,0.6423357859477348,BUY
1,0.30666790106723196,0.3582636434179328,0.33506845551483533,HOLD
0,0.4510333107965243,0.3434996247332984,0.2054670644701772,HOLD
2,0.3637300366925768,0.24592580468449865,0.39034415862292443,HOLD
1,0.36139420637535696,0.4168635981006378,0.2217421955240052,HOLD
0,0.42469369984494576,0.33035683089552653,0.24494946925952776,HOLD
1,0.2834528271948348,0.5020158444804426,0.21453132832472271,HOLD
1,0.2346479857655507,0.42058025818994116,0.34477175604450805,HOLD
0,0.38021884416794394,0.2518890885652728,0.36789206726678336,HOLD
1,0.2640636898885749,0.42138805109736793,0.3145482590140571,HOLD
1,0.2867242777446129,0.4200675304543302,0.2932081918010569,HOLD
2,0.3145229842624047,0.3296711745531969,0.35580584118439845,HOLD
0,0.42186166236492695,0.3161577825399483,0.26198055509512486,HOLD
1,0.32396260620135287,0.37156492924540707,0.3044724645532401,HOLD
2,0.3323681027744469,0.32965831864508405,0.33797357858046906,HOLD
0,0.4121094278161738,0.2843333371210619,0.30355723506276433,HOLD
1,0.31254133841506077,0.41827755406801925,0.2691811075169198,HOLD
0,0.4793551252507844,0.286065171067108,0.2345797036821077,HOLD
1,0.3188202740086887,0.4398287743337091,0.24135095165760218,HOLD
1,0.229189856236091,0.42314413036657783,0.3476660133973312,HOLD
1,0.32223155575468265,0.46747223606927973,0.21029620817603759,HOLD
0,0.35312517683483474,0.32186975160745596,0.3250050715577093,HOLD
1,0.28052513878791147,0.4059982354535365,0.31347662575855195,HOLD
2,0.30578407925845064,0.2493299925707849,0.4448859281707645,HOLD
0,0.3441732443349107,0.3402027911421187,0.31562396452297053,HOLD
2,0.15806798292910748,0.38652520327781187,0.4554068137930808,HOLD
2,0.3228677350723367,0.30393303275464,0.3731992321730233,HOLD
2,0.16309806218221265,0.3505992377727153,0.4863027000450721,HOLD
2,0.18827389546689358,0.3686046429307149,0.4431214616023917,HOLD
0,0.4113462596659522,0.3038510844301736,0.2848026559038742,HOLD
1,0.2611341834677065,0.45084416905073554,0.28802164748155784,HOLD
1,0.11986997423172063,0.5770895113644098,0.30304051440386964,HOLD
2,0.24168627906791793,0.34852070860415885,0.40979301232792337,HOLD
1,0.30286439976181767,0.5151221794606126,0.1820134207775697,HOLD
0,0.5048656046008835,0.2624500824576471,0.2326843129414694,HOLD
1,0.3125277230540815,0.5921767293829665,0.09529554756295204,HOLD
2,0.19947734775492637,0.31062155947071035,0.4899010927743633,HOLD
2,0.17147554463153403,0.12884723173868134,0.6996772236297847,BUY
2,0.3621531305357,0.1613669745281466,0.47647989493615356,HOLD
2,0.337835570077243,0.21864576555979348,0.44351866436296356,HOLD
0,0.38171359455930537,0.27336078788301443,0.3449256175576802,HOLD
0,0.40057523322329225,0.3491521230762311,0.2502726437004766,HOLD
2,0.3100722496205196,0.2993203936161704,0.39060735676331004,HOLD
1,0.2691893194698402,0.5395931711713667,0.19121750935879303,HOLD
2,0.1254908190028193,0.2066031118437272,0.6679060691534534,BUY
2,0.2552697954089559,0.35444055323526164,0.39028965135578253,HOLD
1,0.13894398695603002,0.6489712530168841,0.21208476002708587,HOLD
1,0.1551436168220393,0.6598303240742469,0.18502605910371378,HOLD
1,0.34435289335340274,0.5146274008709235,0.14101970577567388,HOLD
1,0.3225295533319046,0.35388530290857556,0.3235851437595199,HOLD
1,0.20730201026774445,0.5578694175486729,0.23482857218358272,HOLD
1,0.14927221897023898,0.6973586133331718,0.15336916769658906,HOLD
1,0.3391171875545858,0.5711674303274231,0.08971538211799097,HOLD
1,0.3850066536152859,0.5223381511499398,0.09265519523477432,HOLD
0,0.4292143088550737,0.3806355973746022,0.19015009377032407,HOLD
0,0.36665431702289253,0.33795266316583833,0.2953930198112692,HOLD
1,0.16230859221472568,0.4866672601177796,0.3510241476674947,HOLD
1,0.15363968458838234,0.5020834988090339,0.3442768166025838,HOLD
1,0.35493231327448194,0.494335508131514,0.15073217859400412,HOLD
1,0.38291652724524355,0.3915736971377315,0.22550977561702484,HOLD
1,0.24479295091862893,0.5317750935670361,0.22343195551433492,HOLD
1,0.25716699192467474,0.4267963722425226,0.3160366358328028,HOLD
2,0.29927754992477384,0.3014696838254408,0.3992527662497854,HOLD
0,0.4824242542790472,0.28552283999888517,0.23205290572206758,HOLD
2,0.3334526711742055,0.29740282080592073,0.3691445080198737,HOLD
1,0.4217676111856901,0.44130056252188743,0.13693182629242245,HOLD
0,0.37868530441257486,0.3250077157280397,0.2963069798593853,HOLD
0,0.4080156687498321,0.25829398856194424,0.3336903426882236,HOLD
2,0.3808969420914531,0.1589437938424822,0.46015926406606467,HOLD
1,0.1613591574617498,0.5488285920488855,0.28981225048936465,HOLD
1,0.37411411425257834,0.44190590658143325,0.18397997916598854,HOLD
2,0.26614977283901775,0.30650718682667516,0.4273430403343071,HOLD
1,0.28846290318610995,0.37818529602797085,0.3333518007859191,HOLD
1,0.3050936605875193,0.4699869020340222,0.2249194373784584,HOLD
2,0.10656186062413739,0.42734482401069557,0.46609331536516707,HOLD
0,0.41300687070013076,0.2290485025768838,0.35794462672298544,HOLD
1,0.17140363607218975,0.5091460601950785,0.3194503037327317,HOLD
2,0.31275502101527053,0.28841818488476956,0.39882679409996,HOLD
2,0.11646018549456985,0.38265536729699007,0.50088444720844,HOLD
2,0.14856680307403086,0.3133627616319382,0.5380704352940309,HOLD
1,0.19809887934056772,0.41274311388684204,0.3891580067725902,HOLD
2,0.2857357831875234,0.30514204243121434,0.4091221743812623,HOLD
2,0.3579621518329178,0.22379884727081503,0.41823900089626714,HOLD
1,0.24562692785973525,0.386419448758369,0.36795362338189586,HOLD
1,0.14325116361912113,0.4474280582929532,0.40932077808792566,HOLD
2,0.1368564004932238,0.3397128716195513,0.5234307278872249,HOLD
2,0.1974851870437632,0.3487723011261297,0.4537425118301071,HOLD
2,0.16333353371615583,0.2803498413725992,0.5563166249112449,HOLD
2,0.26322248504541373,0.29593876892058985,0.4408387460339963,HOLD
2,0.2627308156979488,0.2637173235795187,0.47355186072253247,HOLD
2,0.2434978812680443,0.2791055143061547,0.477396604425801,HOLD
1,0.20723788147261832,0.5041669484529802,0.2885951700744015,HOLD
2,0.1531030063563932,0.3309169057182545,0.5159800879253522,HOLD
2,0.16235197161054588,0.28450813335399705,0.553139895035457,HOLD
2,0.3051050172708459,0.1764923811809592,0.518402601548195,HOLD
1,0.34335227133578916,0.4753649099047091,0.1812828187595018,HOLD
2,0.18586030275633114,0.3237370515801853,0.49040264566348346,HOLD
1,0.30952342472374633,0.376400607239457,0.3140759680367966,HOLD
2,0.28419904181033484,0.30000866272223065,0.4157922954674345,HOLD
2,0.18803975753584715,0.3453929949991476,0.4665672474650053,HOLD
2,0.2172796495576393,0.37129166175258427,0.41142868868977656,HOLD
1,0.24498672063927368,0.43562453811229407,0.3193887412484321,HOLD
1,0.2722637556600355,0.4419260873334606,0.2858101570065038,HOLD
2,0.3020323084280036,0.17362776683944015,0.5243399247325562,HOLD
1,0.12104945891788288,0.6547377135931544,0.22421282748896273,HOLD
1,0.08093952899699122,0.6108520770430466,0.3082083939599621,HOLD
2,0.1927216539770062,0.3888468523069036,0.4184314937160901,HOLD
1,0.2809719518262142,0.5108534471506068,0.208174601023179,HOLD
2,0.1511610684437167,0.3462068834426274,0.5026320481136559,HOLD
2,0.2998114738714092,0.259083557793871,0.44110496833471974,HOLD
2,0.25555710963776657,0.3542406959213748,0.3902021944408586,HOLD
2,0.2775358383026117,0.2634794388898935,0.4589847228074948,HOLD
2,0.25585548803912106,0.36193354437695213,0.3822109675839268,HOLD
1,0.23726739532198488,0.39893145663018126,0.3638011480478339,HOLD
2,0.192292859189157,0.29667670748555586,0.5110304333252872,HOLD
2,0.2680494734676065,0.3408989826076542,0.39105154392473934,HOLD
2,0.21367112274761407,0.19700812545162102,0.5893207518007649,HOLD
2,0.18923734335112202,0.1800389844457377,0.6307236722031403,BUY
2,0.12849450987761504,0.19929151636715584,0.6722139737552292,BUY
2,0.28215706590049383,0.32179789449570234,0.3960450396038038,HOLD
2,0.365708372576505,0.26370621008119394,0.370585417342301,HOLD
1,0.2992261056686614,0.3630738821670615,0.33770001216427714,HOLD
0,0.3503356616875993,0.34434210125541515,0.30532223705698563,HOLD
2,0.27397815081551274,0.3536494196743414,0.3723724295101459,HOLD
2,0.3264073341958078,0.30898662298401647,0.3646060428201757,HOLD
1,0.20544155581526616,0.4008207296886535,0.3937377144960803,HOLD
2,0.2699364961692542,0.3603553256901666,0.3697081781405791,HOLD
1,0.22280145430708512,0.44914744538500745,0.32805110030790735,HOLD
1,0.21146610304812827,0.42752993452321986,0.3610039624286518,HOLD
1,0.13113749364473548,0.5295702241833652,0.3392922821718994,HOLD
2,0.24963512155328196,0.32179343462395094,0.4285714438227672,HOLD
1,0.19947520396806487,0.41970254945649976,0.38082224657543523,HOLD
2,0.21647755834458918,0.3867813558027982,0.3967410858526126,HOLD
1,0.29300843915871494,0.4008173537061492,0.306174207135136,HOLD
0,0.41605067500673454,0.2635807216828265,0.3203686033104391,HOLD
1,0.2903518701277367,0.4701363675407786,0.23951176233148458,HOLD
2,0.31806321220575406,0.29415542809903206,0.3877813596952139,HOLD
0,0.36675092841716317,0.3193264745862508,0.31392259699658603,HOLD
1,0.27890608321537735,0.40954535304109957,0.31154856374352313,HOLD
0,0.4354294582361711,0.2634722961490251,0.3010982456148039,HOLD
0,0.4493149316077588,0.28725468547803906,0.2634303829142021,HOLD
0,0.42177989680297345,0.2851592756695863,0.2930608275274402,HOLD
0,0.44852970190313723,0.2783087123269093,0.27316158576995336,HOLD
0,0.411905613122904,0.2531035387147111,0.33499084816238484,HOLD
0,0.41355988823811574,0.2956382727829353,0.2908018389789489,HOLD
0,0.5278890052260835,0.1950526516743998,0.27705834309951666,HOLD
2,0.3258504910179598,0.2696988950315062,0.40445061395053405,HOLD
0,0.47612042914408026,0.1967206370791406,0.32715893377677907,HOLD
0,0.3962702819023529,0.2790353838910501,0.32469433420659694,HOLD
1,0.2807300118489915,0.37744142353158583,0.3418285646194226,HOLD
1,0.20808097538841422,0.6112113341387186,0.1807076904728672,HOLD
1,0.31908011933466246,0.3576867465650372,0.3232331341003004,HOLD
1,0.315425114016499,0.34767449693656277,0.33690038904693836,HOLD
0,0.3979135547153128,0.2853051975848741,0.31678124769981314,HOLD
2,0.2932191121320612,0.33760527090312914,0.36917561696480966,HOLD
2,0.20274774382118282,0.3550213561311028,0.44223090004771437,HOLD
2,0.3108822235218007,0.29903633024296533,0.390081446235234,HOLD
2,0.3055833065171579,0.29285309343319466,0.4015636000496475,HOLD
1,0.28906799737880196,0.3951684096770283,0.31576359294416967,HOLD
1,0.3094885849282732,0.3779327727264489,0.31257864234527794,HOLD
0,0.3500711734881343,0.3267861204537097,0.3231427060581559,HOLD
2,0.3300811667037102,0.24939891754612709,0.4205199157501627,HOLD
2,0.34276535335377045,0.3070557114301431,0.3501789352160864,HOLD
2,0.21019897382181338,0.26503221721947556,0.524768808958711,HOLD
0,0.35977114491853807,0.3130571036297484,0.32717175145171357,HOLD
0,0.3792494502337642,0.3208905576137114,0.2998599921525243,HOLD
2,0.23500708562251046,0.371522528607512,0.3934703857699775,HOLD
1,0.22824772338306032,0.3965588018750635,0.3751934747418761,HOLD
1,0.20138688598362883,0.4760973514926728,0.32251576252369835,HOLD
1,0.14742246468316444,0.4700627475330591,0.38251478778377646,HOLD
1,0.24212825425505666,0.4535320223757199,0.30433972336922344,HOLD
2,0.21904864968596857,0.3752825932504711,0.4056687570635602,HOLD
1,0.20542578576823617,0.5554846854377233,0.23908952879404044,HOLD
2,0.2628192453206416,0.282905407335732,0.45427534734362646,HOLD
2,0.2744379039165577,0.35099997782588144,0.3745621182575609,HOLD
2,0.32693927694767444,0.3014161761462357,0.37164454690608983,HOLD
2,0.2605852224116914,0.21315905677564556,0.526255720812663,HOLD
0,0.3701575398305501,0.28349264010856673,0.3463498200608831,HOLD
1,0.19543291760765033,0.5010782344522832,0.30348884794006653,HOLD
1,0.18553379973180462,0.5293328491806145,0.285133351087581,HOLD
2,0.2846105107235381,0.20352760400202427,0.5118618852744375,HOLD
1,0.20880825871463848,0.42393696223756305,0.36725477904779846,HOLD
2,0.2795595416280159,0.2806456645572343,0.4397947938147498,HOLD
2,0.17874493339680766,0.3280589032610761,0.49319616334211636,HOLD
2,0.34095561809984576,0.2842344345720605,0.3748099473280937,HOLD
1,0.23028759155237827,0.41834993224911804,0.3513624761985035,HOLD
2,0.27652624576107,0.36014489149233325,0.3633288627465968,HOLD
1,0.1308814172441127,0.44780900256750655,0.42130958018838066,HOLD
2,0.2822197009494928,0.32355086176887543,0.3942294372816318,HOLD
1,0.23441237240957608,0.41989457362293203,0.34569305396749195,HOLD
2,0.26667738312812,0.3329118870678071,0.4004107298040728,HOLD
2,0.2296763346216132,0.30251509910796615,0.4678085662704207,HOLD
1,0.2535802859718385,0.37381901739475865,0.3726006966334029,HOLD
2,0.31186722842163683,0.28169899452869485,0.40643377704966827,HOLD
0,0.4085465580420997,0.20314778564979516,0.38830565630810515,HOLD
0,0.38252545895937545,0.28216397353488076,0.33531056750574384,HOLD
1,0.2622621810915214,0.5032316224463015,0.2345061964621772,HOLD
1,0.2509921729661131,0.4730459494854882,0.27596187754839874,HOLD
1,0.1962511331178823,0.5100773140956388,0.2936715527864789,HOLD
1,0.2380380750979351,0.43851842006881364,0.3234435048332513,HOLD
2,0.30926783405773145,0.3172924871905241,0.3734396787517444,HOLD
2,0.3588567761124785,0.23325826260971386,0.40788496127780755,HOLD
2,0.20960098999275875,0.2538938263360795,0.5365051836711617,HOLD
0,0.584733881384148,0.18833231921407567,0.22693379940177633,HOLD
0,0.43964748361062334,0.22363667887186817,0.33671583751750833,HOLD
1,0.3141507235344062,0.40699453283594555,0.27885474362964824,HOLD
0,0.48593765682290024,0.20504237370881512,0.3090199694682847,HOLD
1,0.27835129021956456,0.3640244595770688,0.3576242502033667,HOLD
2,0.3281795279549839,0.20005876409221843,0.4717617079527977,HOLD
2,0.30923726393624107,0.3153187224348031,0.3754440136289558,HOLD
2,0.3299109632469591,0.21844079422129992,0.4516482425317408,HOLD
2,0.32510270887745324,0.23928028548341584,0.43561700563913097,HOLD
2,0.3384918170424816,0.2182754370054885,0.4432327459520298,HOLD
2,0.2946819287345136,0.23027729985626375,0.47504077140922263,HOLD
0,0.5380268599556818,0.20340517896643037,0.258567961077888,HOLD
1,0.3423733880246024,0.3546381193049489,0.3029884926704488,HOLD
0,0.5225353541581546,0.20003075028526113,0.2774338955565842,HOLD
0,0.4624358073267299,0.23082242573694192,0.3067417669363282,HOLD
0,0.5104249057440223,0.22722025770896317,0.26235483654701447,HOLD
0,0.4430931668145588,0.2697145081744539,0.28719232501098735,HOLD
1,0.34661575406137857,0.35056206762052056,0.3028221783181009,HOLD
2,0.289502075863936,0.25651475670464413,0.45398316743141987,HOLD
2,0.3286069259532516,0.28997688542993605,0.3814161886168125,HOLD
2,0.20300617814894206,0.3577438608645992,0.43924996098645885,HOLD
2,0.33337999267055896,0.17639910585692595,0.4902209014725152,HOLD
2,0.13370481167208553,0.34775212704157893,0.5185430612863355,HOLD
2,0.26607081134262955,0.3453040984425315,0.388625090214839,HOLD
2,0.22512528084864092,0.1818885866590174,0.5929861324923417,HOLD
1,0.33689363126666755,0.3821838475483177,0.2809225211850147,HOLD
2,0.17570931559176303,0.19739344551299967,0.6268972388952374,BUY
2,0.21326343094562988,0.18132457645721112,0.605411992597159,BUY
2,0.3542072708045338,0.2618252286078974,0.3839675005875688,HOLD
2,0.35975532553136763,0.1934041479763636,0.4468405264922687,HOLD
0,0.4136463019273568,0.201731567820037,0.3846221302526062,HOLD
2,0.3222185207772233,0.21547016700023625,0.4623113122225404,HOLD
2,0.2661988171415192,0.25909524124691136,0.4747059416115695,HOLD
1,0.17067940230477693,0.43741958257686714,0.39190101511835584,HOLD
2,0.18088863208448755,0.3083388226013096,0.5107725453142028,HOLD
2,0.2451721933981765,0.31928268686702116,0.4355451197348024,HOLD
1,0.2925986497537863,0.41087815404469397,0.29652319620151985,HOLD
1,0.3068036574856158,0.3786168092278309,0.31457953328655325,HOLD
1,0.2531710251315919,0.3980481400095828,0.3487808348588253,HOLD
0,0.4398003562565472,0.23423734703303786,0.325962296710415,HOLD
0,0.34477767274119003,0.33827950676962487,0.3169428204891851,HOLD
0,0.41151328544664606,0.23405106915286134,0.35443564540049266,HOLD
1,0.32312230080643806,0.3773750452370188,0.29950265395654313,HOLD
0,0.38645686742641283,0.2916708275523981,0.3218723050211891,HOLD
1,0.28107810958013435,0.43529562759139867,0.283626262828467,HOLD
0,0.40395670411638007,0.29674368997173767,0.29929960591188237,HOLD
0,0.3914525840151734,0.2886800291154179,0.3198673868694086,HOLD
0,0.402357989639123,0.3207217235126745,0.27692028684820263,HOLD
1,0.363272598285863,0.3660653821650881,0.2706620195490489,HOLD
0,0.40028874406555515,0.2655467679051309,0.33416448802931387,HOLD
0,0.4328600720132295,0.2419502192264409,0.3251897087603295,HOLD
0,0.5116670743743293,0.139703653063716,0.3486292725619546,HOLD
0,0.4389701617447276,0.2005911589027207,0.36043867935255164,HOLD
2,0.3432117544132194,0.199135009222264,0.4576532363645166,HOLD
1,0.20854966284258714,0.5397844140094317,0.25166592314798114,HOLD
1,0.24038676211087032,0.5323166252223203,0.22729661266680942,HOLD
2,0.311429266308972,0.31602432482351367,0.3725464088675143,HOLD
2,0.25756313841398065,0.25556937579095795,0.4868674857950614,HOLD
2,0.2634940730235697,0.33404520479915123,0.4024607221772791,HOLD
2,0.24949667186311436,0.22846857675948726,0.5220347513773984,HOLD
2,0.3820405814451622,0.20948863056413936,0.4084707879906984,HOLD
2,0.2317938541467269,0.3025621730475922,0.46564397280568104,HOLD
2,0.26716921353752315,0.2591129482051988,0.47371783825727803,HOLD
2,0.3682320193724897,0.24900016161508515,0.382767819012425,HOLD
0,0.41261227392881594,0.2671018743952312,0.32028585167595275,HOLD
2,0.3281615183710611,0.26303547739354954,0.4088030042353893,HOLD
2,0.3055586791324926,0.2560158300625042,0.43842549080500315,HOLD
2,0.2260095698156756,0.31526574853217587,0.4587246816521484,HOLD
2,0.3559077874746969,0.2717522936536039,0.37233991887169915,HOLD
2,0.24424287755227636,0.34794774685183616,0.4078093755958875,HOLD
1,0.23227370995851007,0.4251546528274664,0.34257163721402345,HOLD
1,0.2840302857008286,0.3960005853172512,0.31996912898192026,HOLD
2,0.32718411473549514,0.3084230770047814,0.36439280825972353,HOLD
1,0.30979239820578613,0.35544346580476244,0.3347641359894514,HOLD
2,0.32473943267204863,0.2752597987340452,0.4000007685939062,HOLD
0,0.3921532634399184,0.24909003058573023,0.3587567059743514,HOLD
2,0.32426581510784763,0.21532165494268188,0.4604125299494706,HOLD
1,0.27264452489518126,0.4839607166166883,0.24339475848813044,HOLD
2,0.3228458612759829,0.24745959563608422,0.42969454308793276,HOLD
1,0.24824214276454315,0.39808890352843596,0.35366895370702095,HOLD
0,0.4218887029491048,0.24982963725595797,0.32828165979493723,HOLD
2,0.32656566944605936,0.27543912146973476,0.3979952090842058,HOLD
0,0.42024741786136516,0.21460026053539588,0.36515232160323896,HOLD
2,0.38648159748527483,0.20438470997089708,0.40913369254382814,HOLD
0,0.4650900358663114,0.16518432619679316,0.36972563793689545,HOLD
0,0.43307653629772974,0.2886857842504573,0.2782376794518128,HOLD
0,0.4100012407174559,0.3937420842306453,0.19625667505189875,HOLD
0,0.43607783071414497,0.26142892352788544,0.3024932457579696,HOLD
1,0.3282607508758144,0.41675047146238803,0.2549887776617975,HOLD
0,0.3609699533942628,0.3582462099075487,0.2807838366981885,HOLD
1,0.2863106824706189,0.4231451132199294,0.2905442043094516,HOLD
0,0.3759142246155603,0.2707781358697079,0.35330763951473193,HOLD
1,0.31085081830444156,0.3734214488335126,0.31572773286204586,HOLD
0,0.48869582239320836,0.3033289446624996,0.20797523294429193,HOLD
0,0.39408198787313664,0.21812248553201782,0.38779552659484545,HOLD
1,0.3281896668032057,0.3386706634053935,0.3331396697914008,HOLD
1,0.36457785348912924,0.3723155014007766,0.2631066451100941,HOLD
2,0.31980848356146013,0.3359097986695165,0.34428171776902344,HOLD
1,0.33717273089595373,0.39172381965817415,0.2711034494458721,HOLD
2,0.3143967655798413,0.13515582288351896,0.5504474115366398,HOLD
2,0.27708699844788026,0.19915273853944412,0.5237602630126756,HOLD
2,0.2415862293609686,0.25898692767607817,0.49942684296295325,HOLD
2,0.21144530078233664,0.2539817355205968,0.5345729636970666,HOLD
1,0.25345438641240386,0.4171519846942409,0.32939362889335516,HOLD
1,0.28739893656108473,0.39457193362761417,0.31802912981130105,HOLD
1,0.2117685781748135,0.4993993444063896,0.2888320774187968,HOLD
2,0.2742608104954391,0.2934814452211429,0.43225774428341807,HOLD
2,0.26501250175024044,0.3052969646586104,0.4296905335911492,HOLD
1,0.3002094307378922,0.36101402521557063,0.3387765440465371,HOLD
2,0.2524388646139452,0.37359914468163,0.3739619907044248,HOLD
1,0.34773425440818084,0.4097410838568676,0.2425246617349516,HOLD
2,0.23832930795594198,0.2274808365012212,0.5341898555428367,HOLD
2,0.2840989897895661,0.33099779973539795,0.3849032104750359,HOLD
2,0.3347647235602644,0.3101296965911089,0.3551055798486267,HOLD
2,0.3359469366479252,0.31711941076911043,0.3469336525829643,HOLD
0,0.5410816328722581,0.19078097256469873,0.2681373945630432,HOLD
1,0.3347569496513171,0.4282305595458058,0.23701249080287712,HOLD
0,0.4451817329861335,0.34812635937326586,0.20669190764060055,HOLD
0,0.3925419890310352,0.359645246841202,0.24781276412776282,HOLD
0,0.44556733697005646,0.3112496193056047,0.24318304372433874,HOLD
1,0.24368957367985797,0.5211366343399751,0.23517379198016683,HOLD
1,0.2451178669436081,0.3982219715950014,0.3566601614613905,HOLD
1,0.22438397318337103,0.4049905466553334,0.3706254801612956,HOLD
1,0.2110554906827566,0.4885331482237501,0.30041136109349337,HOLD
1,0.25783650572490824,0.38092236599346935,0.36124112828162236,HOLD
2,0.30444018934579403,0.3087885589935965,0.38677125166060955,HOLD
2,0.30265549634737104,0.1443252966035394,0.5530192070490895,HOLD
2,0.2066552658014014,0.18106339419973305,0.6122813399988655,BUY
2,0.10397632773135157,0.35518366597654966,0.5408400062920987,HOLD
2,0.31914241422166795,0.11327480519762968,0.5675827805807024,HOLD
2,0.23352056485476064,0.07165936121549175,0.6948200739297475,BUY
2,0.11836956095730154,0.19498426419597018,0.6866461748467284,BUY
2,0.22812220777083553,0.3461701261199897,0.42570766610917476,HOLD
2,0.20218684619930852,0.3450675699435798,0.4527455838571118,HOLD
2,0.2881556280841557,0.22598143713552574,0.4858629347803187,HOLD
2,0.34039815161198494,0.19892028442899531,0.46068156395901977,HOLD
2,0.14511070319118738,0.21280651748107518,0.6420827793277375,BUY
2,0.31792727759455813,0.25422630575408073,0.42784641665136114,HOLD
2,0.20808421383647582,0.09269409739089188,0.6992216887726324,BUY
2,0.22112296656288766,0.11020296383361744,0.668674069603495,BUY
2,0.2900933222877465,0.21272753700261568,0.4971791407096378,HOLD
2,0.2535396608283761,0.1608065804641118,0.5856537587075121,HOLD
2,0.08953571997257348,0.3742735103286987,0.5361907696987278,HOLD
2,0.04861418783891218,0.4516312258938573,0.4997545862672304,HOLD
2,0.061115556907279885,0.21613749828675388,0.7227469448059664,BUY
2,0.15020932765053432,0.2964167092208388,0.5533739631286269,HOLD
1,0.15034362897187445,0.6001951595534061,0.24946121147471953,HOLD
2,0.26724719567157496,0.24610934481312932,0.4866434595152957,HOLD
2,0.22565681730793,0.28002729749458477,0.4943158851974853,HOLD
2,0.41247387107655803,0.11067927286878115,0.4768468560546607,HOLD
2,0.22452807349615733,0.17196812505304357,0.6035038014507991,BUY
2,0.22737526161249919,0.12146645329477034,0.6511582850927304,BUY
2,0.27900328412623987,0.12306639169601753,0.5979303241777425,HOLD
2,0.2591878837455641,0.18416044781690816,0.5566516684375278,HOLD
2,0.2574149598121294,0.12407039440909419,0.6185146457787762,BUY
2,0.15663340701732417,0.042932479311503166,0.8004341136711727,BUY
2,0.25127132315785594,0.11866401789382512,0.630064658948319,BUY
2,0.33575843318446835,0.22782871673771596,0.4364128500778157,HOLD
2,0.11494176302530634,0.26700866341704305,0.6180495735576507,BUY
2,0.11327552243655925,0.16329454211165806,0.7234299354517827,BUY
2,0.21862969281242375,0.2543272425547398,0.5270430646328365,HOLD
2,0.16464106061766787,0.18710189134457886,0.6482570480377532,BUY
2,0.06635635940558574,0.14630342489292972,0.7873402157014845,BUY
2,0.18312870189278802,0.25133654833373986,0.5655347497734722,HOLD
2,0.17529335696426354,0.18385522536294333,0.6408514176727932,BUY
2,0.23561039085114213,0.17395890412401105,0.5904307050248467,HOLD
2,0.3000518736166876,0.2481802862400149,0.4517678401432975,HOLD
2,0.30142418657380343,0.3075694277181784,0.39100638570801816,HOLD
2,0.2950519289162786,0.31349685090068535,0.39145122018303596,HOLD
1,0.2627362707646071,0.36893048092294173,0.3683332483124512,HOLD
0,0.3601029269194923,0.3345700199579117,0.30532705312259595,HOLD
2,0.27053038358168313,0.352617433997889,0.3768521824204278,HOLD
1,0.1769151110050279,0.4166282442031883,0.4064566447917837,HOLD
1,0.19812692516524816,0.4956666459995911,0.30620642883516075,HOLD
1,0.20964056616656845,0.45172075681113155,0.33863867702230005,HOLD
0,0.39982748531850715,0.3695544609078452,0.23061805377364772,HOLD
0,0.38034328172752935,0.33698322665348174,0.28267349161898886,HOLD
2,0.31517147045005905,0.20215948057719962,0.4826690489727413,HOLD
2,0.30319799569441663,0.2986659286354163,0.398136075670167,HOLD
0,0.3835065965825252,0.3070980775732602,0.30939532584421453,HOLD
2,0.18248718412646373,0.13144622526684385,0.6860665906066924,BUY
0,0.343919706539288,0.32111523029934264,0.33496506316136937,HOLD
2,0.2267003819261622,0.31770900118697193,0.455590616886866,HOLD
2,0.15935764367290098,0.3258305070400821,0.514811849287017,HOLD
1,0.12585598596004086,0.5308216984275254,0.3433223156124337,HOLD
2,0.20990018954075906,0.2134124226103484,0.5766873878488926,HOLD
2,0.1501706427226073,0.20327728097688688,0.6465520763005059,BUY
2,0.08100301292074367,0.33168839100851816,0.5873085960707382,HOLD
2,0.15426917482326646,0.3778722212848346,0.467858603891899,HOLD
2,0.2262517974444199,0.36366465500135164,0.41008354755422843,HOLD
1,0.25343113240074444,0.5412650156426783,0.20530385195657722,HOLD
1,0.2547210426326973,0.413765142012553,0.3315138153547497,HOLD
0,0.39787909416208617,0.37430465477925595,0.22781625105865785,HOLD
0,0.46814431325832795,0.35089486357088706,0.18096082317078488,HOLD
1,0.34498825146915446,0.394237347219406,0.26077440131143953,HOLD
2,0.18957336021464458,0.347415876326773,0.46301076345858255,HOLD
1,0.32825950855858865,0.3685077843108959,0.3032327071305154,HOLD
2,0.29697536493492455,0.24651385008707224,0.45651078497800324,HOLD
1,0.2052050529757494,0.6193362966783502,0.17545865034590033,HOLD
1,0.2690262192152687,0.5186928760764916,0.21228090470823976,HOLD
2,0.2003120220655907,0.23977263208156546,0.5599153458528439,HOLD
1,0.31443441063941685,0.4530262080311609,0.23253938132942234,HOLD
1,0.14245512088759774,0.45879059352263857,0.3987542855897638,HOLD
1,0.22139031828733818,0.49998686737288434,0.2786228143397776,HOLD
0,0.3690322767845535,0.2960822329580104,0.33488549025743597,HOLD
1,0.19435237892663684,0.4605424887151916,0.3451051323581716,HOLD
0,0.5592007532789736,0.22436000853067276,0.21643923819035366,HOLD
2,0.3129099698547994,0.24266749912856767,0.4444225310166329,HOLD
0,0.5671931377183457,0.20971235882815317,0.22309450345350113,HOLD
0,0.37170668336549006,0.3309949407581289,0.29729837587638097,HOLD
2,0.27618090494766634,0.361867253081825,0.3619518419705087,HOLD
1,0.3728817265659207,0.375051640106563,0.2520666333275163,HOLD
2,0.2898007233026962,0.3297620365168768,0.380437240180427,HOLD
1,0.2583669957365033,0.41432331232460473,0.327309691938892,HOLD
1,0.12786293085150127,0.46181933120538377,0.41031773794311494,HOLD
1,0.1462011219027435,0.5816354534180178,0.27216342467923865,HOLD
2,0.2826239649570485,0.2960377783967772,0.4213382566461743,HOLD
2,0.18884008967280086,0.268645503564709,0.5425144067624901,HOLD
2,0.19733744328751715,0.1858773610919782,0.6167851956205046,BUY
2,0.25362311399960946,0.34914721681522887,0.39722966918516167,HOLD
1,0.21574436205253597,0.4762968365826682,0.3079588013647959,HOLD
2,0.2512733346008247,0.33463556249961873,0.41409110289955664,HOLD
1,0.1390812989010107,0.4334616900159482,0.427457011083041,HOLD
1,0.135984373366294,0.7266456499598275,0.13736997667387849,HOLD
2,0.23633591890415126,0.2940708353516828,0.46959324574416594,HOLD
2,0.10021207290143762,0.42479569468126416,0.4749922324172983,HOLD
1,0.26050855804526457,0.5067354816359212,0.2327559603188142,HOLD
1,0.23634378864821054,0.5478573678391857,0.21579884351260376,HOLD
1,0.271438646544262,0.4995946786142532,0.22896667484148495,HOLD
1,0.32308641671097826,0.4397257061398115,0.23718787714921039,HOLD
0,0.41217961129243164,0.404569161437666,0.18325122726990226,HOLD
1,0.2595069616397754,0.47136629148032705,0.2691267468798975,HOLD
1,0.2723094949804821,0.49963949629586657,0.22805100872365128,HOLD
1,0.30020373218390256,0.5034491171744769,0.19634715064162062,HOLD
0,0.5399890921009214,0.20949404474089217,0.2505168631581865,HOLD
1,0.3953855103755094,0.5094926670030967,0.09512182262139383,HOLD
1,0.16551443128450313,0.7522836592419543,0.0822019094735426,HOLD
1,0.3046090178197503,0.5799919268417227,0.115399055338527,HOLD
1,0.33143239082290477,0.585662383253755,0.08290522592334021,HOLD
1,0.28939646427585386,0.6082211426440427,0.10238239308010355,HOLD
0,0.500834145847557,0.32628939928141687,0.1728764548710261,HOLD
1,0.278470526789402,0.6692556893230155,0.052273783887582664,HOLD
0,0.5146071154753252,0.32584102049135266,0.159551864033322,HOLD
0,0.6416934406030764,0.1327474953655104,0.2255590640314133,SELL
0,0.4455364004985353,0.3422985140409986,0.2121650854604662,HOLD
2,0.2827172720476404,0.3039843944571446,0.41329833349521494,HOLD
1,0.23953539767119394,0.44587013113514,0.314594471193666,HOLD
0,0.38469243315431506,0.32287871280042313,0.29242885404526175,HOLD
2,0.25817462099546107,0.31418759199205937,0.42763778701247956,HOLD
2,0.30442872395537557,0.320187463546567,0.3753838124980574,HOLD
1,0.24628879679395554,0.531190676432655,0.2225205267733894,HOLD
0,0.4151514939821626,0.32121257737137726,0.2636359286464601,HOLD
1,0.2826375239395167,0.5035610956087863,0.21380138045169705,HOLD
1,0.32924184754037505,0.417963275957114,0.252794876502511,HOLD
1,0.2925918460779337,0.4232850967967621,0.2841230571253041,HOLD
1,0.34941117961965,0.4324794388455926,0.2181093815347574,HOLD
1,0.2802701918991769,0.39966717694446674,0.3200626311563563,HOLD
1,0.2570825879473169,0.48083367462870175,0.2620837374239814,HOLD
0,0.6406441603985145,0.21400301007464234,0.14535282952684314,SELL
0,0.49438896177242186,0.3171406473813422,0.1884703908462361,HOLD
0,0.3850406460055533,0.3550951497973637,0.25986420419708306,HOLD
0,0.46117659881470413,0.28567606118064376,0.2531473400046521,HOLD
0,0.6951803255365012,0.14292187902386372,0.1618977954396351,SELL
0,0.7236101110592326,0.17883110122731932,0.09755878771344811,SELL
0,0.7348302323886681,0.16261236085573325,0.10255740675559862,SELL
0,0.8368247054202445,0.11267303014519715,0.050502264434558415,SELL
0,0.6610980285430609,0.13721153106029774,0.20169044039664147,SELL
0,0.42931455338110647,0.386451600187286,0.1842338464316074,HOLD
0,0.39780689892155435,0.3343713640077282,0.2678217370707174,HOLD
0,0.654280120754384,0.1523097999755805,0.19341007927003548,SELL
0,0.3705222480675979,0.32022065528357435,0.3092570966488277,HOLD
2,0.31144631231304215,0.3014192269443393,0.3871344607426186,HOLD
0,0.37805965455457824,0.25741294609424115,0.36452739935118067,HOLD
2,0.2028802808986533,0.3246733689966591,0.4724463501046876,HOLD
2,0.12437488464280563,0.3340849783016642,0.5415401370555302,HOLD
2,0.31126303098985475,0.20045918334020002,0.4882777856699453,HOLD
2,0.27130212602393383,0.3166529023623533,0.41204497161371295,HOLD
0,0.43593939032595613,0.2894467333341814,0.2746138763398624,HOLD
0,0.4229587373884043,0.29778395182975476,0.279257310781841,HOLD
2,0.3244092856798154,0.23234486362546813,0.44324585069471645,HOLD
1,0.24486228447243893,0.41163346283475305,0.343504252692808,HOLD
2,0.25200743909276424,0.33134317718738426,0.41664938371985144,HOLD
1,0.3144499102673768,0.35058963853824343,0.3349604511943798,HOLD
0,0.392610563614213,0.3132712302620359,0.2941182061237511,HOLD
2,0.32911523721827834,0.3178688203745395,0.3530159424071821,HOLD
0,0.41925869417389505,0.24793755798811237,0.3328037478379925,HOLD
2,0.34923565399741463,0.26633850192443753,0.38442584407814784,HOLD
1,0.3079108677264515,0.3656475722992225,0.32644155997432606,HOLD
1,0.27261778284349447,0.3828026365531446,0.344579580603361,HOLD
1,0.2589792423879524,0.4217142242643974,0.3193065333476502,HOLD
1,0.15701701314397995,0.546487514579954,0.29649547227606593,HOLD
0,0.3775043931615643,0.26927499833537544,0.3532206085030602,HOLD
2,0.28846545609176033,0.33119941619139026,0.38033512771684935,HOLD
1,0.2310702508826616,0.45985787252992827,0.3090718765874101,HOLD
1,0.24158101629038656,0.4375192048879224,0.3208997788216911,HOLD
1,0.20914786450914957,0.538667581960331,0.25218455353051933,HOLD
1,0.34202282381432203,0.3891774026959914,0.26879977348968664,HOLD
1,0.3272413727196444,0.48375461883418486,0.18900400844617074,HOLD
0,0.5152953112070362,0.1824426606100381,0.30226202818292564,HOLD
0,0.4073579428969411,0.2630816944585273,0.32956036264453153,HOLD
0,0.39570132191208945,0.31855459825,0.28574407983791067,HOLD
1,0.3312199888366878,0.3678069841468621,0.3009730270164502,HOLD
0,0.4275842964589774,0.25837510016804643,0.3140406033729763,HOLD
0,0.40412450600629923,0.2986923690466328,0.29718312494706794,HOLD
0,0.3691972347093486,0.3235722921993919,0.30723047309125945,HOLD
0,0.45456301630832524,0.17584692744040514,0.3695900562512696,HOLD
0,0.37573396885969035,0.3325865984619351,0.29167943267837454,HOLD
0,0.4441113274475728,0.262933227102624,0.2929554454498031,HOLD
0,0.4474751707306076,0.2584770782319304,0.29404775103746195,HOLD
0,0.4319262939287607,0.20606704381970387,0.36200666225153544,HOLD
0,0.4168907172976453,0.27944382989726674,0.3036654528050879,HOLD
0,0.4608369783280731,0.24105930360059571,0.2981037180713313,HOLD
0,0.43301581253030036,0.216412641768022,0.3505715457016776,HOLD
2,0.3405181203249712,0.1830658877782605,0.4764159918967682,HOLD
0,0.3829861851480867,0.3351520385865424,0.28186177626537084,HOLD
1,0.30823981384597376,0.4018794270342541,0.28988075911977224,HOLD
2,0.3337657591224415,0.3228559118354396,0.3433783290421189,HOLD
0,0.5409295958870425,0.21511820820724198,0.24395219590571549,HOLD
0,0.6267044616126485,0.19440602322103304,0.17888951516631837,SELL
1,0.3476647165381138,0.35859374836217056,0.29374153509971557,HOLD
0,0.3529144296938474,0.2994814368907761,0.34760413341537644,HOLD
0,0.40859173672899984,0.28542306279464397,0.30598520047635624,HOLD
0,0.408737476301042,0.30105225146599984,0.2902102722329581,HOLD
0,0.40809757041334477,0.3712933112596519,0.22060911832700325,HOLD
0,0.4457817739314524,0.24242074367702704,0.3117974823915205,HOLD
2,0.308197330482546,0.2346274667632997,0.4571752027541544,HOLD
0,0.41072592721667417,0.3054237906924121,0.2838502820909136,HOLD
0,0.5256039636314287,0.22575685843845616,0.24863917793011517,HOLD
0,0.4958430692558302,0.25630912763228764,0.24784780311188218,HOLD
0,0.4377577055882813,0.2683555934727667,0.29388670093895186,HOLD
1,0.2950100765858139,0.3950473154131424,0.3099426080010436,HOLD
0,0.45820203460778614,0.20821109713437588,0.33358686825783795,HOLD
0,0.37779540197663414,0.28491657213486277,0.3372880258885031,HOLD
0,0.41958229943430475,0.29093050812592897,0.2894871924397664,HOLD
1,0.34294761051385036,0.3464125761599731,0.31063981332617646,HOLD
1,0.3429342989960244,0.3479337890889827,0.30913191191499284,HOLD
1,0.22143899260824093,0.45779588876946625,0.32076511862229296,HOLD
1,0.3139670272380339,0.37623455270765804,0.309798420054308,HOLD
1,0.2001077489731037,0.5013447149184691,0.2985475361084271,HOLD
1,0.24069152836236063,0.4900679994985764,0.2692404721390629,HOLD
1,0.16276110013809988,0.6026997860985859,0.23453911376331418,HOLD
0,0.38080966216355977,0.35114297891735385,0.2680473589190864,HOLD
1,0.16614084180086522,0.5886382781875028,0.24522088001163195,HOLD
1,0.14551249618160453,0.5086979192780922,0.34578958454030334,HOLD
2,0.25769818539579914,0.3595072441794715,0.3827945704247293,HOLD
2,0.2698860244627994,0.2951414256025089,0.4349725499346916,HOLD
1,0.17267702179465752,0.4616243544880834,0.36569862371725903,HOLD
2,0.24099141160536658,0.3649416223300953,0.3940669660645381,HOLD
2,0.14554679487774472,0.34671060114875213,0.5077426039735032,HOLD
1,0.14549722735411671,0.5213026697606927,0.33320010288519053,HOLD
2,0.3442821879195069,0.2878409892332551,0.36787682284723805,HOLD
1,0.21552286099786225,0.4097129369756994,0.37476420202643845,HOLD
1,0.2498040388107494,0.48214748072465796,0.26804848046459273,HOLD
1,0.13870573955810647,0.4984927249628919,0.3628015354790016,HOLD
2,0.2575110634123895,0.3322497672727479,0.41023916931486254,HOLD
1,0.1749490565585319,0.4527542677625041,0.37229667567896385,HOLD
1,0.1910414039896769,0.5871865192273071,0.22177207678301594,HOLD
1,0.24053562179767382,0.5513189163129256,0.20814546188940056,HOLD
1,0.34429436250106216,0.3663558467642904,0.28934979073464756,HOLD
0,0.41394841028761964,0.25030157106788664,0.3357500186444936,HOLD
1,0.3035976984033068,0.39769465960591227,0.29870764199078104,HOLD
1,0.21555009303608513,0.4971502913144888,0.2872996156494261,HOLD
0,0.39869270307919663,0.32543321528377384,0.2758740816370295,HOLD
0,0.4435092708125207,0.24766699925831911,0.3088237299291602,HOLD
1,0.28137027574841733,0.5358548907171838,0.18277483353439875,HOLD
0,0.37483559731562816,0.30532341349433934,0.3198409891900325,HOLD
0,0.41718574106410894,0.3454200714409471,0.23739418749494395,HOLD
0,0.4358070965643418,0.3343863002020452,0.22980660323361313,HOLD
0,0.4036719061306376,0.3193949276242658,0.27693316624509656,HOLD
1,0.2734586941915686,0.46149164265972353,0.26504966314870787,HOLD
1,0.17865362745179364,0.6353616483964291,0.18598472415177728,HOLD
1,0.20926070962981208,0.41245320152833614,0.3782860888418517,HOLD
1,0.2440579287009895,0.4556679968461576,0.30027407445285287,HOLD
1,0.26559476943768856,0.3784118594547628,0.3559933711075486,HOLD
0,0.4874622889918616,0.2718048543726856,0.24073285663545277,HOLD
2,0.3335185618166064,0.2902975397101135,0.3761838984732801,HOLD
0,0.39324145698861296,0.2882029502796557,0.3185555927317314,HOLD
2,0.2734096345019032,0.33285046442224786,0.39373990107584905,HOLD
2,0.3576648900920992,0.2766377712684296,0.36569733863947124,HOLD
2,0.2877001955838139,0.35227157780415336,0.3600282266120328,HOLD
2,0.29757256947783467,0.279601109422963,0.4228263210992022,HOLD
2,0.2813599915598148,0.3254271400836832,0.393212868356502,HOLD
2,0.34427130667709754,0.28330284714634574,0.3724258461765568,HOLD
1,0.323373671153962,0.34221585670770754,0.3344104721383306,HOLD
2,0.28979621844984504,0.3103646243486672,0.3998391572014878,HOLD
0,0.3513098561088145,0.3174274971419569,0.33126264674922856,HOLD
1,0.2644206322829798,0.39003465141546284,0.3455447163015575,HOLD
1,0.22750831446350084,0.45252441632232965,0.3199672692141696,HOLD
2,0.2765423521360723,0.2893182081493501,0.4341394397145776,HOLD
2,0.2560510717082311,0.29658471343811316,0.44736421485365574,HOLD
2,0.24625749609618147,0.3753583038153413,0.3783842000884773,HOLD
2,0.222572275545703,0.3585021277880706,0.4189255966662265,HOLD
2,0.1908829409633658,0.3714006446313323,0.43771641440530185,HOLD
1,0.17905400971653995,0.4153214880759803,0.40562450220747986,HOLD
2,0.22279221077935643,0.29787995246001925,0.47932783676062424,HOLD
0,0.3840223075661595,0.24925671417313416,0.3667209782607063,HOLD
2,0.26932155306562133,0.2810063939642937,0.44967205297008495,HOLD
2,0.3241785616756284,0.21106926211622393,0.46475217620814774,HOLD
2,0.36155898085599636,0.18864470521202092,0.44979631393198266,HOLD
2,0.2811273315209813,0.259376850075919,0.45949581840309983,HOLD
2,0.24335385783790214,0.3550443977898984,0.4016017443721995,HOLD
0,0.5579617692856264,0.20205952910156297,0.23997870161281076,HOLD
0,0.44372209082232156,0.1938124480494139,0.3624654611282646,HOLD
0,0.4727783324908753,0.2059530661138989,0.3212686013952258,HOLD
0,0.48886328576537286,0.25602743828483443,0.25510927594979266,HOLD
0,0.38219255143634445,0.301458765523188,0.3163486830404675,HOLD
2,0.3430043837075944,0.2860058597541164,0.3709897565382892,HOLD
2,0.23678856643101728,0.34199898947677276,0.42121244409221,HOLD
1,0.2803564016798492,0.4092211573439254,0.3104224409762253,HOLD
1,0.17524895965549409,0.4465081036666139,0.378242936677892,HOLD
2,0.26840977179357406,0.32938914883056475,0.4022010793758612,HOLD
1,0.1685434651797586,0.5295416897236217,0.30191484509661975,HOLD
0,0.40496444427971817,0.23222986185397065,0.3628056938663112,HOLD
1,0.23680921324536774,0.4327022214133468,0.33048856534128546,HOLD
1,0.2920099969590292,0.38561721285776374,0.3223727901832071,HOLD
1,0.273388765963535,0.4243732779971029,0.30223795603936204,HOLD
2,0.3453064556290751,0.27385264143440347,0.3808409029365214,HOLD
0,0.48730251371138844,0.2982122567590215,0.2144852295295901,HOLD
0,0.3742629809944601,0.36974109730706145,0.25599592169847846,HOLD
0,0.3994472885958358,0.32718700762358216,0.27336570378058195,HOLD
0,0.4198563809145302,0.3199759064313555,0.2601677126541144,HOLD
0,0.3572218874137682,0.3085853619595918,0.33419275062664,HOLD
0,0.6069991040924099,0.1333297021137106,0.2596711937938795,SELL
2,0.3986315259256224,0.1725329940017374,0.4288354800726402,HOLD
0,0.4484172274894834,0.18661513200664287,0.3649676405038737,HOLD
0,0.5328422211205578,0.24358703577692678,0.2235707431025154,HOLD
0,0.5465327768904854,0.22911354809217857,0.224353675017336,HOLD
0,0.44992332430980964,0.3603833872606849,0.18969328842950547,HOLD
0,0.4124978029268759,0.39738255978617776,0.19011963728694625,HOLD
1,0.29402459704621564,0.41560817191425803,0.2903672310395264,HOLD
0,0.4077821136492446,0.3188648521337273,0.2733530342170283,HOLD
0,0.528846405827033,0.24727041042793482,0.22388318374503224,HOLD
1,0.3046045441933931,0.4527706431870008,0.24262481261960608,HOLD
0,0.3864494060940091,0.2787407280195491,0.3348098658864419,HOLD
2,0.37277592569444906,0.24719405864263766,0.38003001566291333,HOLD
2,0.3813754088228476,0.17704528665437771,0.44157930452277483,HOLD
0,0.40190675893644756,0.2568576400952734,0.34123560096827904,HOLD
0,0.4162674667664792,0.25488979167922055,0.32884274155430027,HOLD
0,0.3675439176565912,0.3445427830185146,0.2879132993248943,HOLD
0,0.3974348219791595,0.28758504026856885,0.3149801377522717,HOLD
0,0.42988291224978564,0.2843733206501595,0.2857437671000548,HOLD
1,0.31780534908115393,0.44465176707826093,0.23754288384058514,HOLD
0,0.41484678044161977,0.29576715745875704,0.28938606209962314,HOLD
0,0.38426496722973047,0.34346760256096204,0.27226743020930755,HOLD
2,0.2908123949591718,0.2809292561809754,0.42825834885985264,HOLD
1,0.08401611877212943,0.782916279418236,0.13306760180963448,HOLD
0,0.5403975875011471,0.23514320416980433,0.22445920832904856,HOLD
0,0.44610522651955364,0.23864313314213265,0.3152516403383137,HOLD
0,0.4348834814132437,0.2725183539519486,0.29259816463480787,HOLD
0,0.4105974485588782,0.30676966708995107,0.2826328843511708,HOLD
0,0.44408552287403125,0.24777141837814273,0.30814305874782605,HOLD
1,0.27662835249164214,0.4291886559572164,0.29418299155114147,HOLD
0,0.7893722769576272,0.12688821889358293,0.0837395041487898,SELL
2,0.34150568132070225,0.12009294872248472,0.538401369956813,HOLD
2,0.35236233616159923,0.2117784689760475,0.43585919486235336,HOLD
2,0.3214979732818863,0.10195173044797184,0.5765502962701419,HOLD
0,0.6434725136542777,0.18047539334314155,0.17605209300258068,SELL
0,0.5185113712656501,0.30029916688184416,0.18118946185250576,HOLD
0,0.5063901486393326,0.19671637060582567,0.29689348075484173,HOLD
2,0.2613397335124007,0.06885463990640237,0.6698056265811969,BUY
2,0.2013338523499608,0.29773019509273363,0.5009359525573055,HOLD
2,0.298949824508685,0.10071058060439807,0.6003395948869169,BUY
0,0.39144461577338746,0.36724317412883606,0.24131221009777643,HOLD
0,0.6742412993537275,0.08271405794058205,0.2430446427056905,SELL
0,0.5418922699270193,0.16068743674824845,0.2974202933247323,HOLD
0,0.6530910051064364,0.18122306857063172,0.16568592632293197,SELL
2,0.3619348405889881,0.2598804818269708,0.378184677584041,HOLD
0,0.7489283251533415,0.11042447023825784,0.14064720460840074,SELL
0,0.4445606997103673,0.32888781412921386,0.22655148616041887,HOLD
0,0.5559458799480331,0.20428376945175772,0.2397703506002092,HOLD
0,0.599321193091953,0.213923477529566,0.18675532937848102,HOLD
0,0.6277755745784579,0.25633836302283336,0.11588606239870874,SELL
0,0.5597996520268402,0.18861634999721202,0.25158399797594766,HOLD
0,0.5148792490150438,0.27709439525657786,0.20802635572837833,HOLD
0,0.3667725271588248,0.3510495263969838,0.28217794644419153,HOLD
0,0.5290750650521329,0.2755508964867931,0.19537403846107412,HOLD
0,0.3783170418215935,0.34251677578270046,0.27916618239570595,HOLD
0,0.3706799234149818,0.34060530607282735,0.2887147705121909,HOLD
0,0.3974518067145881,0.3463555994300193,0.2561925938553925,HOLD
0,0.4279495616358651,0.3346297132669278,0.237420725097207,HOLD
0,0.3881692434224052,0.31334566378319284,0.298485092794402,HOLD
2,0.2931714107248545,0.2778923542488491,0.42893623502629635,HOLD
0,0.4496647862398264,0.338918131177785,0.21141708258238842,HOLD
0,0.6164096346856957,0.14772098218176447,0.2358693831325399,SELL
0,0.7129333318983263,0.13586636303271388,0.15120030506895984,SELL
0,0.47872978591404725,0.1966561222397007,0.324614091846252,HOLD
2,0.34387916926141965,0.24527884303580447,0.41084198770277597,HOLD
2,0.2836119734268459,0.1943575730416622,0.5220304535314919,HOLD
2,0.2829693735215154,0.15012016594788702,0.5669104605305975,HOLD
2,0.3010232128746069,0.3258124147381166,0.3731643723872765,HOLD
2,0.29563664825207553,0.07881984225931137,0.6255435094886131,BUY
0,0.508420028440572,0.13661459237103826,0.3549653791883898,HOLD
2,0.20658808667434736,0.2421744553994579,0.5512374579261947,HOLD
0,0.39180935689590457,0.3758423485262242,0.2323482945778712,HOLD
1,0.3164035346551993,0.4360591623262839,0.2475373030185168,HOLD
2,0.301583925531321,0.21803877272595143,0.4803773017427276,HOLD
2,0.40874277951755955,0.07885131638427545,0.5124059040981651,HOLD
2,0.40787647435364033,0.09170685387356904,0.5004166717727906,HOLD
0,0.5396879211202015,0.16140560759219358,0.29890647128760495,HOLD
2,0.31200515716989796,0.315741857422091,0.3722529854080111,HOLD
0,0.5125828175857967,0.1957362038249151,0.29168097858928815,HOLD
0,0.4601205484106234,0.132157187434393,0.4077222641549836,HOLD
0,0.43925139522928747,0.17446001657124552,0.38628858819946715,HOLD
0,0.44671857696616035,0.27314460405423713,0.2801368189796026,HOLD
2,0.38945524296096773,0.07435245620054816,0.5361923008384841,HOLD
0,0.4968607829241748,0.10001673366128658,0.4031224834145387,HOLD
2,0.31389988764808685,0.1207140587116986,0.5653860536402145,HOLD
0,0.4962660687751411,0.08482453371415963,0.41890939751069933,HOLD
0,0.5945164455994254,0.1810326764566423,0.22445087794393223,HOLD
0,0.5057528823404098,0.0700697202083919,0.42417739745119837,HOLD
0,0.6785682797840387,0.0511397073634023,0.2702920128525591,SELL
0,0.5029282774141169,0.1109083433003754,0.3861633792855077,HOLD
2,0.3770149071434194,0.0895186222245197,0.5334664706320609,HOLD
2,0.3592603983614922,0.0723744326637415,0.5683651689747663,HOLD
0,0.6080393914441492,0.12870376542435927,0.26325684313149145,SELL
0,0.6061822047233788,0.04687206629388016,0.3469457289827409,SELL
0,0.6075942615623009,0.11338302730242725,0.2790227111352718,SELL
0,0.5770519550877122,0.13559058932387452,0.28735745558841314,HOLD
0,0.5333353313478492,0.0606748192654908,0.40598984938665994,HOLD
0,0.44393804642366363,0.135485395527972,0.4205765580483644,HOLD
0,0.4499945538163226,0.13744722453863545,0.4125582216450419,HOLD
2,0.34319317500662777,0.13072892027555877,0.5260779047178133,HOLD
2,0.37466460926886436,0.07122138230436026,0.5541140084267755,HOLD
2,0.41675432044347227,0.12904182647962734,0.45420385307690053,HOLD
2,0.4214111853490127,0.08976020486504549,0.4888286097859419,HOLD
2,0.1501165664146307,0.08146642131739415,0.7684170122679752,BUY
2,0.3146133573991712,0.10009892142890525,0.5852877211719236,HOLD
2,0.30268762255174736,0.09390601132387244,0.6034063661243803,BUY
0,0.5406086361389993,0.17564518117703437,0.2837461826839664,HOLD
2,0.3594260432796653,0.1152690668014829,0.5253048899188518,HOLD
0,0.539384716634052,0.22386598942980035,0.23674929393614758,HOLD
0,0.5386379133174006,0.10240605917965388,0.3589560275029454,HOLD
2,0.4468888938553468,0.06112203409992148,0.49198907204473175,HOLD
0,0.4812782875468375,0.05134469756315918,0.4673770148900033,HOLD
2,0.12870387412732828,0.08607970175614854,0.7852164241165233,BUY
2,0.289828371400906,0.09124389872452304,0.618927729874571,BUY
2,0.43906360389297555,0.05954332760115441,0.5013930685058701,HOLD
0,0.4962604515409093,0.2396039535407638,0.2641355949183269,HOLD
0,0.4212005623505299,0.29772014562917376,0.28107929202029636,HOLD
0,0.45375569402682536,0.09352348433800316,0.4527208216351715,HOLD
0,0.4953726847672651,0.07448396058560039,0.4301433546471345,HOLD
0,0.7282878262576594,0.12395032664029129,0.14776184710204934,SELL
0,0.4774134177906979,0.13922164267665252,0.38336493953264966,HOLD
0,0.4974026392859652,0.13013066865831405,0.37246669205572075,HOLD
1,0.258627611716132,0.41146531715064705,0.32990707113322093,HOLD
0,0.3977387248626755,0.2624678906822315,0.33979338445509305,HOLD
2,0.08345942309356374,0.1431662345882273,0.773374342318209,BUY
2,0.2578879202540366,0.3003180263279596,0.4417940534180037,HOLD
2,0.24503769339963408,0.22606782622221686,0.5288944803781491,HOLD
0,0.509268628661174,0.23420969657225102,0.25652167476657495,HOLD
0,0.4108985473779998,0.23096663609435011,0.35813481652764995,HOLD
2,0.4118218469988967,0.1742718864261683,0.41390626657493496,HOLD
2,0.2742347939495263,0.26465507804265265,0.4611101280078211,HOLD
2,0.29606267270339004,0.07550651545194634,0.6284308118446637,BUY
2,0.09307467254520102,0.07243291456056437,0.8344924128942346,BUY
2,0.29988651234993274,0.26353933594540535,0.4365741517046618,HOLD
2,0.20966577610310985,0.21531506802298997,0.5750191558739002,HOLD
0,0.45553933223043747,0.14957082173144495,0.3948898460381175,HOLD
2,0.21553127381405676,0.09836341633724986,0.6861053098486933,BUY
2,0.34467958173205343,0.23349222045046308,0.4218281978174836,HOLD
0,0.6869974652827253,0.06206459552157126,0.25093793919570345,SELL
1,0.3413997952273427,0.3699883358803193,0.288611868892338,HOLD
2,0.36468395347879573,0.12189637728023753,0.5134196692409667,HOLD
2,0.15557874041745456,0.1543573915498467,0.6900638680326987,BUY
0,0.4452038611741222,0.24283008262497172,0.31196605620090595,HOLD
2,0.3759886029607524,0.16287421786799378,0.46113717917125385,HOLD
0,0.6783814083092212,0.10364134644335314,0.2179772452474256,SELL
0,0.5201442071501736,0.11843008041565681,0.36142571243416954,HOLD
1,0.34450076174341665,0.4520469920532391,0.20345224620334418,HOLD
0,0.7116929170003203,0.11696241438525126,0.1713446686144285,SELL
0,0.6532694979398851,0.10024312588003911,0.24648737618007585,SELL
0,0.5494903388958411,0.1723778776881037,0.2781317834160552,HOLD
0,0.6927297761687452,0.11343251467523205,0.19383770915602275,SELL
1,0.2884338153149135,0.3971175036997066,0.31444868098537976,HOLD
1,0.21799122774032365,0.6301465788370015,0.15186219342267485,HOLD
1,0.2351627929002987,0.5009186254294846,0.2639185816702166,HOLD
2,0.201088026724196,0.28507196960587966,0.5138400036699243,HOLD
2,0.1553015551309512,0.24724429261359201,0.5974541522554568,HOLD
2,0.34906881232858483,0.24859680766107572,0.40233438001033944,HOLD
2,0.11588293485348099,0.3519290250155059,0.5321880401310132,HOLD
2,0.33658412653332137,0.1981356818907537,0.465280191575925,HOLD
0,0.4356416626167608,0.17121555596311366,0.3931427814201256,HOLD
0,0.3634967896978991,0.286861391249808,0.3496418190522929,HOLD
2,0.3579516815340472,0.21848277666369323,0.4235655418022596,HOLD
1,0.2845841349949402,0.4942741630941744,0.22114170191088553,HOLD
0,0.6362070428575524,0.08445199423856956,0.2793409629038783,SELL
0,0.49349498444955825,0.19730721846630633,0.30919779708413536,HOLD
0,0.4803672241212999,0.2642065905680481,0.2554261853106519,HOLD
0,0.4123341230749751,0.2651558541878716,0.32251002273715335,HOLD
0,0.4714999372182771,0.33675398176292787,0.19174608101879495,HOLD
0,0.6676082204213417,0.1472072204351443,0.18518455914351392,SELL
2,0.4201448213511727,0.15447407160175902,0.42538110704706816,HOLD
2,0.28248714920355944,0.25461844330985506,0.46289440748658545,HOLD
2,0.23890023931953108,0.2922000664362956,0.4688996942441733,HOLD
2,0.3699724498929456,0.25451553698936075,0.37551201311769367,HOLD
1,0.24439696401760366,0.39477346290954296,0.3608295730728534,HOLD
0,0.3529670747125454,0.3183260426399003,0.32870688264755427,HOLD
1,0.18582704396536162,0.4650494595076627,0.34912349652697583,HOLD
2,0.2932468493159354,0.22627287474631994,0.48048027593774456,HOLD
1,0.22918657092403238,0.4649514305267138,0.30586199854925383,HOLD
1,0.3439925453000369,0.35969873580039063,0.29630871889957244,HOLD
0,0.7071663750510845,0.10000551126531071,0.19282811368360478,SELL
0,0.45974035167002003,0.36988404929920454,0.17037559903077548,HOLD
0,0.5544268054161285,0.19346812729290502,0.25210506729096643,HOLD
0,0.39260879413170163,0.2627180913950403,0.34467311447325816,HOLD
0,0.3862389928777784,0.2662987329514915,0.3474622741707301,HOLD
0,0.46021772459250443,0.2587813885891772,0.2810008868183182,HOLD
1,0.39896258447780053,0.4301091519957791,0.1709282635264204,HOLD
1,0.22817779521389278,0.46588799386732377,0.3059342109187835,HOLD
2,0.32534441683790016,0.23056185276040955,0.44409373040169026,HOLD
1,0.17842600723520857,0.4946552146763081,0.32691877808848335,HOLD
2,0.2801374291626387,0.2882808509379375,0.43158171989942395,HOLD
2,0.14804560501093117,0.256186577489258,0.5957678174998109,HOLD
2,0.1939195408087099,0.4001102284036706,0.40597023078761957,HOLD
2,0.22131082655940668,0.1507245715319162,0.627964601908677,BUY
2,0.25659014983203693,0.22489825839343183,0.5185115917745312,HOLD
2,0.2812625030107835,0.14787230256397568,0.5708651944252409,HOLD
2,0.20102305379451585,0.37979413004886403,0.4191828161566202,HOLD
2,0.3323259118818064,0.2340110441615785,0.4336630439566152,HOLD
2,0.32783730432716107,0.29715852345351534,0.3750041722193236,HOLD
1,0.2479357531604582,0.4412603708562578,0.3108038759832839,HOLD
0,0.5646586458535306,0.13596107348067055,0.29938028066579875,HOLD
2,0.3073844789948831,0.3369589833108477,0.35565653769426925,HOLD
0,0.42786577675992904,0.38942952213352844,0.18270470110654247,HOLD
0,0.40975162624795597,0.2469620459421975,0.3432863278098464,HOLD
0,0.45360290598056097,0.22164500505369386,0.32475208896574503,HOLD
0,0.5353919056399264,0.1846015062314098,0.28000658812866375,HOLD
0,0.4952428213756517,0.20912668504284554,0.2956304935815028,HOLD
0,0.4590092704858759,0.10947605179961578,0.43151467771450824,HOLD
0,0.4864788088361148,0.36854727912700713,0.14497391203687804,HOLD
2,0.26427281152887216,0.28860174142460604,0.44712544704652185,HOLD
2,0.35287525579075607,0.28701888786457996,0.360105856344664,HOLD
1,0.17073808807805985,0.5277995009105997,0.30146241101134036,HOLD
1,0.2718652942114447,0.4393649936648296,0.28876971212372565,HOLD
0,0.5867392566162805,0.21981573367898533,0.19344500970473427,HOLD
2,0.4007891861726881,0.18148033015561285,0.41773048367169907,HOLD
2,0.225135945744644,0.24420463759486685,0.5306594166604891,HOLD
0,0.6443819376752201,0.2181614132159385,0.13745664910884142,SELL
0,0.703611269688731,0.09096942126319296,0.20541930904807607,SELL
0,0.6061564968185105,0.11753237347694064,0.27631112970454896,SELL
0,0.8840720429780001,0.06161819336126184,0.054309763660738065,SELL
0,0.7698360522690608,0.14066250588320478,0.08950144184773444,SELL
0,0.6298315198961784,0.2796471696328335,0.09052131047098817,SELL
0,0.5505595196377706,0.2955144048411379,0.15392607552109142,HOLD
0,0.4840738899756323,0.11477111020777926,0.4011549998165885,HOLD
0,0.6635715455994659,0.2174092875138546,0.11901916688667943,SELL
1,0.33415887952058454,0.41894586379797105,0.2468952566814444,HOLD
2,0.3803559772020722,0.17644192759509317,0.44320209520283455,HOLD
0,0.5574295707350799,0.13441144640598884,0.30815898285893134,HOLD
0,0.49162315114245303,0.14568433263092323,0.36269251622662374,HOLD
0,0.7858748096796664,0.08094258738916478,0.13318260293116904,SELL
0,0.7656188351801683,0.12996273546154521,0.10441842935828644,SELL
0,0.6781012053400093,0.10402562143423838,0.2178731732257523,SELL
0,0.47082566307598034,0.18542066939508656,0.34375366752893327,HOLD
0,0.43585780952551767,0.3372641725545507,0.22687801791993156,HOLD
0,0.5578620216890662,0.1934502308358853,0.2486877474750486,HOLD
0,0.4902189047641174,0.332613054314427,0.17716804092145566,HOLD
0,0.5840401526538955,0.18187292596421678,0.2340869213818878,HOLD
0,0.6770676149315321,0.18991098279310187,0.1330214022753662,SELL
0,0.6130223794951495,0.1910691661097927,0.19590845439505783,SELL
0,0.5207066620984049,0.28654660166866275,0.1927467362329324,HOLD
0,0.38141079093194646,0.36947916811255194,0.24911004095550143,HOLD
1,0.3281259913193381,0.38973754986580855,0.28213645881485344,HOLD
0,0.40820088864236515,0.3480340042869699,0.243765107070665,HOLD
0,0.3994134647745106,0.3927975205480208,0.20778901467746852,HOLD
0,0.585215595886647,0.15284508807403344,0.26193931603931964,HOLD
0,0.5398233393747847,0.22404547882111533,0.2361311818041,HOLD
0,0.5002904196923045,0.29273236326865554,0.20697721703904,HOLD
0,0.3713350298282002,0.34980892392313967,0.27885604624866006,HOLD
0,0.5566173953438176,0.2076793985747626,0.23570320608141987,HOLD
0,0.5160315058593059,0.31225286753632026,0.17171562660437392,HOLD
0,0.42822668210678966,0.3559799706137476,0.21579334727946275,HOLD
0,0.5725185347051359,0.18648625773156488,0.24099520756329923,HOLD
0,0.5178086460696849,0.2654370184349437,0.21675433549537132,HOLD
0,0.5297242103382247,0.17572339058313027,0.29455239907864506,HOLD
0,0.6471759716307641,0.1586269249309391,0.19419710343829674,SELL
0,0.591075742003629,0.21041884949322745,0.19850540850314352,HOLD
0,0.5852278669092922,0.20096228993469895,0.21380984315600893,HOLD
0,0.5357113385346807,0.22311656154985637,0.24117209991546287,HOLD
0,0.569045969803969,0.17932205849972013,0.2516319716963107,HOLD
0,0.5045618400334846,0.24037821609008114,0.2550599438764343,HOLD
0,0.5202640515930201,0.24507983622474258,0.23465611218223723,HOLD
0,0.5248634589794535,0.1990284890257761,0.27610805199477045,HOLD
0,0.4726062579360993,0.16022718679951656,0.36716655526438413,HOLD
2,0.23690991181097654,0.1833752093364262,0.5797148788525973,HOLD
2,0.22312273671911906,0.21684635471505775,0.5600309085658232,HOLD
0,0.43892530356548576,0.14184964964089866,0.4192250467936156,HOLD
0,0.589868523705786,0.21651643764386103,0.19361503865035296,HOLD
0,0.5972294548218504,0.2461583824233678,0.15661216275478174,HOLD
0,0.3627853876253335,0.2819265549434583,0.3552880574312083,HOLD
2,0.33556267552436253,0.3110662301083071,0.3533710943673304,HOLD
1,0.2606519287833099,0.3827605943473398,0.3565874768693503,HOLD
1,0.31240448893610107,0.4188556997139795,0.2687398113499194,HOLD
1,0.2567046332264208,0.4780957533233793,0.2651996134501999,HOLD
1,0.325432371964398,0.3718802705832394,0.3026873574523626,HOLD
0,0.38254847661991226,0.31576957128840394,0.30168195209168386,HOLD
0,0.3988556795431652,0.3148508179797453,0.28629350247708946,HOLD
0,0.4872047623250447,0.28306450492349977,0.22973073275145559,HOLD
0,0.5391182277393729,0.30177550441930645,0.1591062678413206,HOLD
0,0.46975990104534365,0.3259472274236227,0.20429287153103354,HOLD
0,0.40364027250555196,0.37841647826939295,0.217943249225055,HOLD
1,0.367565433657349,0.4658932779767285,0.16654128836592258,HOLD
0,0.4183378877796179,0.2828359685765903,0.2988261436437916,HOLD
0,0.5120792819937126,0.2820635140499648,0.20585720395632268,HOLD
0,0.5413955824896375,0.18943745205422663,0.2691669654561358,HOLD
1,0.3195098121730733,0.5011568815915257,0.17933330623540097,HOLD
0,0.3875974231913258,0.3829845539569806,0.22941802285169355,HOLD
0,0.40948300184601316,0.39295714351664923,0.19755985463733752,HOLD
0,0.4032256713202603,0.3377511545982757,0.2590231740814641,HOLD
0,0.4090772922266346,0.25466868947248117,0.33625401830088436,HOLD
1,0.3723397654917834,0.3738000987582971,0.2538601357499196,HOLD
0,0.38565993513721664,0.3450468725861669,0.2692931922766164,HOLD
1,0.41065045560148467,0.4489117125561511,0.1404378318423642,HOLD
0,0.4716356629383862,0.2026603029411175,0.32570403412049626,HOLD
0,0.5159037921387589,0.2928297549634022,0.19126645289783878,HOLD
0,0.4359291276041251,0.28173960395853925,0.2823312684373356,HOLD
0,0.5281394561686645,0.2562644858520513,0.2155960579792841,HOLD
0,0.47254695619245685,0.24025238548461425,0.28720065832292896,HOLD
0,0.48326289592657595,0.21932803961888309,0.29740906445454096,HOLD
1,0.20661444906925447,0.5233057043223368,0.2700798466084086,HOLD
2,0.2791575942695941,0.3539739064917582,0.36686849923864767,HOLD
1,0.2062796666382656,0.42534027577018857,0.36838005759154585,HOLD
2,0.21157226031746534,0.3124202177613845,0.4760075219211501,HOLD
2,0.2213543646265834,0.3308423050589033,0.44780333031451336,HOLD
2,0.2718071496938002,0.2594820340700994,0.4687108162361004,HOLD
0,0.3997436799205687,0.2056298368614471,0.39462648321798416,HOLD
2,0.3684143126851496,0.16647308787306211,0.4651125994417883,HOLD
2,0.1666257908304807,0.20608698614219678,0.6272872230273225,BUY
2,0.10011371544995518,0.33649658669174565,0.5633896978582992,HOLD
2,0.3039000952145945,0.21400688619403335,0.4820930185913722,HOLD
0,0.44739969572349503,0.214283595373071,0.338316708903434,HOLD
0,0.5482515423937212,0.12857527203137087,0.3231731855749079,HOLD
0,0.5129817729119679,0.14570044455615688,0.3413177825318751,HOLD
0,0.48394082922540543,0.21460621045321904,0.3014529603213756,HOLD
2,0.44157344799810944,0.08851252052957188,0.4699140314723185,HOLD
2,0.25750500895659156,0.15537215051103362,0.5871228405323747,HOLD
2,0.36049747383787123,0.14725328338234006,0.49224924277978854,HOLD
2,0.353972724974338,0.15078672446632918,0.4952405505593327,HOLD
0,0.4999588970386199,0.20769108647507056,0.2923500164863096,HOLD
0,0.3851859705533284,0.32233043987040605,0.2924835895762656,HOLD
0,0.3881635317686795,0.2993040789381643,0.31253238929315613,HOLD
0,0.38437823303699076,0.35419965300762685,0.2614221139553824,HOLD
0,0.509563544004061,0.23403168878898764,0.25640476720695143,HOLD
1,0.2769797820304879,0.42454931794193224,0.2984709000275798,HOLD
0,0.37003946203590116,0.30886174937437394,0.3210987885897249,HOLD
1,0.33634754206692374,0.36391413055520955,0.29973832737786665,HOLD
0,0.3847839895643753,0.23325727163219792,0.38195873880342673,HOLD
2,0.3261222704769764,0.2938966604149012,0.3799810691081224,HOLD
0,0.45360712178012136,0.27180524337251766,0.27458763484736093,HOLD
0,0.4495314523818212,0.2781500893090915,0.27231845830908713,HOLD
0,0.4097978238308296,0.26433884409998837,0.325863332069182,HOLD
0,0.4533045425847526,0.2426965471160468,0.30399891029920045,HOLD
2,0.3621085452388733,0.2531503231275182,0.38474113163360846,HOLD
0,0.3711783626371316,0.2615761388482301,0.3672454985146383,HOLD
0,0.44604071403582435,0.22967954424042436,0.3242797417237512,HOLD
0,0.4378495937880584,0.24588449879943916,0.31626590741250243,HOLD
0,0.45004670279878717,0.2376159693017795,0.31233732789943347,HOLD
2,0.35618444083197154,0.28241896623595864,0.3613965929320698,HOLD
2,0.3475283780735219,0.2536753827537639,0.39879623917271423,HOLD
0,0.41358345669976854,0.2560706434070882,0.3303458998931433,HOLD
1,0.3217432727683122,0.3751899165177508,0.303066810713937,HOLD
0,0.3668018641478377,0.35060171009007157,0.28259642576209076,HOLD
2,0.34983963462897116,0.2711383085443246,0.37902205682670426,HOLD
0,0.4164825882139926,0.22270767725320845,0.3608097345327989,HOLD
1,0.3044231492650207,0.36977934156179193,0.32579750917318734,HOLD
2,0.3114901188818508,0.16356690741504262,0.5249429737031065,HOLD
2,0.40785718405972843,0.14490871262242236,0.4472341033178493,HOLD
2,0.38575141400515117,0.16366982759446147,0.4505787584003874,HOLD
2,0.3627097470260146,0.27440870236096393,0.36288155061302146,HOLD
0,0.3906026906949451,0.2394467033188684,0.3699506059861865,HOLD
2,0.3067596559112047,0.3229219027657135,0.3703184413230819,HOLD
2,0.26452778574701236,0.23767751311600974,0.4977947011369779,HOLD
2,0.43233710774690687,0.12989027966401198,0.43777261258908123,HOLD
2,0.3897471908473025,0.12081408802551176,0.4894387211271858,HOLD
0,0.47780294052801764,0.14961688088153646,0.37258017859044584,HOLD
2,0.23271769250249152,0.11950004310356559,0.6477822643939429,BUY
2,0.21977726391215657,0.19161628945539236,0.5886064466324511,HOLD
2,0.3069489546840936,0.21350470790458803,0.47954633741131825,HOLD
2,0.34842846307787817,0.24745326219363886,0.404118274728483,HOLD
2,0.2651415157572628,0.25877543741385906,0.47608304682887803,HOLD
2,0.17807225117016445,0.29968361882790623,0.5222441300019294,HOLD
1,0.3354032946373105,0.3562062748000032,0.30839043056268634,HOLD
2,0.4221764310818637,0.14669524626605826,0.431128322652078,HOLD
0,0.4786439975261427,0.2292961484948091,0.29205985397904827,HOLD
0,0.4643606679717423,0.27004687443271863,0.26559245759553896,HOLD
0,0.45031408176039234,0.18230711237697278,0.367378805862635,HOLD
0,0.43228632390928834,0.34711064601759106,0.2206030300731207,HOLD
0,0.4001387113102861,0.27311418129688164,0.3267471073928321,HOLD
0,0.46453992937698324,0.21601971365353914,0.3194403569694777,HOLD
2,0.3710584622891785,0.21004247008294338,0.4188990676278782,HOLD
0,0.4924077024576487,0.2330134732677063,0.27457882427464514,HOLD
0,0.464228148925954,0.3136349828628978,0.2221368682111483,HOLD
0,0.40667624630084076,0.28995742805970326,0.3033663256394559,HOLD
1,0.31579998144076243,0.38967936471820125,0.29452065384103643,HOLD
2,0.3639455732086504,0.2675508966610058,0.36850353013034376,HOLD
1,0.31387870844297905,0.5008226137830566,0.18529867777396436,HOLD
2,0.2138974303147168,0.38082101151482756,0.40528155817045564,HOLD
0,0.376352645961857,0.35648907606442903,0.267158277973714,HOLD
0,0.34312248328758327,0.3291390384520135,0.32773847826040325,HOLD
1,0.3805329442371398,0.3841263472026188,0.23534070856024145,HOLD
1,0.32200141816498024,0.38771165970584204,0.29028692212917767,HOLD
0,0.39302166805081673,0.22882182184125222,0.3781565101079311,HOLD
0,0.5310208076136849,0.28971943706514103,0.17925975532117408,HOLD
0,0.46562497879384457,0.32754646861755043,0.20682855258860502,HOLD
0,0.45079299506087217,0.22978363709408453,0.3194233678450434,HOLD
0,0.4339871006835696,0.1910956733771244,0.3749172259393059,HOLD
0,0.4651556078871361,0.22166948904059944,0.3131749030722644,HOLD
0,0.49625822262907265,0.21684218325237645,0.286899594118551,HOLD
0,0.4105330670860622,0.19633065814714626,0.3931362747667915,HOLD
2,0.2973674441316538,0.31637661438418074,0.3862559414841655,HOLD
1,0.24125272051829255,0.4627468922670792,0.29600038721462824,HOLD
0,0.4168773380695722,0.3544628889464946,0.22865977298393325,HOLD
1,0.26247377243799297,0.564557020803319,0.17296920675868804,HOLD
0,0.4187460532689825,0.33507631051986614,0.2461776362111513,HOLD
0,0.40148439340316294,0.2925634589847802,0.30595214761205686,HOLD
1,0.32040740838112064,0.4018158207603882,0.2777767708584913,HOLD
0,0.5061140963004224,0.1946133887969042,0.29927251490267354,HOLD
0,0.3927084024156383,0.2582360205213428,0.34905557706301893,HOLD
0,0.44493395000285785,0.3296663289424222,0.22539972105471984,HOLD
0,0.45759693844380384,0.2314627299556499,0.31094033160054646,HOLD
0,0.5863009151470935,0.15303406189396512,0.26066502295894145,HOLD
0,0.501859787262236,0.295565646162003,0.20257456657576092,HOLD
0,0.5212677300839547,0.18499880803382196,0.2937334618822234,HOLD
0,0.4095284207213055,0.20457158899395753,0.385899990284737,HOLD
2,0.3291967175667035,0.18880675006458944,0.48199653236870693,HOLD
2,0.3132139778039961,0.26469903004596895,0.4220869921500349,HOLD
0,0.4376190660049326,0.25601086934461237,0.306370064650455,HOLD
2,0.30520255410679886,0.2594961198802379,0.43530132601296323,HOLD
2,0.339948256674265,0.3034780897057732,0.3565736536199618,HOLD
2,0.2792716401712246,0.3076444281171821,0.41308393171159336,HOLD
2,0.3384655045582883,0.24145084692333305,0.4200836485183786,HOLD
2,0.3045360308100281,0.2363162636452603,0.45914770554471174,HOLD
2,0.2922462309899256,0.23188982402776168,0.4758639449823128,HOLD
2,0.2782324643916623,0.24393260278998108,0.4778349328183566,HOLD
0,0.4716304701334642,0.14786388266476708,0.38050564720176877,HOLD
2,0.35072941106912614,0.22403760826165267,0.42523298066922116,HOLD
2,0.2588039055887028,0.20756725895820238,0.5336288354530948,HOLD
0,0.46201112477972217,0.11735985544817382,0.42062901977210404,HOLD
2,0.36573231721296984,0.13522856939540828,0.4990391133916219,HOLD
0,0.41501356363339087,0.19299665156802337,0.3919897847985857,HOLD
2,0.35262442428612567,0.15526524915058273,0.4921103265632916,HOLD
2,0.3768595816793635,0.1612243668288845,0.461916051491752,HOLD
2,0.3276845440502456,0.15478515657991032,0.5175302993698441,HOLD
2,0.33573985799228157,0.1878102262478327,0.4764499157598859,HOLD
2,0.35699538135054054,0.17025749726497771,0.47274712138448166,HOLD
0,0.42872212880202104,0.18235036525579765,0.38892750594218134,HOLD
2,0.286444801115996,0.3544070254488058,0.3591481734351981,HOLD
0,0.43781319615958236,0.2133711676220855,0.34881563621833206,HOLD
0,0.6530386078063292,0.12596688472405146,0.22099450746961938,SELL
0,0.6964786496024415,0.08493697559482108,0.21858437480273737,SELL
0,0.500534823252343,0.0976169006778791,0.40184827606977797,HOLD
0,0.6912268979281495,0.08789993054290525,0.2208731715289452,SELL
0,0.5682561757431552,0.06700939262121781,0.36473443163562697,HOLD
0,0.5284781704905537,0.11897187468782479,0.3525499548216216,HOLD
2,0.38365593146080124,0.08793018040718178,0.528413888132017,HOLD
0,0.48536156326594154,0.1020770842555742,0.41256135247848413,HOLD
0,0.488048868057986,0.142236168781404,0.36971496316061,HOLD
0,0.4799107575345721,0.11222377441494166,0.40786546805048624,HOLD
0,0.4346154459326692,0.24525957688814748,0.3201249771791832,HOLD
0,0.38679453463554814,0.24405939244258693,0.3691460729218649,HOLD
0,0.37980753925178035,0.2489916204130109,0.3712008403352088,HOLD
0,0.4306877643559895,0.19990814311983035,0.36940409252418,HOLD
0,0.39924084499347706,0.2316414179946678,0.3691177370118552,HOLD
2,0.38544061624604453,0.1997778162444067,0.4147815675095488,HOLD
2,0.3596788425303976,0.26211497752508456,0.3782061799445178,HOLD
2,0.2938914336454048,0.33926482021577054,0.36684374613882464,HOLD
2,0.2674066129678884,0.1921018436860019,0.5404915433461097,HOLD
0,0.48528517621717615,0.12751146838619967,0.3872033553966241,HOLD
2,0.38452523133024985,0.12682920155049082,0.4886455671192592,HOLD
0,0.4937172889753037,0.13713249873448416,0.3691502122902121,HOLD
2,0.3302430356127994,0.1798455205199034,0.4899114438672972,HOLD
0,0.6483446881535224,0.11214304753053779,0.23951226431593978,SELL
0,0.7003613670121589,0.08006504304038085,0.21957358994746018,SELL
0,0.6089642221157431,0.08237140601947517,0.3086643718647818,SELL
0,0.5363876732724838,0.13003954629084935,0.3335727804366668,HOLD
0,0.465277169157593,0.1102150853013678,0.4245077455410391,HOLD
2,0.4456861086179104,0.10165246768759503,0.45266142369449464,HOLD
2,0.37657279737043037,0.07864225565923168,0.544784946970338,HOLD
2,0.30848655749645026,0.07892278422927605,0.6125906582742737,BUY
2,0.371204823057448,0.11366283837187821,0.5151323385706738,HOLD
2,0.42423849741521685,0.09633714080122216,0.47942436178356107,HOLD
0,0.5930723483714453,0.07263234553923899,0.3342953060893156,HOLD
0,0.45318829372508646,0.1351794570639775,0.41163224921093605,HOLD
2,0.36280331488388373,0.1232671338669863,0.5139295512491299,HOLD
2,0.2966873435017299,0.1023419828655486,0.6009706736327215,BUY
2,0.3337794976173089,0.13221787376498534,0.5340026286177058,HOLD
2,0.3171034072852759,0.15254059901057365,0.5303559937041504,HOLD
0,0.4317775469014281,0.15756566615216938,0.41065678694640256,HOLD
2,0.3345192504371353,0.3020521381427116,0.36342861142015304,HOLD
0,0.45143551308865615,0.09777776660360706,0.45078672030773687,HOLD
0,0.43886962705814186,0.1397429154917233,0.4213874574501348,HOLD
2,0.3838190163762346,0.12120151009081348,0.49497947353295185,HOLD
2,0.27889703097422575,0.09277006861874626,0.6283329004070279,BUY
2,0.35625958121075535,0.12174286467198375,0.5219975541172609,HOLD
2,0.29451797469626817,0.14085282343345637,0.5646292018702754,HOLD
2,0.4003674666516887,0.09669117516694936,0.502941358181362,HOLD
0,0.44923789930193414,0.12701353986664438,0.4237485608314215,HOLD
2,0.37321645055226715,0.0716785589363958,0.555104990511337,HOLD
2,0.2999703893847932,0.10264435564251766,0.5973852549726891,HOLD
2,0.4236560238930881,0.12880112160323898,0.4475428545036728,HOLD
2,0.29387146877845477,0.0778299378392182,0.628298593382327,BUY
0,0.6017688608221905,0.1050839105965889,0.2931472285812206,SELL
2,0.3289625173985157,0.10398688015590377,0.5670506024455806,HOLD
0,0.43459230974740204,0.21922694609447185,0.346180744158126,HOLD
2,0.25285068859991466,0.15845054601051903,0.5886987653895663,HOLD
2,0.3767507612994462,0.08271842512772476,0.5405308135728291,HOLD
2,0.26650488481516305,0.1101796494143636,0.6233154657704734,BUY
2,0.3342599951397114,0.12441187854355491,0.5413281263167337,HOLD
2,0.21658432087578544,0.18213644295286308,0.6012792361713515,BUY
2,0.30075283913020356,0.186862432232468,0.5123847286373284,HOLD
2,0.2657451412523737,0.1627389433178474,0.5715159154297789,HOLD
2,0.41817816230039945,0.15759124506898056,0.42423059263062,HOLD
0,0.4089549324567934,0.19861437902317014,0.39243068852003654,HOLD
2,0.35050537143306953,0.12017388308089332,0.5293207454860372,HOLD
0,0.45813080810721524,0.19830993374232272,0.3435592581504621,HOLD
2,0.3584903291015649,0.2577782899232028,0.3837313809752323,HOLD
2,0.2167666902086644,0.3829174524918862,0.40031585729944946,HOLD
2,0.2867418957401811,0.2831897330038472,0.4300683712559718,HOLD
2,0.33720527635704284,0.28784576338148316,0.37494896026147395,HOLD
2,0.2994080107353971,0.29789900169448413,0.4026929875701188,HOLD
2,0.3017688928307967,0.2975594711153297,0.4006716360538736,HOLD
2,0.27054686817711826,0.18984363322072018,0.5396094986021616,HOLD
2,0.3049080373690484,0.08508397237197919,0.6100079902589723,BUY
2,0.34276370056721855,0.141208089826329,0.5160282096064525,HOLD
2,0.2906160465835338,0.19401866972085063,0.5153652836956155,HOLD
2,0.2661262789905995,0.17541656664835675,0.5584571543610438,HOLD
2,0.33256024195850065,0.17891509048208465,0.4885246675594146,HOLD
2,0.2729390386446398,0.3269862504370866,0.4000747109182735,HOLD
0,0.4362544172033323,0.15104001031628603,0.41270557248038164,HOLD
2,0.3280319819659748,0.20038388616477032,0.47158413186925485,HOLD
2,0.33023093829601247,0.1879779922126278,0.48179106949135986,HOLD
2,0.2960488831366315,0.2235506049302605,0.48040051193310807,HOLD
2,0.24316381924199137,0.1941924375423737,0.5626437432156349,HOLD
0,0.45510425344888816,0.24602483844381878,0.2988709081072931,HOLD
2,0.43957871998357734,0.10360002264224716,0.45682125737417556,HOLD
2,0.3871918438887455,0.1542229657080358,0.45858519040321877,HOLD
0,0.45362489802085676,0.16753820518684065,0.3788368967923026,HOLD
2,0.3586000361616803,0.2392411934506773,0.40215877038764236,HOLD
2,0.38619307303479117,0.2037912657952963,0.4100156611699126,HOLD
2,0.2172949512246509,0.36118321397331093,0.4215218348020382,HOLD
1,0.30131635996573813,0.37654549851134816,0.32213814152291376,HOLD
1,0.3218543879861265,0.3467496671503045,0.331395944863569,HOLD
0,0.36339980464449,0.30274803006782186,0.3338521652876881,HOLD
1,0.35891730847044484,0.4682772888586117,0.1728054026709434,HOLD
1,0.3098058649771301,0.36050261053720223,0.3296915244856677,HOLD
2,0.26180898199051866,0.3297242266506749,0.40846679135880654,HOLD
2,0.22961045774292702,0.3767027435748517,0.39368679868222134,HOLD
2,0.2552799237996575,0.3324300399496314,0.4122900362507111,HOLD
0,0.36476699495421666,0.29634843106006725,0.338884573985716,HOLD
2,0.2767475725032514,0.33263039493135693,0.3906220325653917,HOLD
1,0.28797208188045104,0.39057718999172775,0.3214507281278213,HOLD
2,0.23704771213676248,0.34761112502465014,0.4153411628385874,HOLD
2,0.3284163303629303,0.20533333779428126,0.4662503318427886,HOLD
0,0.3967948237198149,0.2476260977195127,0.3555790785606723,HOLD
2,0.3321465578564379,0.2969971481237631,0.370856294019799,HOLD
0,0.42754181045361483,0.16594967327878155,0.4065085162676035,HOLD
2,0.27988635975193876,0.26497262649426834,0.4551410137537928,HOLD
2,0.3174968033700979,0.2873466219258601,0.3951565747040421,HOLD
2,0.29125701911307467,0.30225654019401266,0.4064864406929127,HOLD
2,0.2731968882723947,0.3510815896118915,0.37572152211571375,HOLD
0,0.35695392525501546,0.28964667225441654,0.353399402490568,HOLD
2,0.3029070105406068,0.2986386524669444,0.39845433699244887,HOLD
0,0.3923265767326443,0.24620766656341878,0.3614657567039369,HOLD
2,0.32863618871940165,0.26352321363081693,0.40784059764978153,HOLD
2,0.34358145596670414,0.3002706557991058,0.35614788823419014,HOLD
0,0.38302983699793197,0.2738307321212415,0.3431394308808265,HOLD
0,0.42715215990469135,0.2474369738105845,0.3254108662847241,HOLD
0,0.373242598292012,0.2721629340976333,0.35459446761035457,HOLD
0,0.3930499411812405,0.282831184295592,0.32411887452316746,HOLD
2,0.3680383204902691,0.22737589577251754,0.40458578373721343,HOLD
2,0.3161202543089118,0.27626202003514266,0.4076177256559456,HOLD
2,0.26607681698977925,0.3536194264268126,0.3803037565834081,HOLD
1,0.24818965460799244,0.3994586878450375,0.35235165754697,HOLD
0,0.37932042480307654,0.2997887778621774,0.32089079733474607,HOLD
2,0.3585723421597959,0.2593221786497996,0.3821054791904046,HOLD
0,0.36498146278970867,0.30626886608889314,0.3287496711213981,HOLD
2,0.3874918917764801,0.19220437046977232,0.4203037377537476,HOLD
2,0.3366151340885567,0.2856138147985762,0.377771051112867,HOLD
2,0.2805686543881569,0.23655646734962452,0.48287487826221864,HOLD
2,0.3593245483969018,0.21685008352023222,0.42382536808286597,HOLD
2,0.3319920258288652,0.27812342170533505,0.3898845524657996,HOLD
2,0.3453607765405007,0.28648921203594263,0.3681500114235566,HOLD
0,0.37069300107952596,0.2674659841325665,0.3618410147879076,HOLD
2,0.33304748079995794,0.2954966487903408,0.3714558704097011,HOLD
1,0.22158960310019288,0.4261431467249608,0.35226725017484645,HOLD
2,0.3562103610120608,0.25402034276724134,0.38976929622069795,HOLD
2,0.32262381478016083,0.2950943886026205,0.3822817966172187,HOLD
2,0.3069475586015064,0.30051310165032813,0.3925393397481655,HOLD
2,0.25900254177176346,0.3447830517461164,0.39621440648212014,HOLD
2,0.35276354562738893,0.2083918360235011,0.43884461834911,HOLD
0,0.3840179683454368,0.34598434348470924,0.2699976881698539,HOLD
0,0.40047992520787246,0.37403241107420726,0.22548766371792023,HOLD
1,0.323393901653497,0.34829989718849425,0.3283062011580087,HOLD
2,0.3190159857568933,0.26390544884188877,0.41707856540121774,HOLD
2,0.3148487437356963,0.3109446152963271,0.3742066409679765,HOLD
0,0.37016973067231623,0.2945389738087034,0.33529129551898035,HOLD
0,0.4559212197359003,0.21446019298563648,0.3296185872784632,HOLD
0,0.3801599426425815,0.27651650657665444,0.3433235507807641,HOLD
1,0.2582266442481313,0.5086066355329311,0.23316672021893764,HOLD
1,0.2710113406609474,0.5045706871937751,0.22441797214527748,HOLD
0,0.3878524744682745,0.3817882822604142,0.23035924327131124,HOLD
1,0.28653056539579125,0.4659602248129631,0.24750920979124577,HOLD
1,0.2934875362264808,0.37271910860226626,0.33379335517125286,HOLD
0,0.3591575812946438,0.3202607029948678,0.3205817157104885,HOLD
0,0.4149301757130977,0.29528660611381014,0.2897832181730922,HOLD
2,0.3542410879032586,0.22375414936984894,0.4220047627268924,HOLD
1,0.24400631425336758,0.38505039570998567,0.3709432900366467,HOLD
2,0.34898284009901975,0.26336803369098294,0.38764912620999736,HOLD
2,0.24247674455584053,0.36975243406579283,0.3877708213783666,HOLD
2,0.29144322052522226,0.3180551677863832,0.3905016116883946,HOLD
2,0.3113523447998127,0.23377810990368977,0.4548695452964976,HOLD
0,0.3970654239334801,0.22696437779657594,0.37597019826994404,HOLD
0,0.5482592000628307,0.1540875915433479,0.2976532083938214,HOLD
0,0.47005474213431864,0.18626196292834246,0.34368329493733896,HOLD
2,0.31678343028442596,0.26861436671074734,0.4146022030048268,HOLD
2,0.3731456001230304,0.1653836767382453,0.4614707231387243,HOLD
2,0.3833467230975291,0.21826166287434934,0.39839161402812145,HOLD
2,0.2818664391962029,0.3558585229375941,0.3622750378662029,HOLD
1,0.23353593732563446,0.47809039725449076,0.28837366541987486,HOLD
1,0.20829677540203073,0.460020411984388,0.33168281261358135,HOLD
1,0.1469342398692997,0.5708022483059189,0.2822635118247814,HOLD
1,0.2784914298101954,0.408925790402108,0.31258277978769655,HOLD
1,0.27228540130766243,0.3773403638397721,0.35037423485256547,HOLD
2,0.27705939997476536,0.3374676995495558,0.38547290047567884,HOLD
1,0.22627155072830138,0.45878861040298136,0.3149398388687173,HOLD
1,0.2854280299501618,0.3850535627444701,0.3295184073053681,HOLD
0,0.4528145570987015,0.21584474537219336,0.33134069752910517,HOLD
2,0.35758804335697203,0.2490476120995355,0.39336434454349245,HOLD
2,0.35722243946969107,0.16206648369110085,0.48071107683920794,HOLD
0,0.5590346355024114,0.17431841662760442,0.2666469478699842,HOLD
0,0.4298307832923332,0.18825842380638766,0.3819107929012791,HOLD
0,0.38444371818963086,0.27952960972374585,0.3360266720866232,HOLD
0,0.38086941214306563,0.3454356074983473,0.27369498035858697,HOLD
1,0.27889991777644824,0.3850190389420063,0.3360810432815455,HOLD
1,0.3384264296472536,0.37450319740270355,0.28707037295004273,HOLD
1,0.3806385215067643,0.42999864387172265,0.1893628346215131,HOLD
1,0.3020604674121663,0.42124727717359856,0.27669225541423503,HOLD
1,0.2963909756659504,0.38293554733652513,0.3206734769975245,HOLD
2,0.3101119738411771,0.29896224102816704,0.39092578513065585,HOLD
2,0.2233346387230099,0.2910475248869448,0.4856178363900454,HOLD
2,0.32376610525750044,0.19467680791140718,0.48155708683109244,HOLD
2,0.3093598118278926,0.2459357143202796,0.4447044738518278,HOLD
0,0.3773149237983323,0.27104537067627094,0.35163970552539675,HOLD
2,0.3878758071504362,0.1783522219701062,0.4337719708794576,HOLD
0,0.46433662250735797,0.21429769791686848,0.32136567957577344,HOLD
0,0.5098139965030332,0.12132352924653052,0.3688624742504363,HOLD
0,0.4864961590217136,0.1583513215223458,0.35515251945594056,HOLD
0,0.544293166472254,0.18957583715186083,0.26613099637588505,HOLD
0,0.5702282173238654,0.20376049446481279,0.22601128821132183,HOLD
0,0.5132569277053853,0.1901288627456549,0.2966142095489597,HOLD
0,0.4655264602629826,0.17244708026975716,0.36202645946726014,HOLD
0,0.44038780347034023,0.17250788307507217,0.3871043134545876,HOLD
0,0.40101337980234597,0.266611180103955,0.3323754400936991,HOLD
0,0.4059186037326643,0.26761231844483063,0.32646907782250506,HOLD
0,0.4775858606680741,0.22196413876765672,0.30045000056426924,HOLD
2,0.41864646346875256,0.15868996083876893,0.4226635756924786,HOLD
2,0.43233576188456724,0.12545599361519882,0.4422082445002339,HOLD
0,0.48597094212089437,0.174306364150398,0.3397226937287075,HOLD
0,0.4213866920440027,0.17726265713033848,0.4013506508256588,HOLD
0,0.41578322913252486,0.21601530711913464,0.36820146374834045,HOLD
0,0.489793160043223,0.2590641457979369,0.2511426941588401,HOLD
2,0.336673970969058,0.22745107140072163,0.4358749576302204,HOLD
2,0.3421017881188501,0.23023754496941384,0.4276606669117361,HOLD
1,0.21530125783637952,0.4012594230953029,0.3834393190683176,HOLD
2,0.31823097545110346,0.2998673230609721,0.3819017014879244,HOLD
2,0.2799831249273097,0.33777148385661704,0.3822453912160733,HOLD
2,0.2847388412351813,0.3239976407308537,0.391263518033965,HOLD
1,0.27101043994628204,0.37395656329641663,0.3550329967573014,HOLD
1,0.33270907768628827,0.35143110353986756,0.315859818773844,HOLD
1,0.31349597250707995,0.34675898623278606,0.33974504126013394,HOLD
0,0.4005646477251236,0.22580116018580595,0.37363419208907045,HOLD
0,0.39119602900052436,0.24489710520873273,0.36390686579074283,HOLD
1,0.343873192925858,0.3463254580054863,0.3098013490686557,HOLD
0,0.36568040577859856,0.29602148603247697,0.33829810818892453,HOLD
2,0.38057041812453707,0.21871223598459372,0.40071734589086916,HOLD
0,0.37938498232187773,0.2748927337834545,0.34572228389466764,HOLD
2,0.2902162868225865,0.27949039971641904,0.4302933134609945,HOLD
2,0.3211490975378506,0.2903328028755975,0.388518099586552,HOLD
1,0.21839959283126026,0.4204153489888861,0.3611850581798537,HOLD
2,0.2725092632043265,0.32886731122872653,0.3986234255669471,HOLD
1,0.26942267941788667,0.3797657400627851,0.35081158051932815,HOLD
1,0.33672015634847163,0.39606692529012766,0.26721291836140076,HOLD
2,0.17946204253563405,0.33865109347041156,0.48188686399395453,HOLD
1,0.19749875843820755,0.49526865522962754,0.30723258633216494,HOLD
2,0.33740774478447283,0.21883678582813046,0.4437554693873966,HOLD
2,0.26361064783763666,0.3176725487689825,0.4187168033933808,HOLD
1,0.27764741421105593,0.36315966763526986,0.3591929181536742,HOLD
2,0.34275559319327625,0.27530136702879954,0.38194303977792426,HOLD
2,0.33617686313914863,0.3165382266114069,0.3472849102494444,HOLD
0,0.36689352909521117,0.3488428967172255,0.2842635741875632,HOLD
1,0.2981721209262896,0.3945314777023224,0.3072964013713881,HOLD
0,0.4102129623561826,0.3169763116754075,0.2728107259684099,HOLD
2,0.19354222722416536,0.29648808178926356,0.5099696909865711,HOLD
2,0.20826151065969264,0.3203779547741995,0.4713605345661078,HOLD
1,0.25741672514804526,0.4277813287070547,0.31480194614490004,HOLD
0,0.44036025937672396,0.1938252345769789,0.365814506046297,HOLD
1,0.26124899958644837,0.3769535673236593,0.3617974330898924,HOLD
1,0.2572717016290184,0.43740494955108566,0.30532334881989603,HOLD
2,0.30617115140952217,0.33222850933363823,0.36160033925683954,HOLD
1,0.2684328270437128,0.3928635585947993,0.33870361436148777,HOLD
1,0.20672621477999495,0.48916074590563285,0.3041130393143721,HOLD
1,0.2561007727850859,0.39469690002065266,0.34920232719426136,HOLD
1,0.23993348940822742,0.4168930576820408,0.34317345290973167,HOLD
2,0.32194916532008644,0.2830705970960804,0.39498023758383305,HOLD
2,0.3757792848985287,0.2307289346884692,0.39349178041300215,HOLD
2,0.34338214271938433,0.265879080764948,0.3907387765156677,HOLD
0,0.36122246176385014,0.2815092154038793,0.35726832283227045,HOLD
0,0.5153331205231827,0.16692387776922793,0.31774300170758935,HOLD
0,0.4982571100127023,0.16445832815218686,0.3372845618351107,HOLD
2,0.2975614668198859,0.3396988638523291,0.362739669327785,HOLD
0,0.387262285726971,0.29906142070342684,0.3136762935696021,HOLD
0,0.3889521111653081,0.2605553576524769,0.350492531182215,HOLD
2,0.3568336186858088,0.23814821608448253,0.40501816522970857,HOLD
2,0.34010257714767606,0.30087676917267897,0.3590206536796449,HOLD
2,0.3266982197206207,0.31010028144990964,0.36320149882946967,HOLD
0,0.363727141909377,0.32695216921079495,0.30932068887982805,HOLD
2,0.2917980487515021,0.34293498925495497,0.36526696199354286,HOLD
1,0.22514420321063044,0.3881173886664769,0.3867384081228927,HOLD
1,0.26027590584137894,0.38495967544496695,0.3547644187136541,HOLD
1,0.1791948641746082,0.5226890097241562,0.2981161261012356,HOLD
0,0.4888402341159087,0.18087176755705658,0.3302879983270348,HOLD
0,0.5799532763135373,0.14763043619054303,0.2724162874959197,HOLD
0,0.47798889444829207,0.18488277495866745,0.3371283305930405,HOLD
0,0.4869681993842357,0.186375453572216,0.3266563470435484,HOLD
0,0.5153962558231103,0.20255083853952136,0.2820529056373683,HOLD
2,0.3858133715656938,0.19919675894554992,0.4149898694887562,HOLD
0,0.44558444891915505,0.1828486280739013,0.3715669230069437,HOLD
2,0.32815766360296456,0.2603525426499473,0.4114897937470881,HOLD
2,0.3549815673994313,0.25346944871889926,0.39154898388166953,HOLD
1,0.2988619137473628,0.37554096690850813,0.325597119344129,HOLD
0,0.3705338615626416,0.2768787286090921,0.3525874098282663,HOLD
2,0.33525442522386895,0.25632615159489913,0.408419423181232,HOLD
2,0.29947902408326305,0.248044098660413,0.452476877256324,HOLD
2,0.2584334079918245,0.3575715039761462,0.38399508803202936,HOLD
1,0.27204556046728035,0.37754473896362917,0.3504097005690904,HOLD
2,0.30580147125772267,0.33993926919461726,0.3542592595476602,HOLD
0,0.4179113006397275,0.2521595284710168,0.3299291708892558,HOLD
2,0.30569059905640417,0.2712271869076799,0.4230822140359159,HOLD
0,0.43540515018625364,0.2904538384820855,0.27414101133166074,HOLD
2,0.3893697946935875,0.2047239907002525,0.40590621460616,HOLD
0,0.412297248308603,0.21648146242814792,0.37122128926324915,HOLD
2,0.3197046636379282,0.21682100210405775,0.46347433425801404,HOLD
2,0.3119343057994221,0.2170247722285481,0.47104092197202974,HOLD
0,0.5685480282909178,0.11799916444698975,0.31345280726209257,HOLD
0,0.40745868499055865,0.27314912026633065,0.31939219474311076,HOLD
0,0.46399687725852845,0.21583616299423572,0.32016695974723575,HOLD
1,0.17840126632321276,0.4254197943940826,0.39617893928270453,HOLD
2,0.19953595643375338,0.33429043009762405,0.4661736134686224,HOLD
2,0.23787222185602921,0.3548682374821389,0.4072595406618319,HOLD
1,0.1400836063762178,0.475504410937739,0.3844119826860432,HOLD
1,0.25035777322739733,0.3938384598114576,0.3558037669611451,HOLD
2,0.20291673625063703,0.3011649916448972,0.4959182721044658,HOLD
1,0.3202953990077971,0.5093193017050293,0.1703852992871736,HOLD
2,0.16427291974149047,0.34781161152730283,0.4879154687312067,HOLD
2,0.32620858466979563,0.16204670888215217,0.5117447064480523,HOLD
2,0.23540984821131378,0.327348726683926,0.43724142510476016,HOLD
2,0.16502240702649612,0.40244997445700664,0.43252761851649735,HOLD
1,0.3000138881820197,0.4192258656607818,0.2807602461571985,HOLD
0,0.46470505276280744,0.34569118487583006,0.1896037623613624,HOLD
0,0.5564755585625641,0.18672226813788376,0.256802173299552,HOLD
2,0.3731253265973422,0.17265385089550409,0.4542208225071537,HOLD
2,0.36523609416324315,0.18104374062124565,0.45372016521551106,HOLD
0,0.4206295206865845,0.2174856923713488,0.3618847869420667,HOLD
0,0.3957777001072613,0.22160781755260003,0.38261448234013873,HOLD
2,0.44669505788110075,0.09839481341360447,0.4549101287052948,HOLD
0,0.4862702654844199,0.21582995395548293,0.2978997805600972,HOLD
2,0.3586222010110254,0.21689836945283072,0.42447942953614387,HOLD
0,0.37204534831411457,0.300823931856696,0.3271307198291894,HOLD
0,0.46353562237980944,0.16643643585658643,0.3700279417636041,HOLD
0,0.3780667461878805,0.26198665269482785,0.3599466011172916,HOLD
0,0.42340061687873565,0.2516698822806302,0.3249295008406341,HOLD
0,0.3861969859180202,0.26142657452346574,0.352376439558514,HOLD
0,0.40916252029206,0.24895331320980463,0.3418841664981353,HOLD
2,0.1688676198719517,0.32537968490277125,0.5057526952252771,HOLD
0,0.3602173525737921,0.3455892339066739,0.29419341351953393,HOLD
0,0.5145956382733852,0.11785157909754279,0.36755278262907204,HOLD
0,0.5450747122701615,0.1541275683264855,0.30079771940335304,HOLD
0,0.41063544250581935,0.2072189219800773,0.38214563551410335,HOLD
0,0.43247013276633467,0.21770356892320344,0.3498262983104617,HOLD
0,0.4720565588626932,0.14487349216594317,0.3830699489713636,HOLD
0,0.4911348763031322,0.20698053713650738,0.30188458656036044,HOLD
0,0.40946348702486307,0.2838559650356406,0.3066805479394964,HOLD
0,0.3668025593446522,0.31316964570264955,0.3200277949526982,HOLD
1,0.3315676928933573,0.3770517283134809,0.2913805787931618,HOLD
2,0.23252783472104413,0.2212794728940096,0.5461926923849463,HOLD
0,0.4746274495267265,0.14045321663906263,0.38491933383421106,HOLD
0,0.4718906890439258,0.14974718619521254,0.3783621247608618,HOLD
2,0.32058767959955753,0.20828977344042648,0.4711225469600161,HOLD
0,0.4239147017336984,0.15647480055435262,0.419610497711949,HOLD
0,0.5260013139163091,0.08963166388564195,0.384367022198049,HOLD
0,0.4050128341260381,0.25142002962280724,0.3435671362511546,HOLD
2,0.43150788722836175,0.1295888015219501,0.4389033112496882,HOLD
0,0.43998668204299407,0.25019971062617236,0.3098136073308336,HOLD
0,0.44833448581372665,0.23969291839730172,0.3119725957889716,HOLD
0,0.7387121151820485,0.21088624177934573,0.05040164303860569,SELL
0,0.6512227436648047,0.2591470890898249,0.08963016724537032,SELL
0,0.5525364674469437,0.39619149411305116,0.05127203844000507,HOLD
0,0.5187131172259464,0.42314997432431267,0.05813690844974109,HOLD
0,0.46887865023586756,0.438878226734001,0.0922431230301315,HOLD
1,0.44510140903025375,0.47978916774729813,0.07510942322244814,HOLD
0,0.5912666617850073,0.3580708161769012,0.05066252203809149,HOLD
0,0.5691490759531526,0.35947406298258533,0.07137686106426212,HOLD
0,0.5586498588551823,0.36107639061798735,0.0802737505268304,HOLD
1,0.39120479505581573,0.5432692240272223,0.06552598091696199,HOLD
0,0.5791190118162919,0.35202142034915984,0.06885956783454827,HOLD
0,0.6507611951570969,0.2700890163759961,0.0791497884669072,SELL
0,0.6090693393743685,0.2615326068086094,0.12939805381702227,SELL
0,0.675674122293448,0.19014740657318577,0.1341784711333662,SELL
0,0.6143642521196266,0.29673188670179446,0.08890386117857892,SELL
0,0.6205346325576204,0.30178774775054207,0.0776776196918375,SELL
0,0.5892939768155451,0.31829874921045176,0.0924072739740031,HOLD
1,0.41356320434653565,0.5467916589970275,0.039645136656436784,HOLD
0,0.6106169703503462,0.28417209647542496,0.1052109331742288,SELL
0,0.4489998588695469,0.4459166599064237,0.10508348122402934,HOLD
0,0.6001865841729227,0.2730003748434898,0.1268130409835875,SELL
0,0.607129611122849,0.27854793458188326,0.11432245429526779,SELL
0,0.5966986165997238,0.2909860331052652,0.11231535029501089,HOLD
1,0.17830251306848982,0.7610902306714156,0.06060725626009468,HOLD
1,0.20608120047048697,0.6962155022748244,0.09770329725468871,HOLD
1,0.13790463767055397,0.7795333757641891,0.08256198656525686,HOLD
1,0.26242171391646363,0.6245776081053214,0.11300067797821496,HOLD
1,0.30988457472199626,0.5120146899622268,0.17810073531577697,HOLD
1,0.3625692584485197,0.43548744649043925,0.20194329506104108,HOLD
0,0.6174055968204522,0.21130854296029547,0.17128586021925243,SELL
0,0.4763048267688643,0.35486791734745093,0.16882725588368463,HOLD
1,0.18687386895380667,0.6661213411749279,0.1470047898712654,HOLD
0,0.4222903496594114,0.38271522569407523,0.1949944246465134,HOLD
1,0.2468477335807088,0.6568418341930589,0.09631043222623228,HOLD
1,0.3115107458832292,0.6290154389266086,0.05947381519016225,HOLD
1,0.27967908677046155,0.6542042528265253,0.0661166604030132,HOLD
1,0.2541925704410818,0.6981004737949844,0.047706955763933724,HOLD
1,0.16228860586807384,0.801894676598118,0.0358167175338082,HOLD
1,0.1330210238749796,0.8158346695312563,0.051144306593764226,HOLD
1,0.16037337372091448,0.8023061465636315,0.03732047971545388,HOLD
0,0.6798343508978255,0.25450264338277206,0.06566300571940248,SELL
0,0.581716872231578,0.36136013825983493,0.0569229895085871,HOLD
0,0.5075928249829701,0.45239307886535446,0.040014096151675296,HOLD
0,0.5054303604274784,0.429876143891044,0.0646934956814777,HOLD
0,0.4758470510209934,0.4535549189135439,0.0705980300654626,HOLD
0,0.5000585684771478,0.45585019980232505,0.04409123172052717,HOLD
1,0.44076556772788056,0.5176200769481973,0.041614355323922096,HOLD
0,0.5610054354652827,0.3194720856353155,0.11952247889940193,HOLD
0,0.5488938165504549,0.3735182853319554,0.07758789811758963,HOLD
0,0.7658930521963581,0.1881289927169533,0.04597795508668863,SELL
0,0.6068799156019697,0.33386749307249397,0.05925259132553643,SELL
0,0.5544899774490902,0.3723961682463593,0.07311385430455036,HOLD
0,0.6869488636658616,0.1273971251717342,0.18565401116240418,SELL
0,0.5778124285967624,0.226581122722691,0.1956064486805466,HOLD
2,0.3079959922459498,0.1772355502873293,0.5147684574667208,HOLD
2,0.2358293177793209,0.2007247785016504,0.5634459037190287,HOLD
2,0.2326125701611603,0.12152168777674986,0.6458657420620898,BUY
2,0.3470740145702941,0.2190509535337182,0.4338750318959877,HOLD
2,0.19911040391788604,0.19405416228937727,0.6068354337927367,BUY
2,0.32309007278258434,0.09007096481786217,0.5868389623995536,HOLD
2,0.2750383476861363,0.14672148006237493,0.5782401722514888,HOLD
2,0.26388609888857356,0.23423099220173346,0.501882908909693,HOLD
2,0.4222248471338337,0.13379654608735247,0.4439786067788139,HOLD
2,0.32264362494015225,0.2926517534299228,0.384704621629925,HOLD
0,0.4773682172480862,0.23698595208420514,0.2856458306677087,HOLD
2,0.3097664451760654,0.23037265117473824,0.45986090364919646,HOLD
2,0.3878521999693063,0.22160426170863415,0.3905435383220595,HOLD
0,0.40963044746369043,0.28974009521318217,0.30062945732312746,HOLD
2,0.319453781832001,0.1372284984833353,0.5433177196846637,HOLD
2,0.07554396844272106,0.18736882034404337,0.7370872112132357,BUY
2,0.04693514643394664,0.0720020638766553,0.881062789689398,BUY
2,0.2406361498048391,0.2596178564022741,0.49974599379288676,HOLD
2,0.2616136187692225,0.1294494909775353,0.6089368902532422,BUY
2,0.25795298799531946,0.16158038041021838,0.5804666315944621,HOLD
2,0.1482428744236469,0.07779866967111211,0.773958455905241,BUY
2,0.14369193656696164,0.0487434107068981,0.8075646527261402,BUY
2,0.22913924608252023,0.16321996223622406,0.6076407916812557,BUY
2,0.3311745305028476,0.18260437532827367,0.48622109416887865,HOLD
2,0.40816819901282325,0.12494579395214475,0.466886007035032,HOLD
2,0.24153083524211738,0.17981558588070037,0.5786535788771823,HOLD
2,0.13912492627353815,0.11543523184364578,0.7454398418828161,BUY
2,0.07854491140864112,0.0731363208749862,0.8483187677163728,BUY
2,0.0822741483666415,0.15934959284599984,0.7583762587873586,BUY
2,0.0793530767146632,0.1974819935957868,0.7231649296895499,BUY
2,0.06924814482694648,0.105632837265568,0.8251190179074854,BUY
2,0.15502435714359517,0.08627937699044846,0.7586962658659564,BUY
2,0.3052444978757485,0.20173778062860764,0.4930177214956439,HOLD
2,0.30866722074241065,0.16066462207231683,0.5306681571852725,HOLD
2,0.23373067760268043,0.32052233844299344,0.44574698395432616,HOLD
2,0.15794821402080203,0.28724839320549284,0.5548033927737052,HOLD
2,0.10355290904108624,0.2591368359736432,0.6373102549852706,BUY
2,0.18947984210864102,0.34801979753228557,0.46250036035907355,HOLD
2,0.3494551060541614,0.12965345133487413,0.5208914426109644,HOLD
2,0.3456607710127076,0.1436617525591047,0.5106774764281877,HOLD
0,0.4872211470161021,0.19065826291140425,0.32212059007249366,HOLD
2,0.30804527850723973,0.2939796065027248,0.3979751149900354,HOLD
1,0.30068614427045826,0.4696984258130235,0.22961542991651834,HOLD
1,0.3801434568726965,0.5066037393602758,0.11325280376702769,HOLD
2,0.2929409888243964,0.25426649247901684,0.45279251869658677,HOLD
1,0.30928035729355957,0.40115911313170216,0.2895605295747383,HOLD
0,0.5973395940238594,0.27838816570820535,0.1242722402679353,HOLD
0,0.6437264138358326,0.27513941842467243,0.08113416773949485,SELL
0,0.5961759524646273,0.3097073360666523,0.09411671146872035,HOLD
0,0.637138065629163,0.3309899503804187,0.031871983990418344,SELL
0,0.6453355988656018,0.3211784555636554,0.03348594557074284,SELL
0,0.6726495928507406,0.28087978639306227,0.046470620756197144,SELL
0,0.5199002447891915,0.4468348911656153,0.03326486404519321,HOLD
1,0.37936722006904683,0.5464366441288642,0.07419613580208903,HOLD
0,0.5047954430193363,0.432866016129189,0.062338540851474736,HOLD
0,0.6353311147363666,0.32112888960056274,0.04353999566307055,SELL
0,0.7551266631157548,0.2169149770140602,0.02795835987018502,SELL
0,0.572863971139448,0.38159058933321083,0.04554543952734107,HOLD
0,0.5946372444323823,0.2770977421916079,0.1282650133760099,HOLD
0,0.6930391677326679,0.2462243545876024,0.06073647767972964,SELL
0,0.5205880290845765,0.34698101655571884,0.13243095435970467,HOLD
0,0.7023861766519677,0.19155044605839835,0.10606337728963382,SELL
0,0.5538103745346331,0.3451025231697048,0.10108710229566208,HOLD
0,0.5573581439089674,0.33017706142394565,0.11246479466708692,HOLD
0,0.4626660390037025,0.42656157843719544,0.11077238255910189,HOLD
0,0.553840657395868,0.3886952449935562,0.057464097610575963,HOLD
0,0.6193111385510609,0.34881843069789115,0.03187043075104809,SELL
1,0.4635739642072578,0.4864632494987773,0.04996278629396491,HOLD
0,0.6258495646838008,0.32972200608261854,0.04442842923358075,SELL
1,0.4584360464799967,0.4614125663076532,0.08015138721235023,HOLD
1,0.38388375597352087,0.5581213538519598,0.05799489017451931,HOLD
0,0.6614976167842477,0.2633231442232877,0.07517923899246473,SELL
1,0.46306734802446226,0.48373369596775284,0.05319895600778497,HOLD
0,0.6261787684246547,0.30410997815371477,0.0697112534216305,SELL
0,0.6858466468937812,0.27347322892907566,0.04068012417714323,SELL
0,0.5667723886578244,0.30725182775815757,0.12597578358401804,HOLD
0,0.5755127124223542,0.2533206408713901,0.17116664670625573,HOLD
0,0.6826870942134625,0.1782231511507662,0.13908975463577128,SELL
0,0.7405378695506377,0.20219470218079963,0.05726742826856259,SELL
1,0.45016100714062596,0.4747716155068245,0.07506737735254956,HOLD
0,0.7566542936066032,0.2104675371319995,0.03287816926139732,SELL
0,0.6790089880253304,0.29527176254011706,0.025719249434552494,SELL
0,0.7529426820635727,0.227752648862165,0.01930466907426236,SELL
0,0.4980030718560999,0.46755796374146985,0.03443896440243029,HOLD
0,0.50834004104169,0.4461732755951157,0.04548668336319438,HOLD
0,0.48817242047354437,0.4803786248064477,0.03144895472000788,HOLD
0,0.5756040580353734,0.3994046572140514,0.024991284750575077,HOLD
0,0.5022771219733104,0.4338079862215972,0.06391489180509237,HOLD
0,0.4798223652633737,0.43737403830101607,0.0828035964356102,HOLD
0,0.5439491791836865,0.3551381505594776,0.10091267025683592,HOLD
0,0.5009933147801281,0.41810592972254457,0.08090075549732734,HOLD
0,0.5247864826526896,0.44367690149523087,0.03153661585207949,HOLD
0,0.5379693801651042,0.4278952688933505,0.03413535094154526,HOLD
1,0.31785993877259827,0.6350085663844228,0.04713149484297892,HOLD
1,0.4620666849653633,0.4762444971477327,0.061688817886903904,HOLD
1,0.29614400028115817,0.6183802136973208,0.08547578602152113,HOLD
0,0.5853206673263847,0.3706151782607147,0.04406415441290061,HOLD
0,0.4990131936070252,0.39505288833710966,0.10593391805586523,HOLD
1,0.4356999326263267,0.5097653521215144,0.054534715252158805,HOLD
0,0.5429954763687819,0.3257969729189543,0.1312075507122637,HOLD
0,0.5490927224791056,0.32820025007386966,0.12270702744702477,HOLD
0,0.5503682806286764,0.3274891458272775,0.12214257354404612,HOLD
0,0.44006138756442237,0.3279478179327961,0.2319907945027816,HOLD
0,0.4729998709390641,0.3339565921837706,0.19304353687716533,HOLD
0,0.5851709385684861,0.3695763016468657,0.045252759784648176,HOLD
0,0.5064066821473902,0.4437568252108267,0.04983649264178325,HOLD
0,0.5092841198332562,0.46335902260180595,0.027356857564937862,HOLD
0,0.595423145485927,0.2994868067334799,0.1050900477805931,HOLD
0,0.5908210826801922,0.3475876554390649,0.06159126188074295,HOLD
0,0.6954165374483484,0.27526112780825573,0.02932233474339584,SELL
0,0.7150560142218686,0.24839166636866156,0.03655231940946977,SELL
0,0.6379407084319422,0.31726881612009256,0.04479047544796527,SELL
0,0.5580659804184362,0.41552163546200516,0.02641238411955856,HOLD
0,0.5192890606809422,0.44613203151850617,0.0345789078005517,HOLD
0,0.565681778090075,0.4041763398572856,0.030141882052639356,HOLD
1,0.4191830234143815,0.5265040683316088,0.05431290825400968,HOLD
0,0.6680549420005272,0.2971159720269484,0.0348290859725243,SELL
0,0.4956227154584984,0.48114263312135663,0.023234651420144987,HOLD
0,0.6395531930145093,0.32903371134137066,0.0314130956441201,SELL
1,0.46217951276931923,0.48854389572270157,0.04927659150797913,HOLD
0,0.6211572149977533,0.3183966728207784,0.06044611218146826,SELL
1,0.34187056155217965,0.5662641628162887,0.09186527563153177,HOLD
0,0.6364205605195159,0.3071297356623273,0.056449703818156796,SELL
0,0.6089157333163109,0.3230041811907561,0.06808008549293311,SELL
0,0.4815651554375331,0.3713683351305332,0.1470665094319336,HOLD
1,0.2389059974916766,0.5229690608456091,0.2381249416627143,HOLD
1,0.30724657958659074,0.3667895675554242,0.32596385285798496,HOLD
0,0.3997859148124179,0.295949763900393,0.30426432128718905,HOLD
1,0.3286744525545651,0.5048533548843039,0.16647219256113102,HOLD
0,0.5081584748131541,0.2503677090783787,0.24147381610846716,HOLD
0,0.43954715359072694,0.29794043075213855,0.26251241565713457,HOLD
1,0.19921546724488884,0.573599625366698,0.22718490738841332,HOLD
1,0.264948925690262,0.43999711993756896,0.295053954372169,HOLD
2,0.2764017977446954,0.35928750079746485,0.36431070145783967,HOLD
1,0.3619092051675213,0.5116156690821836,0.12647512575029518,HOLD
1,0.4552887721025257,0.4568057005841682,0.08790552731330607,HOLD
0,0.6058752361063497,0.3426499857515778,0.051474778142072505,SELL
0,0.5693387884414389,0.38757698212026537,0.04308422943829564,HOLD
0,0.49396198457502377,0.46169531251462514,0.04434270291035116,HOLD
1,0.35276814805782775,0.5242786067137336,0.12295324522843873,HOLD
0,0.4668576187632891,0.2831621524634126,0.24998022877329826,HOLD
0,0.49830423063887824,0.28904414623614616,0.21265162312497546,HOLD
1,0.13288909103610014,0.7850660144656284,0.08204489449827146,HOLD
1,0.3259373746089069,0.3459375191146508,0.32812510627644226,HOLD
1,0.24430766353721706,0.4192830972589909,0.3364092392037921,HOLD
1,0.20494376827698885,0.47040606446020294,0.32465016726280826,HOLD
2,0.299905164035826,0.1759882007614359,0.524106635202738,HOLD
2,0.2366676528204714,0.3808151163999658,0.3825172307795629,HOLD
2,0.35118984826643995,0.27295408306810687,0.37585606866545324,HOLD
2,0.32486983898816535,0.17165885439938489,0.5034713066124498,HOLD
2,0.23991430147970796,0.3260609750217418,0.4340247234985503,HOLD
2,0.31574866839172416,0.16365021008801872,0.5206011215202572,HOLD
2,0.2798484870446847,0.2384914103086202,0.4816601026466951,HOLD
2,0.35603917090831927,0.14817633871400918,0.4957844903776716,HOLD
1,0.20603036241081493,0.4566243045576682,0.33734533303151687,HOLD
1,0.1858208200215523,0.40829570009588456,0.4058834798825632,HOLD
1,0.3705030839240208,0.43417468400655385,0.19532223206942523,HOLD
1,0.34760269884038175,0.35903342084410134,0.29336388031551686,HOLD
1,0.3053250857096147,0.5240259686855117,0.1706489456048736,HOLD
1,0.2283241381805836,0.5837677934484182,0.1879080683709981,HOLD
1,0.21862331075743216,0.6018027196148383,0.1795739696277294,HOLD
1,0.1965775790980153,0.5670947816064592,0.2363276392955255,HOLD
1,0.16673589568194389,0.5241467482558395,0.30911735606221663,HOLD
0,0.4193636325064673,0.37442563843171023,0.20621072906182256,HOLD
0,0.5461833438242556,0.17329319978850327,0.28052345638724113,HOLD
2,0.24551780333633128,0.19089918429937913,0.5635830123642895,HOLD
2,0.262134605719532,0.1444147131273751,0.593450681153093,HOLD
2,0.2895194915759234,0.11522986081524735,0.5952506476088293,HOLD
2,0.1847429550207355,0.31316953227127686,0.5020875127079876,HOLD
2,0.1996692963249955,0.21132279316348968,0.5890079105115149,HOLD
0,0.38436787260077093,0.25159739891047017,0.364034728488759,HOLD
2,0.23759518235273663,0.3728786201066049,0.38952619754065854,HOLD
2,0.2285853799157249,0.25092126294834066,0.5204933571359344,HOLD
2,0.21213333867509337,0.35954920420739633,0.4283174571175103,HOLD
0,0.42680182696139496,0.23333831236006602,0.33985986067853885,HOLD
1,0.2344136986031134,0.5190403037404085,0.246545997656478,HOLD
1,0.26117268736394633,0.46304611479256313,0.2757811978434905,HOLD
2,0.14950171200814574,0.37914753184067407,0.4713507561511803,HOLD
2,0.19722791794135772,0.33769763003058484,0.4650744520280576,HOLD
1,0.1951880708443163,0.4347896287795415,0.37002230037614214,HOLD
0,0.36697337679024095,0.28646024220767596,0.346566381002083,HOLD
2,0.2955403906825047,0.23099199705486784,0.4734676122626275,HOLD
1,0.24864626238235177,0.37918058084291006,0.3721731567747381,HOLD
2,0.1627048927349059,0.3325440112789145,0.5047510959861796,HOLD
2,0.3286657018545514,0.15315863542809424,0.5181756627173544,HOLD
1,0.1901488003397511,0.4080791386965709,0.4017720609636779,HOLD
0,0.5164597506340968,0.33815984771940755,0.14538040164649563,HOLD
1,0.35755667449999357,0.35758249368799433,0.2848608318120121,HOLD
1,0.29913314514893385,0.35083233286117493,0.35003452198989127,HOLD
1,0.3073462813957878,0.36408875429653254,0.3285649643076798,HOLD
0,0.42438444809917825,0.38506654905427945,0.1905490028465422,HOLD
1,0.3373661953678148,0.40596262321131277,0.2566711814208724,HOLD
0,0.45741460980910276,0.34750131146952506,0.19508407872137218,HOLD
2,0.28618350084161187,0.31161992759820567,0.4021965715601825,HOLD
1,0.37820268863774753,0.43906760397391914,0.18272970738833338,HOLD
0,0.409307699852472,0.35864607163133533,0.23204622851619267,HOLD
1,0.2681096597321145,0.4698176572780944,0.26207268298979114,HOLD
0,0.3750036313099553,0.3404078201385086,0.28458854855153604,HOLD
1,0.31747696825569216,0.3468775413730009,0.3356454903713069,HOLD
0,0.5033225002465107,0.23558224306438535,0.2610952566891039,HOLD
0,0.4549757875453837,0.4127094451302701,0.13231476732434613,HOLD
0,0.4373774791768165,0.38571018353406666,0.17691233728911696,HOLD
1,0.2963859249436746,0.49086057970711905,0.2127534953492063,HOLD
1,0.3071359117181783,0.5224249087922681,0.17043917948955364,HOLD
0,0.5803780944405057,0.2632005793441846,0.1564213262153097,HOLD
1,0.38944279499032264,0.3977524971317464,0.21280470787793096,HOLD
0,0.500540260545893,0.3550374477053313,0.1444222917487757,HOLD
0,0.5180774835743741,0.3540783302190367,0.12784418620658927,HOLD
0,0.4707154910681103,0.3195288185514462,0.20975569038044353,HOLD
0,0.5565325983389969,0.29300241909438224,0.1504649825666208,HOLD
1,0.4010623299267495,0.41928032580308766,0.17965734427016286,HOLD
0,0.44168733099239404,0.32926983398853626,0.22904283501906975,HOLD
0,0.44125660787390886,0.3629399319999622,0.1958034601261289,HOLD
1,0.24922476455901837,0.5928267832963183,0.15794845214466324,HOLD
1,0.22322949779309445,0.5325749508407205,0.24419555136618515,HOLD
1,0.251158490774799,0.38275999481416223,0.36608151441103876,HOLD
1,0.21943938086860393,0.40641851246799043,0.3741421066634057,HOLD
1,0.18490613947142204,0.5610282970907992,0.25406556343777886,HOLD
2,0.31810490547483816,0.16396595016315132,0.5179291443620105,HOLD
2,0.30765891046211835,0.14808008965853697,0.5442609998793446,HOLD
2,0.2878640516448788,0.18261581895811554,0.5295201293970057,HOLD
2,0.21969785122821542,0.15294654169420216,0.6273556070775824,BUY
2,0.21145985572671372,0.2081840376762812,0.5803561065970051,HOLD
2,0.33434479817971063,0.22833333134463266,0.4373218704756567,HOLD
2,0.3496267217303302,0.29800976798555184,0.352363510284118,HOLD
2,0.32945393818152774,0.3073371535037022,0.3632089083147701,HOLD
0,0.4908734391207563,0.261478717887187,0.24764784299205675,HOLD
0,0.6599220563268889,0.2626345401474445,0.07744340352566652,SELL
1,0.459611163063962,0.4719221858363229,0.06846665109971517,HOLD
1,0.40622688424221876,0.5676907560492219,0.026082359708559398,HOLD
1,0.48415654356604126,0.49016441468418426,0.025679041749774638,HOLD
1,0.38042163592329653,0.5847255124943914,0.03485285158231203,HOLD
0,0.5976912657610186,0.35261602626187427,0.04969270797710714,HOLD
1,0.46367562806576545,0.48187503365387263,0.05444933828036193,HOLD
0,0.6797399900417531,0.25234784836712904,0.067912161591118,SELL
0,0.6589389493639317,0.2840219299509438,0.05703912068512437,SELL
1,0.43312626690896866,0.5098352438949474,0.0570384891960839,HOLD
0,0.4384394797304925,0.3822110165702534,0.1793495036992541,HOLD
0,0.5015403951051118,0.2637765374434279,0.2346830674514603,HOLD
0,0.5289077038391571,0.3366367096226624,0.13445558653818054,HOLD
0,0.428392720687658,0.22484302729926106,0.34676425201308103,HOLD
0,0.36495724540102414,0.3398218945886805,0.29522086001029535,HOLD
0,0.4172091049682904,0.2151333403940609,0.3676575546376486,HOLD
0,0.41024888307198787,0.28358338990699483,0.3061677270210172,HOLD
1,0.3041957034496511,0.36768098244562325,0.3281233141047257,HOLD
2,0.26631330809741066,0.32761594093546054,0.40607075096712875,HOLD
2,0.32695228961984807,0.32098965803973223,0.35205805234041965,HOLD
0,0.3591964853779913,0.32411666204784384,0.31668685257416485,HOLD
1,0.38808005000407086,0.4068812599451652,0.20503869005076403,HOLD
0,0.36415123044950465,0.3304882714636632,0.3053604980868321,HOLD
1,0.24052567601274139,0.47869159284679613,0.28078273114046237,HOLD
0,0.3502009390941379,0.30103713508160956,0.3487619258242524,HOLD
1,0.35436628705804346,0.417960905594726,0.22767280734723047,HOLD
0,0.3949773776891988,0.2914345261984271,0.31358809611237404,HOLD
1,0.2573032684151338,0.43509603274548875,0.3076006988393774,HOLD
2,0.3938142207863453,0.1699766319663185,0.43620914724733617,HOLD
2,0.27563722897360476,0.17342041365249744,0.5509423573738977,HOLD
2,0.22193841224564997,0.3360720323142926,0.44198955544005747,HOLD
2,0.29940856033320445,0.2971421505833883,0.40344928908340727,HOLD
2,0.21674842612745007,0.20710923846055604,0.5761423354119939,HOLD
2,0.2579054587623947,0.16938678570093924,0.572707755536666,HOLD
2,0.18848121714884833,0.350717783404362,0.4608009994467897,HOLD
2,0.21716478648560786,0.26178506716744643,0.5210501463469457,HOLD
2,0.3584041605165418,0.052006754854240896,0.5895890846292173,HOLD
2,0.2802809336831883,0.07635708045177345,0.6433619858650382,BUY
2,0.1897318958537091,0.11867163702790905,0.691596467118382,BUY
2,0.09515827839846541,0.10124954404956338,0.8035921775519711,BUY
0,0.5786385379941272,0.15507945922515085,0.26628200278072195,HOLD
2,0.22006472712446887,0.10204209092082869,0.6778931819547024,BUY
2,0.20749279330400824,0.23965984222889194,0.5528473644670998,HOLD
2,0.15901680895087003,0.2133671231331241,0.6276160679160059,BUY
2,0.2511061081344212,0.20482780890714342,0.5440660829584354,HOLD
2,0.3794704139411181,0.10842992384586354,0.5120996622130185,HOLD
0,0.48573960618471707,0.10216432389233929,0.4120960699229436,HOLD
2,0.35627350547957864,0.18910762379444587,0.4546188707259754,HOLD
2,0.2746038932971761,0.22275263253981953,0.5026434741630044,HOLD
2,0.21755209367752207,0.2627330218497349,0.519714884472743,HOLD
1,0.14719962030669706,0.45725145683700186,0.39554892285630106,HOLD
1,0.15515803095465994,0.42989269165133365,0.4149492773940064,HOLD
0,0.47083899636500487,0.3154557440744322,0.21370525956056297,HOLD
1,0.4234159691439047,0.5489969664673318,0.027587064388763634,HOLD
0,0.5411464484985726,0.42596804302218005,0.032885508479247455,HOLD
0,0.7026888257558372,0.25938012833287083,0.03793104591129182,SELL
0,0.5479563944172569,0.4015983032581261,0.05044530232461716,HOLD
0,0.5763545851297032,0.37995653435893945,0.043688880511357366,HOLD
0,0.656251817741386,0.3077002287730432,0.03604795348557089,SELL
0,0.6014202646366594,0.3596742969483586,0.03890543841498197,SELL
0,0.5120444460193603,0.4320790588521543,0.05587649512848538,HOLD
0,0.6954225743563759,0.254048617193321,0.05052880845030308,SELL
0,0.6272060508745892,0.3119124346562722,0.060881514469138524,SELL
0,0.718556744302236,0.23391530095066163,0.047527954747102454,SELL
0,0.6589357894880039,0.271819820476835,0.06924439003516114,SELL
1,0.40699697291365344,0.4713967475258114,0.12160627956053521,HOLD
0,0.5256313361414905,0.3502124575650891,0.1241562062934204,HOLD
0,0.41184536760413526,0.3935813427260066,0.1945732896698581,HOLD
1,0.2611290689210316,0.37016684677529044,0.368704084303678,HOLD
2,0.2918658854080651,0.31843844659024995,0.3896956680016849,HOLD
2,0.3470952725692831,0.2582542085573648,0.39465051887335223,HOLD
2,0.39759735214095937,0.18884404751651304,0.4135586003425276,HOLD
2,0.3206085453286151,0.272724231915302,0.40666722275608286,HOLD
2,0.2921685544872407,0.2426909707552034,0.4651404747575558,HOLD
0,0.4516190342776846,0.21233888778324755,0.3360420779390679,HOLD
0,0.4137036912102099,0.21947372950893243,0.36682257928085765,HOLD
0,0.4958004944814146,0.24315440200095276,0.26104510351763255,HOLD
1,0.38773754125505594,0.4018418847682517,0.21042057397669234,HOLD
0,0.39383340663114225,0.23265818695129117,0.3735084064175666,HOLD
2,0.20569642696387547,0.1532054341858391,0.6410981388502855,BUY
2,0.22575779272031102,0.2640734824245172,0.5101687248551717,HOLD
2,0.25844586385162216,0.23242948264358526,0.5091246535047925,HOLD
2,0.33271780334485673,0.23376241797765956,0.4335197786774838,HOLD
2,0.36815986723474087,0.24753169464268898,0.3843084381225701,HOLD
0,0.40548232765572956,0.23118812194457308,0.36332955039969744,HOLD
2,0.31691310518868226,0.18437852029334525,0.49870837451797256,HOLD
2,0.31902840557348217,0.1825775362706856,0.4983940581558324,HOLD
2,0.3385465830042316,0.23783745909837248,0.423615957897396,HOLD
2,0.2044095903249816,0.15243519338045144,0.643155216294567,BUY
2,0.05511136827563151,0.14833042563241,0.7965582060919584,BUY
1,0.30911562611245247,0.43542709596128903,0.2554572779262584,HOLD
2,0.35202092824366243,0.25410102508977656,0.3938780466665609,HOLD
2,0.3265711471304766,0.2507991906082684,0.4226296622612549,HOLD
2,0.3447216427421309,0.2988789545958866,0.3563994026619826,HOLD
0,0.3428237604367935,0.3253880946857767,0.3317881448774298,HOLD
0,0.3545077464732031,0.3449460109390237,0.3005462425877731,HOLD
1,0.31153570469737507,0.36521834514407603,0.3232459501585489,HOLD
2,0.3260337301326268,0.3195054758435027,0.35446079402387054,HOLD
2,0.33391334686087754,0.31749141508637074,0.34859523805275167,HOLD
0,0.3901589717213972,0.316696807805411,0.2931442204731918,HOLD
0,0.35032181862394846,0.3210578643379318,0.3286203170381197,HOLD
1,0.22301072743502764,0.40434554767091135,0.3726437248940611,HOLD
2,0.3120916590307983,0.31052994738010753,0.3773783935890942,HOLD
0,0.39553942327589836,0.3182077218644085,0.2862528548596931,HOLD
1,0.289267100044486,0.41739576295916936,0.2933371369963445,HOLD
2,0.2883110332922233,0.340300811576581,0.3713881551311957,HOLD
1,0.24254066160412652,0.4429508540389493,0.3145084843569241,HOLD
1,0.33433899566195063,0.3698365457114934,0.29582445862655604,HOLD
0,0.39867537058694197,0.2624657377058968,0.33885889170716127,HOLD
2,0.32554422070602745,0.2904851756898409,0.3839706036041317,HOLD
0,0.36737681241936093,0.3350084317568087,0.2976147558238303,HOLD
0,0.4810298983439253,0.15416633566342353,0.3648037659926512,HOLD
1,0.29895715222799496,0.45133557649973394,0.24970727127227121,HOLD
1,0.3623699701557765,0.37285792863866385,0.2647721012055597,HOLD
0,0.3617519777606187,0.29588464768937445,0.34236337455000687,HOLD
2,0.3330950286063599,0.3147465390016616,0.35215843239197847,HOLD
2,0.34817116235358975,0.3031255074032378,0.34870333024317235,HOLD
1,0.32637695454504606,0.3422165974248061,0.3314064480301479,HOLD
1,0.167369912317942,0.5777352728900544,0.2548948147920035,HOLD
1,0.13297163211081425,0.5888278727753388,0.278200495113847,HOLD
1,0.2350527952765326,0.4780295117098253,0.2869176930136419,HOLD
0,0.37681031595125614,0.32723472171342455,0.29595496233531926,HOLD
1,0.3004942652590609,0.42154689615875485,0.27795883858218434,HOLD
1,0.25874225059693157,0.5089206434029055,0.23233710600016302,HOLD
1,0.3536826134041748,0.35901321253114393,0.2873041740646813,HOLD
1,0.3261716182911451,0.4613801155759447,0.21244826613291012,HOLD
0,0.40922287244925204,0.32556999297155365,0.26520713457919426,HOLD
2,0.28995006310897353,0.33574132023100495,0.3743086166600214,HOLD
0,0.36493751394012025,0.34288707949086544,0.2921754065690142,HOLD
0,0.4767128722621109,0.26866318664745725,0.2546239410904318,HOLD
0,0.4166681304161882,0.24747519721827266,0.3358566723655391,HOLD
2,0.3199979831471239,0.2510388666348617,0.4289631502180144,HOLD
2,0.3376475821048556,0.2930580094617564,0.36929440843338807,HOLD
2,0.35953107417011165,0.2658783152426787,0.37459061058720966,HOLD
0,0.4067483951407284,0.2566777117177592,0.3365738931415123,HOLD
0,0.35205787064910093,0.31016525569144,0.337776873659459,HOLD
2,0.34348037030092327,0.3100826992313112,0.34643693046776547,HOLD
0,0.40049332595421366,0.2284851955900822,0.3710214784557042,HOLD
2,0.3320001543781734,0.3081830664298486,0.3598167791919781,HOLD
0,0.3756348900364215,0.25508601289507693,0.3692790970685016,HOLD
0,0.3450589605084919,0.3099850833575419,0.3449559561339663,HOLD
0,0.35061736020753226,0.3224369532366654,0.3269456865558025,HOLD
0,0.5164073740193179,0.20073832384043305,0.282854302140249,HOLD
1,0.3395337320852637,0.36362579862540656,0.29684046928932967,HOLD
2,0.3120091537011109,0.2683866423376876,0.4196042039612015,HOLD
0,0.44231704284971923,0.1569349920518188,0.400747965098462,HOLD
0,0.42748281579781955,0.2003028326311944,0.3722143515709861,HOLD
2,0.3654689366181772,0.22280325280468152,0.41172781057714125,HOLD
0,0.4333693886776967,0.16975878997648647,0.39687182134581694,HOLD
2,0.3910268973971939,0.1649230913286877,0.4440500112741185,HOLD
0,0.4689279902526549,0.175189733694411,0.355882276052934,HOLD
0,0.44289257348418204,0.171670917598374,0.385436508917444,HOLD
2,0.35214713130360925,0.20760957388924903,0.4402432948071418,HOLD
0,0.4015767694180003,0.23767418750216254,0.36074904307983713,HOLD
2,0.3076828034183735,0.31517914781727263,0.3771380487643539,HOLD
1,0.23701843036539458,0.3894437868841305,0.37353778275047506,HOLD
2,0.30521526899425505,0.29327993975481254,0.40150479125093247,HOLD
2,0.2678922871472495,0.2651781360039184,0.4669295768488321,HOLD
2,0.40179519129559416,0.17595213565357867,0.42225267305082703,HOLD
0,0.38008299126520384,0.24907679739294025,0.37084021134185585,HOLD
2,0.3564840738261577,0.23025965495908512,0.4132562712147572,HOLD
0,0.4324016527199094,0.3168659530666124,0.25073239421347815,HOLD
0,0.4085482259534485,0.23857546160327694,0.3528763124432746,HOLD
0,0.46773399129503423,0.21811936959886766,0.314146639106098,HOLD
2,0.43406406567243633,0.12481331977453099,0.4411226145530328,HOLD
0,0.5184998943863857,0.136705917510289,0.3447941881033254,HOLD
0,0.415744237621401,0.1858034522940733,0.3984523100845257,HOLD
2,0.3828735385632627,0.23100218951214538,0.3861242719245919,HOLD
0,0.4047280419879193,0.200951499358909,0.3943204586531717,HOLD
2,0.343381843044735,0.2753628183366214,0.38125533861864364,HOLD
0,0.3945136994193932,0.21301129152784765,0.39247500905275917,HOLD
2,0.3415674387098717,0.3166426463908221,0.3417899148993061,HOLD
2,0.3320403299405214,0.274806778519065,0.3931528915404136,HOLD
2,0.37449018959863467,0.23159365281355515,0.3939161575878102,HOLD
0,0.4013871102193546,0.2785506715935823,0.32006221818706315,HOLD
2,0.33640049446311193,0.31462659943297433,0.34897290610391374,HOLD
0,0.4441038214948896,0.26052029433468943,0.2953758841704209,HOLD
1,0.22965350303124796,0.4169131280674779,0.353433368901274,HOLD
0,0.3700385642852287,0.33327392788162724,0.29668750783314407,HOLD
1,0.3518485328582998,0.39935338048198354,0.2487980866597166,HOLD
0,0.3753679244169783,0.36069198338820835,0.26394009219481346,HOLD
1,0.1870376773154736,0.6091613664204538,0.20380095626407252,HOLD
0,0.4070571997378898,0.32999497192945443,0.2629478283326557,HOLD
0,0.4096558348873946,0.24632442233742807,0.3440197427751772,HOLD
0,0.430089468468085,0.2299675568724143,0.3399429746595007,HOLD
0,0.4368097510876873,0.264834440712444,0.29835580819986857,HOLD
0,0.404927293756788,0.3057874028061406,0.28928530343707143,HOLD
0,0.3820669597603386,0.2825251710742799,0.3354078691653815,HOLD
1,0.31466679680959325,0.3686844608434163,0.3166487423469905,HOLD
2,0.32665330198851006,0.2821539647080967,0.39119273330339316,HOLD
2,0.2905565470516197,0.31527258565133337,0.39417086729704687,HOLD
0,0.349724058055019,0.3259559553896657,0.3243199865553152,HOLD
0,0.34466106148429787,0.3439521227702162,0.311386815745486,HOLD
1,0.22787801831825774,0.5535305074422225,0.21859147423951958,HOLD
1,0.20940695178816193,0.45586967713090326,0.33472337108093486,HOLD
1,0.2744480537987309,0.4178837911679441,0.307668155033325,HOLD
2,0.17034421283346557,0.3361078071014325,0.4935479800651019,HOLD
1,0.30432062385910624,0.5214621278048479,0.17421724833604577,HOLD
1,0.3181220579032802,0.41109754277575916,0.27078039932096054,HOLD
1,0.2603544913758531,0.4196988754838829,0.3199466331402641,HOLD
2,0.2995407127523083,0.3438291436127569,0.3566301436349348,HOLD
2,0.30937370259450786,0.321986181514129,0.36864011589136314,HOLD
1,0.3017824306026896,0.3683871216414768,0.32983044775583353,HOLD
1,0.3530364895900155,0.387391152956218,0.2595723574537665,HOLD
0,0.3906247495075737,0.34136533280114323,0.2680099176912832,HOLD
1,0.2672975123712301,0.4075597552853455,0.3251427323434244,HOLD
1,0.30385881102538337,0.4243714947233145,0.27176969425130204,HOLD
1,0.2431755341301647,0.38121419564732756,0.37561027022250776,HOLD
2,0.30471181928686614,0.30704745987259185,0.38824072084054206,HOLD
0,0.3466661825982848,0.3151154089938824,0.33821840840783285,HOLD
1,0.3095898631780969,0.4344351164476695,0.25597502037423364,HOLD
1,0.3460172868659532,0.40097437786575785,0.25300833526828886,HOLD
1,0.2936595718493652,0.3895958986549593,0.3167445294956756,HOLD
1,0.24275601891784923,0.44096764473803507,0.3162763363441156,HOLD
1,0.168682742223353,0.4642346902719806,0.3670825675046663,HOLD
1,0.17743349449832077,0.41486304905984345,0.4077034564418358,HOLD
1,0.23669013088691115,0.44502014801714096,0.31828972109594783,HOLD
1,0.2050447570548883,0.5731947815347275,0.22176046141038427,HOLD
1,0.24122006631115708,0.4834676374522912,0.2753122962365517,HOLD
1,0.22689938029017032,0.5637022923695697,0.20939832734025987,HOLD
1,0.2456930176270958,0.5071035497552068,0.24720343261769737,HOLD
1,0.2999709155393796,0.4568948559959693,0.24313422846465113,HOLD
2,0.3439924957311049,0.24720488807315752,0.4088026161957375,HOLD
2,0.323218497982029,0.32235505422082555,0.3544264477971454,HOLD
1,0.3489605470983788,0.36181213236467724,0.28922732053694394,HOLD
0,0.42209066770202136,0.315006254925018,0.2629030773729607,HOLD
0,0.3546896085947287,0.32982256514022995,0.31548782626504135,HOLD
0,0.44291289518319665,0.35500094299961205,0.20208616181719125,HOLD
2,0.36451859161154965,0.24626623696157,0.38921517142688045,HOLD
2,0.32535813967463617,0.3254061087525157,0.3492357515728481,HOLD
0,0.36952033878129664,0.265429011553926,0.3650506496647773,HOLD
2,0.3344336368442825,0.28137481816060517,0.3841915449951123,HOLD
2,0.3213021097543122,0.33422526270915154,0.3444726275365361,HOLD
1,0.29883834873965437,0.3916252316583758,0.30953641960196987,HOLD
0,0.4488236484399745,0.22991729005381578,0.32125906150620964,HOLD
0,0.41881899854223054,0.24486968614460108,0.3363113153131684,HOLD
2,0.2974650862754995,0.2655791959288586,0.43695571779564185,HOLD
1,0.3154777653808033,0.3729412269780334,0.31158100764116337,HOLD
2,0.35099791750766673,0.27428354894914536,0.37471853354318796,HOLD
0,0.48095916075355727,0.28411973612204006,0.23492110312440262,HOLD
1,0.3256740998287658,0.35674208193566165,0.3175838182355725,HOLD
0,0.3986741749432812,0.3237898537825437,0.2775359712741751,HOLD
2,0.29851472872557405,0.33281222133947347,0.3686730499349525,HOLD
2,0.3434630397040814,0.2720164713958558,0.38452048890006285,HOLD
2,0.31372999329103174,0.30518260060602714,0.3810874061029411,HOLD
0,0.489084358118105,0.24439154120840204,0.2665241006734929,HOLD
0,0.3680331360224677,0.2742169112821332,0.357749952695399,HOLD
0,0.4253734834122895,0.244399470468547,0.33022704611916365,HOLD
0,0.37870080757384655,0.2426091745768047,0.3786900178493487,HOLD
2,0.3194506331314359,0.27324577223259217,0.40730359463597193,HOLD
2,0.3313949202328206,0.32053658162540516,0.3480684981417742,HOLD
1,0.27769809768945347,0.39363771498445116,0.3286641873260954,HOLD
2,0.2961418295203607,0.2819744161868706,0.4218837542927687,HOLD
2,0.31398221344336347,0.3130073695583034,0.3730104169983331,HOLD
2,0.2527218520197777,0.3717537548163451,0.37552439316387726,HOLD
1,0.3076497991690238,0.41450684451410086,0.27784335631687546,HOLD
2,0.3356321648910077,0.28619233737157845,0.37817549773741393,HOLD
2,0.35555620527514176,0.27791916680626,0.36652462791859813,HOLD
0,0.4062111217327212,0.2845951645992788,0.30919371366799997,HOLD
1,0.27660084594282985,0.4273825845952569,0.2960165694619134,HOLD
1,0.34343657497611063,0.35375151414109673,0.3028119108827926,HOLD
0,0.3995251912392778,0.30360944624082775,0.2968653625198943,HOLD
1,0.31275128566475763,0.3514832954352455,0.33576541889999695,HOLD
1,0.19063233801370225,0.4682325370523877,0.34113512493391007,HOLD
2,0.2788167439850213,0.32822630937151465,0.39295694664346403,HOLD
2,0.24557417174617185,0.34341021451567266,0.41101561373815537,HOLD
2,0.25686512341506057,0.336256612672853,0.4068782639120864,HOLD
1,0.358903848703992,0.41900348032216556,0.22209267097384247,HOLD
2,0.2526463285454885,0.36397547798017826,0.3833781934743331,HOLD
1,0.22994318858426363,0.39820034550001077,0.3718564659157256,HOLD
1,0.19719684869485907,0.5454870372856258,0.2573161140195151,HOLD
2,0.24078276794628253,0.3678826954633651,0.3913345365903524,HOLD
2,0.38128959966117004,0.22404084328573876,0.3946695570530912,HOLD
2,0.33165146151449126,0.2910118586197732,0.37733667986573544,HOLD
2,0.34942608311525447,0.26626048047849404,0.3843134364062516,HOLD
0,0.3743866443240392,0.3331037892598588,0.2925095664161021,HOLD
0,0.34171479259818344,0.31823346005742187,0.34005174734439464,HOLD
2,0.24461093701673708,0.3226834415716191,0.4327056214116438,HOLD
2,0.2688671511061015,0.33214251664224015,0.39899033225165836,HOLD
2,0.29884424455478364,0.3203921254141052,0.3807636300311111,HOLD
2,0.3074860197414718,0.33704281718494333,0.3554711630735848,HOLD
2,0.31680819807206184,0.3295237312693253,0.3536680706586129,HOLD
2,0.28195944845303106,0.3290347335111783,0.38900581803579065,HOLD
2,0.2442266897093051,0.35802898130035965,0.3977443289903353,HOLD
2,0.28854983377237525,0.31863249112942366,0.39281767509820115,HOLD
2,0.22512096699919487,0.34498963144707906,0.42988940155372596,HOLD
1,0.28215364937906945,0.37893040331246997,0.33891594730846053,HOLD
2,0.19528451248674075,0.3947663656113653,0.40994912190189403,HOLD
2,0.30165543183116417,0.3410383589278064,0.35730620924102946,HOLD
2,0.2759050300756799,0.32608309401108243,0.39801187591323767,HOLD
0,0.4038419016002677,0.31076753881774716,0.28539055958198495,HOLD
1,0.25579903230300755,0.37650248118793705,0.3676984865090554,HOLD
1,0.23376765678236167,0.38941637462151524,0.3768159685961231,HOLD
2,0.2549619034440022,0.3176865295375513,0.42735156701844645,HOLD
2,0.2543855942584879,0.3590289691657379,0.3865854365757743,HOLD
1,0.24203501705503003,0.3856978010420647,0.37226718190290536,HOLD
2,0.26299637198909254,0.3676283266118257,0.3693753013990817,HOLD
2,0.2864579825514202,0.2519478471959828,0.461594170252597,HOLD
2,0.2667251597783917,0.3126106567718892,0.4206641834497191,HOLD
2,0.3133884277850504,0.27572227169883895,0.4108893005161107,HOLD
0,0.3592317418964622,0.2959342972636081,0.3448339608399298,HOLD
0,0.4697536102769954,0.32646953148819735,0.20377685823480718,HOLD
0,0.4150663087219948,0.33169202333510656,0.25324166794289865,HOLD
1,0.35412475752279665,0.3649926989900431,0.28088254348716024,HOLD
2,0.3412728789005165,0.29584197938853796,0.3628851417109455,HOLD
2,0.348877807196684,0.20386974558829632,0.44725244721501967,HOLD
2,0.2684872271295873,0.33952506023468115,0.3919877126357316,HOLD
2,0.23352347292990516,0.3078770498180941,0.4585994772520008,HOLD
2,0.29591270512398055,0.32708435707387057,0.3770029378021489,HOLD
2,0.35491957146534187,0.19359971419783711,0.4514807143368209,HOLD
2,0.308231553988471,0.27922181760815756,0.4125466284033715,HOLD
2,0.3093972589090303,0.2879495483506126,0.40265319274035705,HOLD
2,0.29416162971544474,0.2701831626138737,0.43565520767068155,HOLD
2,0.2749264921406715,0.2969507264874437,0.4281227813718848,HOLD
1,0.26987476328745585,0.3678605260238772,0.3622647106886669,HOLD
0,0.4290327621761311,0.32481968646220316,0.2461475513616657,HOLD
0,0.39749461544617376,0.32612437959657026,0.27638100495725604,HOLD
0,0.36494111821145164,0.32700240220404825,0.3080564795845001,HOLD
0,0.3830544117123146,0.27133950639260895,0.3456060818950764,HOLD
0,0.4498728084765532,0.22543907867193602,0.32468811285151067,HOLD
2,0.40340270949751106,0.17115010903538935,0.4254471814670997,HOLD
0,0.45758963164287003,0.15365181455356763,0.38875855380356245,HOLD
0,0.5114766867716423,0.19591065935956548,0.2926126538687922,HOLD
0,0.46983650711846786,0.16235483649497923,0.36780865638655275,HOLD
0,0.41504097982429083,0.20717912062163066,0.37777989955407854,HOLD
2,0.3917246977308004,0.1877706778143493,0.4205046244548502,HOLD
2,0.33304046886093175,0.18166900604206954,0.4852905250969987,HOLD
2,0.3071744365972043,0.34385448863941004,0.34897107476338557,HOLD
0,0.41278141180722505,0.32274764453432125,0.26447094365845386,HOLD
0,0.42820250204070065,0.2821528834238387,0.28964461453546053,HOLD
0,0.5871166586778453,0.15860551516145835,0.2542778261606962,HOLD
0,0.4148956726607611,0.21679180774501813,0.3683125195942208,HOLD
2,0.37929820168996375,0.14537911545998888,0.4753226828500473,HOLD
2,0.36591423741899404,0.25283331613085036,0.3812524464501555,HOLD
0,0.357291285429323,0.2970846976742502,0.34562401689642686,HOLD
0,0.44388672324857514,0.1654858857454857,0.39062739100593913,HOLD
2,0.3406133904349314,0.20887418273161742,0.4505124268334513,HOLD
2,0.3312199521534479,0.18015097795815263,0.4886290698883995,HOLD
0,0.4171615200248713,0.23076839445785913,0.35207008551726965,HOLD
0,0.3872620100957379,0.28619517447662407,0.3265428154276379,HOLD
2,0.32008604379854905,0.28426031460583345,0.3956536415956174,HOLD
1,0.2819937839474094,0.44969487420121634,0.2683113418513743,HOLD
0,0.35384036564537097,0.30845887809835365,0.3377007562562753,HOLD
1,0.28003974297033213,0.41096892638443455,0.30899133064523326,HOLD
0,0.4258224562088037,0.30303972889994485,0.27113781489125155,HOLD
1,0.22740234531874592,0.5429594048537761,0.22963824982747802,HOLD
1,0.33898766751856024,0.38636016008574464,0.27465217239569506,HOLD
2,0.31341651371616475,0.3325420536431718,0.3540414326406634,HOLD
1,0.2719035875674242,0.38083468611965116,0.34726172631292457,HOLD
1,0.23064261022373567,0.42870100380963627,0.3406563859666281,HOLD
2,0.3346823239947536,0.2587576996598529,0.4065599763453934,HOLD
1,0.2646457075565513,0.39684582047630573,0.3385084719671429,HOLD
2,0.29381892256415704,0.321905814575446,0.3842752628603971,HOLD
2,0.3138981431891555,0.3016311364733629,0.38447072033748153,HOLD
2,0.3669223581417401,0.26612929141548125,0.3669483504427787,HOLD
2,0.35137978957095795,0.2662809789176251,0.3823392315114169,HOLD
1,0.20205964850811298,0.42303536478990916,0.3749049867019778,HOLD
2,0.3155673840312165,0.32773385366914887,0.35669876229963465,HOLD
2,0.37265757995999566,0.22291153179573703,0.4044308882442674,HOLD
2,0.29548969461386687,0.3077580199325538,0.39675228545357927,HOLD
1,0.33925364954377124,0.3554256085073751,0.30532074194885367,HOLD
2,0.3021260171817968,0.30550152654081203,0.3923724562773911,HOLD
2,0.2801594321756388,0.3034421531211714,0.4163984147031899,HOLD
2,0.31733436605442794,0.2870774369332886,0.39558819701228354,HOLD
0,0.4499274753769133,0.24113216389474076,0.308940360728346,HOLD
0,0.37690424151092666,0.25620955727657585,0.36688620121249743,HOLD
0,0.3809845002720097,0.28302868264378467,0.3359868170842055,HOLD
2,0.2932841088240354,0.27587205901907746,0.4308438321568871,HOLD
2,0.3621103749316255,0.24511928819561066,0.3927703368727639,HOLD
2,0.29878026484484144,0.3041805021489363,0.3970392330062222,HOLD
2,0.2016894042010309,0.23335865088534796,0.5649519449136211,HOLD
2,0.32296573688652475,0.30623588568656795,0.37079837742690736,HOLD
2,0.3123074755807325,0.28505331904298103,0.40263920537628645,HOLD
0,0.4747500173043474,0.2055172591286632,0.31973272356698945,HOLD
0,0.3864233429761489,0.24007582507882708,0.37350083194502415,HOLD
2,0.34551590301110624,0.24753602742630296,0.4069480695625909,HOLD
2,0.25875167391833376,0.31858657738418467,0.4226617486974815,HOLD
2,0.2856026851043764,0.20790391455998677,0.5064934003356368,HOLD
2,0.3124770124750029,0.1793359147377373,0.5081870727872598,HOLD
2,0.38728101173213364,0.22235855432126667,0.39036043394659964,HOLD
0,0.45041299018992303,0.18594346614808105,0.3636435436619959,HOLD
0,0.5027840726245599,0.17185827662309874,0.32535765075234135,HOLD
2,0.38331264049458486,0.2083318853021175,0.40835547420329765,HOLD
2,0.2804630615545614,0.3460704640459789,0.3734664743994596,HOLD
2,0.31869084903261813,0.20319277060722318,0.47811638036015863,HOLD
2,0.300242244055246,0.18648270449846654,0.5132750514462874,HOLD
2,0.35190149937363735,0.1597871106337976,0.4883113899925651,HOLD
2,0.31733063785221105,0.21858087807313342,0.4640884840746555,HOLD
2,0.23642772490690897,0.35869040557833526,0.40488186951475585,HOLD
1,0.3049571912128857,0.37600151507002716,0.3190412937170871,HOLD
0,0.3987560904733812,0.25674927516394136,0.34449463436267735,HOLD
0,0.3680706182471882,0.2899798575155824,0.34194952423722935,HOLD
2,0.34037232120108984,0.2930640473666111,0.3665636314322989,HOLD
1,0.15320958747502322,0.5409824451610571,0.3058079673639198,HOLD
1,0.2330643517793508,0.4000439559916738,0.36689169222897544,HOLD
2,0.28851874718960163,0.3209428936802843,0.39053835913011403,HOLD
2,0.30838282981954374,0.20339049596071496,0.48822667421974114,HOLD
2,0.2793013787835122,0.3377268015363458,0.382971819680142,HOLD
0,0.4067243594137399,0.3022826816125692,0.29099295897369093,HOLD
0,0.42949542659527123,0.34639311893819624,0.2241114544665325,HOLD
1,0.3516406854904253,0.3592692980300195,0.2890900164795552,HOLD
2,0.3303175324816992,0.3158286802810591,0.3538537872372418,HOLD
2,0.40802692529897566,0.13904166145015573,0.4529314132508687,HOLD
2,0.18198242301269155,0.30461267785005286,0.5134048991372556,HOLD
0,0.40509414324139725,0.34850526688746986,0.24640058987113284,HOLD
0,0.43849043413802213,0.16004812490062573,0.40146144096135206,HOLD
2,0.2570592726797694,0.2808840579337022,0.4620566693865284,HOLD
2,0.2054869700478577,0.1147397376310444,0.679773292321098,BUY
2,0.2809832199565616,0.20567168033530323,0.5133450997081351,HOLD
2,0.35375554284390304,0.2720090907095437,0.3742353664465533,HOLD
1,0.30553096770348304,0.38111351774714797,0.31335551454936894,HOLD
2,0.27399767310129247,0.30040138611569017,0.4256009407830174,HOLD
2,0.33583518259137857,0.31860672015880187,0.3455580972498195,HOLD
2,0.22104926190656773,0.16886909944440867,0.6100816386490236,BUY
2,0.27704002266517924,0.3183152546121256,0.4046447227226952,HOLD
2,0.2842743685262802,0.3179192297452093,0.39780640172851045,HOLD
0,0.39166252310704586,0.3153860598409338,0.2929514170520204,HOLD
1,0.1968579860536739,0.429664772558505,0.3734772413878212,HOLD
1,0.23669760280109867,0.46902600080445256,0.2942763963944489,HOLD
0,0.3803596851813906,0.32567325264454156,0.2939670621740678,HOLD
1,0.3644010057363891,0.3879066764051405,0.2476923178584705,HOLD
0,0.3971084998639067,0.36546665281758184,0.23742484731851152,HOLD
0,0.5965792455522342,0.2306688849672946,0.17275186948047128,HOLD
0,0.3856102225543947,0.26113911866556877,0.35325065878003653,HOLD
1,0.32046172992782307,0.36624963837374613,0.3132886316984308,HOLD
0,0.3520630131187841,0.34721088063521516,0.3007261062460008,HOLD
0,0.3704540157889672,0.29523323331779433,0.33431275089323853,HOLD
0,0.42148753855735005,0.38775802484807426,0.19075443659457572,HOLD
1,0.24202638299450277,0.4575522045084671,0.30042141249703014,HOLD
1,0.2780022055897035,0.44366564625503524,0.2783321481552612,HOLD
1,0.27912610119542686,0.3843695354372952,0.33650436336727796,HOLD
1,0.3326564820002422,0.33461574449932713,0.33272777350043065,HOLD
2,0.23718057860491792,0.11802512047920129,0.6447943009158807,BUY
1,0.2791830547338398,0.48624777022681354,0.23456917503934666,HOLD
0,0.4897370971019929,0.16036864704567888,0.3498942558523281,HOLD
2,0.25433335293724285,0.29147955198229464,0.45418709508046246,HOLD
2,0.2295266935098907,0.2569636639939057,0.5135096424962037,HOLD
2,0.18585138718466737,0.25503342691115916,0.5591151859041735,HOLD
2,0.18252064059651643,0.16204676186903805,0.6554325975344456,BUY
2,0.15655168212317244,0.18089610247821614,0.6625522153986115,BUY
2,0.13894416853434252,0.32019413942338293,0.5408616920422745,HOLD
2,0.11691104433883619,0.18446743653029282,0.698621519130871,BUY
2,0.26371716165363324,0.22879524249124938,0.5074875958551175,HOLD
0,0.43474145915096907,0.26845647136775047,0.29680206948128035,HOLD
2,0.14475442752837483,0.13655202809515793,0.7186935443764673,BUY
2,0.1640410143627551,0.1698595277567172,0.6660994578805277,BUY
2,0.31422058165436045,0.24183034109945203,0.44394907724618754,HOLD
2,0.3514359592516196,0.2651887132400717,0.38337532750830866,HOLD
1,0.34530203592700437,0.38000255954821405,0.27469540452478164,HOLD
1,0.3187110578837785,0.3956955462452193,0.28559339587100224,HOLD
1,0.24749528281191321,0.50265701271082,0.24984770447726667,HOLD
2,0.2173928202665046,0.349927002590469,0.4326801771430264,HOLD
2,0.2966393894564037,0.33721497177803317,0.3661456387655631,HOLD
2,0.21918046964663637,0.17977961593125025,0.6010399144221135,BUY
0,0.41513396120445306,0.1783932189116556,0.4064728198838914,HOLD
2,0.4145235665872892,0.14805769904277152,0.4374187343699394,HOLD
1,0.3281781245450336,0.3574770379435026,0.3143448375114638,HOLD
2,0.38784424707800036,0.16627007534085128,0.4458856775811483,HOLD
2,0.24334531374916651,0.2579366277085646,0.4987180585422689,HOLD
1,0.3027323140585064,0.3632282840681201,0.3340394018733735,HOLD
2,0.33058875402462107,0.3259830529779645,0.3434281929974145,HOLD
2,0.3566578338598473,0.26374455111478,0.37959761502537276,HOLD
2,0.33750597334426297,0.2563851640099993,0.4061088626457377,HOLD
2,0.3004528998096151,0.33997687329546716,0.3595702268949178,HOLD
2,0.31193730366707123,0.16992727083367418,0.5181354254992546,HOLD
0,0.5985129260240784,0.1600735684250217,0.24141350555090002,HOLD
0,0.4444197756781081,0.2644472807295973,0.2911329435922947,HOLD
2,0.26612659847365017,0.23771713580843312,0.49615626571791666,HOLD
2,0.33578989539142023,0.24337462780865793,0.42083547679992184,HOLD
2,0.3386151532215027,0.22550709434983288,0.43587775242866433,HOLD
2,0.27509517254971677,0.24399748671709204,0.48090734073319114,HOLD
2,0.2931323007942104,0.26346208693698614,0.44340561226880354,HOLD
0,0.4391760488677214,0.21874328852134145,0.3420806626109372,HOLD
0,0.3956762067085912,0.2088859340658647,0.3954378592255441,HOLD
0,0.4515373925881544,0.17229102995320872,0.376171577458637,HOLD
2,0.33754865739847395,0.19247062022849246,0.4699807223730336,HOLD
2,0.3723375047203923,0.17981711642076198,0.44784537885884573,HOLD
2,0.37550028152516635,0.14677244578108326,0.47772727269375037,HOLD
2,0.26680759452188607,0.15609062551435837,0.5771017799637556,HOLD
0,0.420956053783184,0.17700750747938784,0.40203643873742817,HOLD
2,0.34508717317444276,0.18175179431839578,0.47316103250716135,HOLD
2,0.3505290363225049,0.279827198276091,0.3696437654014041,HOLD
2,0.36273274177015596,0.21843782061733424,0.41882943761250985,HOLD
2,0.3342586190317148,0.3265079874985091,0.33923339346977616,HOLD
0,0.3733890606096425,0.32409748499652974,0.3025134543938278,HOLD
2,0.33623272401906007,0.32721214113911923,0.33655513484182076,HOLD
0,0.4981447478477082,0.1664948560469306,0.3353603961053613,HOLD
2,0.38651027479538214,0.19683021935881126,0.4166595058458066,HOLD
0,0.4326076963960506,0.1896795404857645,0.37771276311818497,HOLD
2,0.353807686712998,0.20749189478937277,0.43870041849762936,HOLD
2,0.3996836759928792,0.19434582124651928,0.4059705027606016,HOLD
2,0.3287906069778283,0.25808150833110927,0.41312788469106243,HOLD
0,0.516169687802339,0.1446325145735897,0.33919779762407143,HOLD
0,0.4340578440391663,0.15865679640724623,0.40728535955358747,HOLD
0,0.4433663518334519,0.16582974042629192,0.39080390774025614,HOLD
2,0.40679796090689285,0.12384900783404695,0.4693530312590603,HOLD
0,0.4350755800805941,0.16523720437953432,0.39968721553987163,HOLD
2,0.3542640954801911,0.16104384129987823,0.4846920632199305,HOLD
2,0.3231603751756964,0.27296940193880437,0.40387022288549923,HOLD
2,0.2775425656832396,0.2321026151366064,0.4903548191801539,HOLD
2,0.3454732893247782,0.27682802718756827,0.37769868348765345,HOLD
1,0.22162926102217625,0.4382411238214728,0.3401296151563511,HOLD
1,0.22411990396350137,0.44142521101027576,0.33445488502622284,HOLD
0,0.4238681460521087,0.26286596967542614,0.3132658842724652,HOLD
2,0.2992196524627278,0.26892888247552627,0.4318514650617458,HOLD
0,0.3910395919769793,0.2869474905926791,0.3220129174303417,HOLD
2,0.3645856445344652,0.1919641375782949,0.4434502178872399,HOLD
2,0.3499855653125042,0.24237634350724394,0.4076380911802519,HOLD
2,0.39245533930174953,0.1285827900668244,0.47896187063142615,HOLD
2,0.33936330244818946,0.19969154713736936,0.4609451504144412,HOLD
2,0.4235733960664069,0.12161917949830348,0.45480742443528954,HOLD
2,0.3594467347707208,0.211334660774889,0.42921860445439014,HOLD
0,0.4436442677006354,0.21271849565149828,0.34363723664786633,HOLD
2,0.35756961689300476,0.25547374611347945,0.38695663699351573,HOLD
0,0.38633856286735135,0.2590229315307906,0.354638505601858,HOLD
0,0.4489529374138532,0.15958756695481893,0.3914594956313277,HOLD
0,0.38108385133281986,0.24128753528973687,0.3776286133774433,HOLD
0,0.5599241765606303,0.15140177920327402,0.2886740442360958,HOLD
0,0.46524435997675,0.18211922160925634,0.3526364184139938,HOLD
0,0.44025658889015584,0.2381988998080097,0.32154451130183453,HOLD
0,0.43075989621193883,0.1875049038999677,0.38173519988809346,HOLD
0,0.41178912162171116,0.21469554270395366,0.37351533567433526,HOLD
0,0.4795665738840218,0.17999431975467037,0.34043910636130775,HOLD
0,0.39270115204791073,0.2934118780831544,0.31388696986893494,HOLD
0,0.5411605641498869,0.22751006280219896,0.23132937304791412,HOLD
0,0.5541610568781252,0.20487006343218728,0.24096887968968753,HOLD
0,0.41506002769505435,0.2397904078318451,0.3451495644731006,HOLD
0,0.5036624046028396,0.1788136445512453,0.31752395084591506,HOLD
2,0.31444759187191057,0.2391780068569354,0.4463744012711541,HOLD
2,0.36423929944366157,0.18127987829996034,0.4544808222563781,HOLD
2,0.3186335328174093,0.2354546598174764,0.4459118073651142,HOLD
2,0.32601042384455786,0.28257882090692626,0.3914107552485158,HOLD
0,0.44070250678788936,0.28273812742762366,0.27655936578448703,HOLD
0,0.48922630771725595,0.14748364840705677,0.36329004387568725,HOLD
0,0.5131141807477438,0.11445156296871,0.37243425628354615,HOLD
0,0.47466966304381264,0.07736528816688734,0.44796504878930005,HOLD
2,0.21519968037967965,0.13458417857792143,0.6502161410423988,BUY
0,0.6203141863784445,0.16922080646581694,0.2104650071557386,SELL
2,0.3344802025635087,0.07693702920920313,0.5885827682272881,HOLD
0,0.5937240198117774,0.11274765084563405,0.29352832934258855,HOLD
0,0.36190111901956407,0.29513854444178955,0.3429603365386463,HOLD
0,0.4985316070177067,0.26390700636981373,0.23756138661247955,HOLD
2,0.40261977844142754,0.15799974947631337,0.4393804720822591,HOLD
2,0.3328284539014952,0.19349178727049104,0.4736797588280137,HOLD
0,0.39441322014337404,0.22487002947321802,0.38071675038340796,HOLD
2,0.2979126847324332,0.25545200158109027,0.4466353136864766,HOLD
0,0.42368768725108413,0.2727796231565534,0.30353268959236257,HOLD
0,0.3700114585751291,0.28417624281443005,0.3458122986104409,HOLD
0,0.4774530014152674,0.20574457818366906,0.31680242040106343,HOLD
0,0.3744242178696875,0.27902602234773605,0.34654975978257657,HOLD
2,0.3346341619255074,0.2880234419213771,0.37734239615311566,HOLD
0,0.41815728873743807,0.30889062103751047,0.2729520902250514,HOLD
0,0.4921111334584572,0.21876830448915563,0.28912056205238723,HOLD
1,0.32406453805389795,0.43477774918422746,0.2411577127618747,HOLD
1,0.2940100935974457,0.3797049333247693,0.3262849730777851,HOLD
2,0.3329783712606573,0.31505962988493774,0.3519619988544049,HOLD
2,0.3634562108170531,0.226869513265093,0.4096742759178538,HOLD
2,0.25011591682180034,0.2668683940372245,0.4830156891409752,HOLD
1,0.20450745645266818,0.47106274896554634,0.32442979458178545,HOLD
1,0.31339620556297404,0.3456126687950157,0.3409911256420104,HOLD
0,0.3793744105197138,0.3237788777002745,0.29684671178001154,HOLD
0,0.40072768727849184,0.36157965898971406,0.23769265373179407,HOLD
2,0.2869849441344861,0.34576477093750463,0.36725028492800926,HOLD
2,0.3145228141064258,0.32525411951846683,0.3602230663751074,HOLD
1,0.30834558835231823,0.39818060222870033,0.2934738094189815,HOLD
0,0.36259166282460326,0.31201738315219224,0.32539095402320445,HOLD
0,0.4132006539008881,0.23849275664399003,0.34830658945512183,HOLD
1,0.2785546388394464,0.40344646102172965,0.3179989001388239,HOLD
1,0.27658699106323015,0.4033446989142697,0.3200683100225002,HOLD
0,0.3722972455672227,0.3662384185536794,0.26146433587909795,HOLD
2,0.3222048173933863,0.3269491999356369,0.3508459826709767,HOLD
2,0.3056494974084435,0.32297459204711004,0.3713759105444464,HOLD
0,0.3818052476582302,0.29739028183741434,0.32080447050435545,HOLD
2,0.30400022178784075,0.23426778083279173,0.4617319973793675,HOLD
2,0.36042985988350895,0.24853387908046404,0.39103626103602707,HOLD
2,0.3119598525367977,0.27452311196678464,0.41351703549641766,HOLD
2,0.3172483751796962,0.23916330257288865,0.44358832224741523,HOLD
2,0.3271444897120439,0.26548378384825316,0.4073717264397028,HOLD
2,0.3506856856463111,0.23292446483508034,0.4163898495186085,HOLD
0,0.41674557428956244,0.285173907630755,0.29808051807968255,HOLD
2,0.32951119442775206,0.2838540506650425,0.3866347549072055,HOLD
2,0.36205270494814423,0.22526399869141753,0.4126832963604382,HOLD
2,0.36669147136743546,0.24596023934182648,0.38734828929073806,HOLD
2,0.3880015088211469,0.19513031263168834,0.4168681785471646,HOLD
2,0.23848755875453878,0.3156319746799184,0.4458804665655429,HOLD
2,0.348706084953763,0.29025682245919077,0.3610370925870462,HOLD
1,0.28243639377146806,0.382059522484657,0.3355040837438749,HOLD
2,0.33458244948033417,0.2739623650652668,0.391455185454399,HOLD
0,0.394077086026364,0.28176084100517834,0.3241620729684576,HOLD
0,0.4286866962224625,0.26162072907862943,0.3096925746989081,HOLD
0,0.5592377684219556,0.20664646216934487,0.2341157694086996,HOLD
0,0.5588281177509868,0.20689983487655994,0.23427204737245322,HOLD
2,0.2289642127498949,0.3579477018756046,0.4130880853745005,HOLD
2,0.2855011513611846,0.23727612849177568,0.4772227201470397,HOLD
0,0.5916350710934031,0.1702193932761355,0.23814553563046129,HOLD
0,0.46888597074771243,0.27592194698720224,0.25519208226508533,HOLD
0,0.46062631980963403,0.28108480783511675,0.2582888723552493,HOLD
0,0.4097602840045385,0.2125526547968228,0.3776870611986387,HOLD
2,0.3275227433985688,0.32327993060397087,0.3491973259974604,HOLD
0,0.46713692315398947,0.2832007670902041,0.24966230975580647,HOLD
0,0.45165729898574936,0.23365624555809797,0.3146864554561527,HOLD
0,0.4647352144476635,0.22849317895252438,0.30677160659981206,HOLD
0,0.44241122342470335,0.2666413515815021,0.29094742499379456,HOLD
0,0.5247126675744697,0.1934598200906895,0.2818275123348409,HOLD
0,0.5828351260820471,0.1909233022695953,0.2262415716483575,HOLD
0,0.4394113444634652,0.2646337268495311,0.2959549286870037,HOLD
0,0.3408935345873505,0.32452317212008125,0.33458329329256825,HOLD
0,0.5489586336739287,0.2021377664471469,0.2489035998789245,HOLD
0,0.5449595706461957,0.18661114838917864,0.26842928096462576,HOLD
0,0.5951163844937094,0.17764222748186756,0.22724138802442304,HOLD
0,0.6549994655594249,0.15768331714380307,0.1873172172967721,SELL
0,0.6618348794264115,0.19484359755275607,0.14332152302083234,SELL
0,0.5440504483851341,0.16351674125437685,0.2924328103604891,HOLD
0,0.48620558718680496,0.16373627769090118,0.3500581351222938,HOLD
0,0.409993960670088,0.2679504587769273,0.3220555805529847,HOLD
0,0.3743489437528194,0.28386178903421183,0.3417892672129687,HOLD
2,0.2715021004018745,0.29922156330119487,0.4292763362969305,HOLD
0,0.4208431558430673,0.24610564560772794,0.33305119854920484,HOLD
0,0.43244793515465396,0.3032959048161274,0.2642561600292186,HOLD
0,0.5746671694896556,0.22560563124746952,0.19972719926287474,HOLD
0,0.5649576569129166,0.19427739208276232,0.24076495100432102,HOLD
0,0.5888337822073463,0.16962956715234123,0.24153665064031257,HOLD
0,0.424832242291244,0.19701191611016097,0.3781558415985951,HOLD
0,0.5030974235217108,0.19341253093965843,0.30349004553863074,HOLD
0,0.4607001246734012,0.2536263524334626,0.28567352289313624,HOLD
0,0.42304840726898146,0.22021260454684718,0.3567389881841713,HOLD
2,0.3200511278527766,0.23323989124346717,0.4467089809037563,HOLD
0,0.49973927118453954,0.26697429460818217,0.23328643420727826,HOLD
0,0.5216333806220741,0.25380241166953743,0.22456420770838853,HOLD
1,0.33113333592928423,0.3413682050790732,0.3274984589916426,HOLD
0,0.5030999301478333,0.2664720480333757,0.23042802181879105,HOLD
0,0.4449979501249182,0.2552983076918549,0.299703742183227,HOLD
2,0.3251437138508594,0.2691916254291902,0.4056646607199505,HOLD
2,0.3649133348004164,0.24839081073265284,0.3866958544669308,HOLD
0,0.3691058554775845,0.30543669505410054,0.3254574494683149,HOLD
0,0.49710580410256594,0.24785013948222975,0.25504405641520417,HOLD
2,0.2838366077020362,0.31609521135913704,0.4000681809388267,HOLD
0,0.4341252139604982,0.275855518694088,0.29001926734541383,HOLD
0,0.4564386371161688,0.30332594391751977,0.2402354189663114,HOLD
0,0.37513319517042965,0.3235010394188506,0.3013657654107198,HOLD
0,0.3956056631065395,0.24206120241046958,0.36233313448299087,HOLD
0,0.6476690843152396,0.226787450985888,0.12554346469887237,SELL
0,0.4255701087006448,0.21981898744080502,0.35461090385855015,HOLD
0,0.4379553359251022,0.2145321891440233,0.3475124749308745,HOLD
2,0.3456293021847055,0.2577765418834246,0.39659415593187003,HOLD
2,0.3530077702365094,0.2889377718647408,0.35805445789874973,HOLD
2,0.3153247765159105,0.30774576176728,0.37692946171680936,HOLD
0,0.35297523442760126,0.29813177646154043,0.3488929891108583,HOLD
1,0.3107345610851507,0.3506553775926469,0.3386100613222025,HOLD
1,0.2964459691484257,0.36935104631424664,0.33420298453732783,HOLD
2,0.3090326723219228,0.32369124073672173,0.36727608694135544,HOLD
2,0.2626443646703265,0.3373815118481926,0.39997412348148087,HOLD
2,0.3004359198226307,0.26586322865895473,0.4337008515184146,HOLD
0,0.39292069241140704,0.3094562641256052,0.29762304346298774,HOLD
0,0.3935258950940663,0.3286581172675995,0.27781598763833415,HOLD
2,0.3141479740189351,0.2848791911136372,0.4009728348674277,HOLD
2,0.29819452943240105,0.3290105799834877,0.3727948905841113,HOLD
1,0.26457449833572205,0.42834313459279644,0.30708236707148134,HOLD
1,0.3705136630422057,0.37490860372672297,0.2545777332310714,HOLD
0,0.44322015700174056,0.22814170730787584,0.3286381356903836,HOLD
2,0.2768497761261167,0.17534083675919646,0.5478093871146869,HOLD
0,0.4069385348842632,0.19236971502426523,0.4006917500914715,HOLD
0,0.4361050875531394,0.21192582041207067,0.3519690920347899,HOLD
0,0.6100873850084434,0.0898375320425268,0.30007508294902985,SELL
2,0.42138523738974504,0.08800138174589026,0.4906133808643646,HOLD
0,0.40215106672037687,0.28579560031373286,0.3120533329658902,HOLD
1,0.2785122966026658,0.3993833865093854,0.3221043168879489,HOLD
0,0.593105260776566,0.1745941360294151,0.23230060319401885,HOLD
0,0.3504880910172394,0.31223409597349544,0.3372778130092652,HOLD
0,0.6969765518290658,0.13594139517734724,0.16708205299358683,SELL
0,0.6642976040055252,0.1797560932566683,0.15594630273780652,SELL
0,0.6254587289994228,0.18915578876836825,0.18538548223220885,SELL
0,0.4574054151775515,0.1841400738832266,0.35845451093922187,HOLD
2,0.3718723542424201,0.2342545213179479,0.39387312443963207,HOLD
0,0.6697777185666756,0.1678505115845298,0.16237176984879464,SELL
0,0.6633146782646805,0.17143088078577456,0.16525444094954495,SELL
0,0.37330023050673655,0.3560131813433291,0.2706865881499343,HOLD
0,0.4617337972086663,0.29247526266399304,0.24579094012734068,HOLD
0,0.4781717114516816,0.28890052693550144,0.23292776161281706,HOLD
2,0.30749919375375223,0.24560322587312075,0.44689758037312705,HOLD
0,0.3504294710432406,0.321425585349156,0.32814494360760343,HOLD
2,0.32128770217797226,0.18720446466119045,0.4915078331608373,HOLD
2,0.38646464673797504,0.21131316718479104,0.402222186077234,HOLD
2,0.3184510548663424,0.12472517535212577,0.5568237697815318,HOLD
0,0.5879473973593022,0.10610486497103809,0.30594773766965966,HOLD
2,0.3839927688338996,0.14211267106392722,0.4738945601021732,HOLD
0,0.6711722002532408,0.09255907847944533,0.23626872126731388,SELL
0,0.5214937786537646,0.13464939815466537,0.3438568231915701,HOLD
0,0.5829351386574655,0.1894068145425554,0.22765804679997914,HOLD
0,0.4233799131076876,0.20144202060369895,0.3751780662886134,HOLD
2,0.31808723560738705,0.18461151257679262,0.49730125181582036,HOLD
0,0.45977269674241156,0.1778005347116126,0.36242676854597583,HOLD
0,0.5104434363539957,0.18411096178068062,0.30544560186532355,HOLD
2,0.29501883828735886,0.2693070915381224,0.4356740701745187,HOLD
2,0.38096902133335364,0.23717571940710697,0.38185525925953934,HOLD
0,0.5681909410442983,0.161087067148322,0.2707219918073797,HOLD
0,0.4706876348822721,0.178423933308851,0.3508884318088769,HOLD
0,0.5126824364098483,0.142647859719484,0.34466970387066764,HOLD
2,0.33693015914662194,0.2145809471612952,0.4484888936920827,HOLD
0,0.45362293743594717,0.2762211509670705,0.27015591159698243,HOLD
2,0.2621858931304939,0.2413778283895118,0.4964362784799942,HOLD
2,0.2657195174046093,0.24407052097026033,0.49020996162513025,HOLD
2,0.34424001165129225,0.26494059657257546,0.39081939177613234,HOLD
2,0.2975933223155279,0.2601567166087148,0.44224996107575737,HOLD
2,0.33556031355372706,0.30044701370988225,0.3639926727363907,HOLD
1,0.32304137030004115,0.3605877107819308,0.31637091891802793,HOLD
1,0.30241757596102276,0.3549888120377129,0.3425936120012643,HOLD
2,0.23529555914381609,0.37595497890105434,0.38874946195512955,HOLD
0,0.587621356890861,0.10687845690671126,0.3055001862024277,HOLD
0,0.435177724028348,0.17901879274053736,0.3858034832311146,HOLD
2,0.3369658274567125,0.16990240622980615,0.49313176631348143,HOLD
0,0.46152924107701704,0.1414670362010101,0.397003722721973,HOLD
2,0.2948607918188528,0.12301379301332799,0.5821254151678192,HOLD
2,0.41832720411041313,0.15396788738671688,0.42770490850287013,HOLD
2,0.3920980969407665,0.21136166477056847,0.396540238288665,HOLD
0,0.47692949534775625,0.21768819253771232,0.30538231211453143,HOLD
0,0.5097849237190276,0.3035374654427498,0.18667761083822265,HOLD
0,0.5739654403794394,0.1822939866695158,0.24374057295104484,HOLD
0,0.4414193276242356,0.3899042188130535,0.16867645356271088,HOLD
1,0.20985155332237138,0.5021038025764916,0.28804464410113706,HOLD
1,0.31659336952522493,0.39389225256393556,0.28951437791083956,HOLD
0,0.3706928622578396,0.29018939112585646,0.33911774661630395,HOLD
2,0.3290620282717179,0.2570689601776318,0.4138690115506503,HOLD
2,0.3528720992691247,0.25924219506522844,0.38788570566564695,HOLD
2,0.3465561693229468,0.23352024614256287,0.4199235845344904,HOLD
0,0.39644897842251803,0.22797917427874073,0.3755718472987413,HOLD
2,0.29465555499509327,0.2979482559122332,0.40739618909267356,HOLD
0,0.4113619080652539,0.2303248408408468,0.3583132510938992,HOLD
0,0.4548251020619984,0.21276205858684583,0.3324128393511558,HOLD
1,0.3377274406249885,0.3454037449764857,0.31686881439852577,HOLD
1,0.26707214736025353,0.4692259562715052,0.2637018963682412,HOLD
2,0.29456524611360224,0.34442620942208796,0.3610085444643097,HOLD
0,0.3886233573075907,0.2655695832948861,0.34580705939752315,HOLD
0,0.5328505804114917,0.2342472609829795,0.2329021586055288,HOLD
1,0.35943707057430235,0.38010198871478423,0.26046094071091347,HOLD
0,0.3722943523547939,0.29805314459852755,0.32965250304667854,HOLD
1,0.34773164362511444,0.3901104059343148,0.26215795044057083,HOLD
0,0.4289449062358226,0.3011667976833082,0.26988829608086934,HOLD
0,0.3890641822284213,0.3198818654671233,0.29105395230445524,HOLD
0,0.4507112427687149,0.16255220929873018,0.386736547932555,HOLD
0,0.4770610408391574,0.1868551613024103,0.33608379785843234,HOLD
0,0.43099322729185335,0.17528891194768698,0.3937178607604597,HOLD
0,0.43637465598757946,0.17164646441294323,0.39197887959947736,HOLD
0,0.4898573896846247,0.24592659582412427,0.26421601449125093,HOLD
0,0.6369379698217671,0.1444266840513112,0.21863534612692176,SELL
0,0.5234153404966877,0.11932109418652578,0.35726356531678655,HOLD
0,0.48358008705767586,0.18750443474923126,0.3289154781930928,HOLD
0,0.4103041950558026,0.18971230508512882,0.3999834998590686,HOLD
2,0.2851787440832917,0.20842096647702849,0.5064002894396799,HOLD
2,0.24238731994265889,0.34710858990196763,0.4105040901553734,HOLD
2,0.27855263510406086,0.16075076723267487,0.5606965976632643,HOLD
2,0.37383931050068475,0.23001367657908953,0.39614701292022575,HOLD
0,0.3809014074901692,0.24314103948515545,0.3759575530246753,HOLD
2,0.35065644874110063,0.21478055260497658,0.4345629986539227,HOLD
2,0.353398207952388,0.21066198728576185,0.43593980476185007,HOLD
0,0.35766357568996493,0.29069820097137417,0.35163822333866107,HOLD
2,0.4067956798355109,0.1562120268247255,0.43699229333976347,HOLD
1,0.2895579029404326,0.36984167582681676,0.34060042123275064,HOLD
2,0.3502708461278451,0.14353216887931122,0.5061969849928436,HOLD
2,0.29155374698330444,0.15610413800383346,0.5523421150128621,HOLD
2,0.3256764240740617,0.10841003656473645,0.5659135393612018,HOLD
2,0.3423071105484861,0.23443320100810666,0.4232596884434073,HOLD
0,0.4285785799050176,0.17590477054377818,0.39551664955120414,HOLD
2,0.3054565236572307,0.14526201653228418,0.549281459810485,HOLD
2,0.3823318547844519,0.1734093200735295,0.4442588251420185,HOLD
0,0.5198843551544002,0.12597063917975515,0.3541450056658446,HOLD
0,0.33817531950910923,0.32619592094370936,0.3356287595471815,HOLD
0,0.3828671510742249,0.2722348905699831,0.344897958355792,HOLD
2,0.4025089878763366,0.18174031006684727,0.41575070205681625,HOLD
2,0.30574267289183565,0.16111277795964016,0.5331445491485243,HOLD
2,0.3264897242997397,0.19916817447172866,0.47434210122853165,HOLD
0,0.362454786173736,0.2986825913280099,0.33886262249825416,HOLD
2,0.3661113901286642,0.20922535436078868,0.4246632555105472,HOLD
0,0.44134922661043013,0.3199112780116399,0.23873949537793004,HOLD
0,0.48865950196366453,0.2465590767863941,0.26478142124994136,HOLD
0,0.5456132527125916,0.169793398821641,0.2845933484657673,HOLD
0,0.5137744174615604,0.2748729945792413,0.21135258795919823,HOLD
0,0.415492844557493,0.28495058601101336,0.29955656943149356,HOLD
0,0.5986035051693199,0.11692824519191278,0.2844682496387673,HOLD
0,0.44579627233099506,0.2160923717635213,0.33811135590548375,HOLD
2,0.19891394577282118,0.1350587407119611,0.6660273135152177,BUY
2,0.2591219679833217,0.3179853714276146,0.4228926605890636,HOLD
2,0.298580845351325,0.2579259570998602,0.4434931975488147,HOLD
2,0.19099522082015977,0.24921757736972908,0.5597872018101111,HOLD
2,0.11945242786003638,0.1694772674668906,0.7110703046730731,BUY
2,0.19184588190877622,0.38297650426754987,0.42517761382367386,HOLD
2,0.2872060562387301,0.2890432182190039,0.423750725542266,HOLD
1,0.30100937018575047,0.4895368100255789,0.20945381978867048,HOLD
0,0.45778767487179856,0.27770501279524784,0.2645073123329536,HOLD
1,0.1812565455356204,0.5126502256032958,0.3060932288610838,HOLD
0,0.4428718971994521,0.29769258643002977,0.2594355163705182,HOLD
1,0.2875700326182363,0.4544375740192242,0.2579923933625393,HOLD
0,0.7326378441761016,0.11623897965844932,0.15112317616544904,SELL
2,0.35755445179758866,0.2102258734699069,0.43221967473250456,HOLD
2,0.3054694567430195,0.2007503213618915,0.493780221895089,HOLD
2,0.3058158184754758,0.2669281137389522,0.4272560677855719,HOLD
0,0.4694289613396931,0.10081137144516084,0.42975966721514625,HOLD
0,0.576206960571903,0.18175921084928032,0.24203382857881672,HOLD
0,0.53645632436222,0.17204916363695186,0.29149451200082815,HOLD
0,0.4340524620670923,0.14061799592385865,0.42532954200904904,HOLD
0,0.5287235728251409,0.24844968413331492,0.22282674304154415,HOLD
2,0.27679473578481034,0.232827747759115,0.49037751645607475,HOLD
2,0.3266382647703484,0.3356388751279144,0.33772286010173724,HOLD
0,0.5022903952152525,0.2457368632452906,0.25197274153945687,HOLD
2,0.34929712346074554,0.15218791537775928,0.4985149611614953,HOLD
0,0.589742086381693,0.2279834762256558,0.18227443739265115,HOLD
0,0.5097292011675879,0.22144970992116886,0.2688210889112431,HOLD
2,0.3097889700190242,0.18123036022621788,0.508980669754758,HOLD
0,0.5207253704081187,0.24281748827559432,0.23645714131628698,HOLD
2,0.2783703388334683,0.3155421815761909,0.40608747959034075,HOLD
2,0.3085204994688174,0.27559228607055364,0.415887214460629,HOLD
1,0.28254513693378874,0.3924853126656381,0.32496955040057324,HOLD
1,0.14716582300911699,0.5494680403683933,0.30336613662248973,HOLD
2,0.31974452909370893,0.1844535810551042,0.49580188985118684,HOLD
0,0.4897794031964543,0.12253953683220606,0.3876810599713397,HOLD
2,0.33384526605257403,0.15658109825067476,0.5095736356967512,HOLD
0,0.35216343307144743,0.3349974769301919,0.3128390899983608,HOLD
1,0.28144889130424144,0.4277728716421707,0.29077823705358785,HOLD
0,0.5371797129949303,0.24225267210484475,0.220567614900225,HOLD
0,0.548634045477569,0.22391322015346646,0.22745273436896457,HOLD
0,0.4952091740576343,0.24542117916350137,0.2593696467788642,HOLD
0,0.6918643427673205,0.16703074905387877,0.14110490817880075,SELL
0,0.5302646592580649,0.21569972884861366,0.25403561189332136,HOLD
0,0.5072630601204762,0.21782269352331554,0.27491424635620837,HOLD
0,0.4778924515237223,0.3038929039783004,0.21821464449797728,HOLD
0,0.6210880586657278,0.20196298800734944,0.17694895332692281,SELL
0,0.45270832278015577,0.25871317174279285,0.28857850547705144,HOLD
2,0.23484854126229057,0.1715238835079593,0.5936275752297501,HOLD
2,0.24575904053575298,0.30576067645444166,0.44848028300980536,HOLD
2,0.07637423077838568,0.2729561881226979,0.6506695810989164,BUY
2,0.1012826950545892,0.23142890911326947,0.6672883958321413,BUY
2,0.35634613058362274,0.18849674034196537,0.455157129074412,HOLD
0,0.64408294856401,0.12648343436528833,0.22943361707070156,SELL
0,0.5519466487672656,0.19987704539463458,0.24817630583809977,HOLD
0,0.5431873809828924,0.1503099037131441,0.3065027153039634,HOLD
0,0.585046066913492,0.18133446726372646,0.23361946582278145,HOLD
0,0.5974653307978658,0.18649057655523624,0.21604409264689808,HOLD
0,0.6613996972734741,0.14619473704287328,0.19240556568365255,SELL
0,0.5407835517673456,0.15355789333447556,0.30565855489817884,HOLD
0,0.4397453055825988,0.1784496806122101,0.38180501380519105,HOLD
0,0.40413355561890607,0.2390146934154072,0.3568517509656867,HOLD
2,0.372136206216538,0.21710840449118038,0.41075538929228167,HOLD
0,0.43332391754622407,0.21782767173453943,0.3488484107192365,HOLD
0,0.48559300562539676,0.18754382469983205,0.3268631696747712,HOLD
0,0.5323949141980857,0.15110807460108008,0.3164970112008343,HOLD
0,0.40030185930558176,0.2118989873372617,0.3877991533571564,HOLD
2,0.3327358602555415,0.24335567808809372,0.4239084616563648,HOLD
0,0.4356128833791047,0.17523681300744742,0.3891503036134478,HOLD
2,0.3655867786623385,0.2085699187685102,0.42584330256915126,HOLD
2,0.3014380693635819,0.2251473825487408,0.47341454808767724,HOLD
0,0.4557122252542069,0.19201502366737433,0.35227275107841866,HOLD
2,0.34325421181741117,0.1807101561865051,0.47603563199608384,HOLD
0,0.3847290722795346,0.2520670910789719,0.3632038366414935,HOLD
2,0.33340895973785,0.20243626073097834,0.4641547795311717,HOLD
2,0.3112677941602393,0.3122667032038676,0.3764655026358931,HOLD
2,0.33972689171251097,0.27015224426902856,0.39012086401846047,HOLD
2,0.29918170250397397,0.21864254272731112,0.48217575476871494,HOLD
2,0.2885822237024946,0.2623092814425332,0.4491084948549723,HOLD
2,0.3783735775598848,0.19842410021986828,0.42320232222024695,HOLD
2,0.3343461447032521,0.29287138382716965,0.3727824714695783,HOLD
0,0.43725597132818433,0.2554059797561991,0.3073380489156165,HOLD
0,0.41755093316180425,0.20894770912943794,0.3735013577087577,HOLD
0,0.43714398872929056,0.2129728796164022,0.34988313165430723,HOLD
0,0.4201320705183346,0.2519233910628229,0.32794453841884236,HOLD
0,0.4737704159146229,0.21562238506921996,0.3106071990161573,HOLD
0,0.4370222563255907,0.22337870678988955,0.33959903688451964,HOLD
0,0.4509694286350124,0.2878263952126572,0.26120417615233044,HOLD
0,0.47156650385189547,0.22132503347156413,0.30710846267654046,HOLD
2,0.403951597933621,0.12306756345318841,0.4729808386131906,HOLD
0,0.41385127218599393,0.18319018358072467,0.4029585442332814,HOLD
2,0.39339689411304,0.1760571763169961,0.43054592956996396,HOLD
2,0.41744740116328133,0.12535540400737835,0.45719719482934035,HOLD
2,0.39641236682699293,0.2069376179847347,0.3966500151882724,HOLD
0,0.6109235787971828,0.12410558535030461,0.2649708358525125,SELL
0,0.5916014967610974,0.17793506927968522,0.23046343395921734,HOLD
2,0.2545949576929443,0.19437937678643735,0.5510256655206184,HOLD
0,0.4166316735727792,0.289990775566905,0.2933775508603158,HOLD
2,0.27806025841558407,0.24228042174649522,0.4796593198379208,HOLD
0,0.4515621173018629,0.22348268990169415,0.32495519279644286,HOLD
2,0.21831433104297598,0.1990339756109612,0.5826516933460628,HOLD
0,0.4088289893948166,0.18975759680014775,0.4014134138050356,HOLD
2,0.1594311190596507,0.21758830242702779,0.6229805785133214,BUY
2,0.34862968332447136,0.17446864962865155,0.47690166704687703,HOLD
2,0.3094891563703039,0.17993029612276107,0.510580547506935,HOLD
2,0.33368349419714693,0.2372945538076734,0.42902195199517973,HOLD
2,0.3740324479373256,0.19688502550986967,0.4290825265528047,HOLD
2,0.3987183215027244,0.20197683005573838,0.39930484844153713,HOLD
0,0.5346852874705962,0.19204626066842706,0.2732684518609766,HOLD
0,0.6016072831075551,0.16759869614217374,0.23079402075027125,SELL
0,0.5141978392297349,0.12302519983988998,0.36277696093037515,HOLD
0,0.5209242941641348,0.17814450797097744,0.3009311978648878,HOLD
2,0.40632693539883097,0.15800714663162138,0.4356659179695477,HOLD
0,0.47088992587835826,0.1897055781183674,0.3394044960032742,HOLD
0,0.5408660450542849,0.11957402365640314,0.33955993128931206,HOLD
0,0.489308594610287,0.17595176461682782,0.33473964077288515,HOLD
2,0.33203675863113813,0.2665628205726655,0.4014004207961964,HOLD
0,0.40355483445954854,0.2560068309858143,0.34043833455463723,HOLD
2,0.34771801954959974,0.25739567968307864,0.3948863007673215,HOLD
0,0.6227500785865387,0.13477016689771315,0.24247975451574813,SELL
0,0.535106871618633,0.23022921202424665,0.23466391635712036,HOLD
2,0.37628329672480376,0.23936074452146114,0.3843559587537351,HOLD
2,0.38842660073639207,0.21981002657482338,0.3917633726887845,HOLD
2,0.37263088400448363,0.24284005148221188,0.38452906451330454,HOLD
1,0.31403634168544503,0.3474322991442162,0.33853135917033883,HOLD
2,0.35697174852832464,0.10890433960751215,0.5341239118641632,HOLD
2,0.3602228211032442,0.21491873061109387,0.42485844828566194,HOLD
0,0.468606669159414,0.1080281022577886,0.4233652285827974,HOLD
2,0.2868327491173782,0.10003105503805934,0.6131361958445625,BUY
0,0.5452052753424709,0.1922611738065845,0.26253355085094465,HOLD
2,0.414620704003477,0.09484375965647586,0.49053553634004704,HOLD
0,0.5784249777956179,0.14042656543776566,0.2811484567666165,HOLD
0,0.406968273032952,0.27525353816467474,0.3177781888023733,HOLD
0,0.4459853904303503,0.1631304738932185,0.3908841356764312,HOLD
0,0.37743212278493876,0.27570361586084546,0.3468642613542159,HOLD
0,0.45773509835086007,0.24127750670483236,0.30098739494430765,HOLD
0,0.5148706318708972,0.1969312017242362,0.28819816640486656,HOLD
0,0.4933833463012655,0.23209650124398123,0.2745201524547532,HOLD
0,0.48967248816114567,0.20330868879193797,0.30701882304691647,HOLD
0,0.4364250277080824,0.2121151535335437,0.35145981875837395,HOLD
0,0.5412030045647493,0.1799502220023812,0.2788467734328694,HOLD
0,0.42903960340150943,0.15006993736443283,0.42089045923405766,HOLD
0,0.4506813169081334,0.23561780953439784,0.31370087355746873,HOLD
0,0.5073991898519477,0.21022556105238047,0.28237524909567197,HOLD
0,0.5376042687292746,0.1381147215637505,0.324281009706975,HOLD
0,0.5284013676295032,0.1986376342826599,0.27296099808783697,HOLD
0,0.6968502011039995,0.11970618970121764,0.1834436091947828,SELL
0,0.5778721019799297,0.18314092570754797,0.23898697231252236,HOLD
0,0.5612352564890031,0.15686857669540544,0.28189616681559154,HOLD
0,0.49693865306116386,0.18935017245584287,0.31371117448299307,HOLD
0,0.47858638479615473,0.2326065118284757,0.28880710337536963,HOLD
2,0.2905492112368518,0.3363115501946014,0.37313923856854686,HOLD
2,0.1987497430394618,0.27706927329235054,0.5241809836681877,HOLD
2,0.17273855952508285,0.22828414947632691,0.5989772909985902,HOLD
2,0.2408339573034562,0.20004130366024608,0.5591247390362977,HOLD
2,0.24896272815232284,0.16709410824943804,0.5839431635982392,HOLD
2,0.241572501226343,0.23356025269265465,0.5248672460810023,HOLD
2,0.2267389770632294,0.2500644753749705,0.5231965475618001,HOLD
2,0.24130464228833867,0.17475080974227208,0.5839445479693892,HOLD
2,0.290799336983107,0.33419163689647186,0.37500902612042114,HOLD
0,0.37664734067264255,0.3200223333412794,0.3033303259860781,HOLD
0,0.46016117212012875,0.22698009544649744,0.31285873243337387,HOLD
2,0.3715671479801286,0.2395836618873839,0.3888491901324876,HOLD
0,0.41532855311166517,0.251297348408734,0.33337409847960087,HOLD
0,0.4153810153010391,0.23354338954826664,0.35107559515069425,HOLD
0,0.47852457051002933,0.20904633643098533,0.31242909305898525,HOLD
0,0.59252506524192,0.19138684519941557,0.2160880895586644,HOLD
0,0.4932700252020965,0.22476039012861812,0.28196958466928523,HOLD
0,0.5260985685346593,0.19062050581238627,0.2832809256529545,HOLD
0,0.4085727375239359,0.2928217118854075,0.2986055505906566,HOLD
0,0.5081400562602574,0.24610417939748694,0.24575576434225574,HOLD
2,0.3908588903599052,0.21623143444776327,0.3929096751923315,HOLD
0,0.4892178411477449,0.17439293286331714,0.33638922598893783,HOLD
0,0.4033736969168155,0.2101100562228566,0.3865162468603279,HOLD
2,0.23352977249535706,0.32830391253635083,0.4381663149682921,HOLD
2,0.30974809941885595,0.27765677770540265,0.41259512287574135,HOLD
2,0.28448119858205234,0.23466561220865975,0.4808531892092878,HOLD
2,0.34388830943646187,0.2547000512515222,0.401411639312016,HOLD
2,0.3480720817959619,0.207254402582746,0.44467351562129226,HOLD
2,0.26249919435762004,0.19659637493304938,0.5409044307093306,HOLD
2,0.2557115830800256,0.2117532694031838,0.5325351475167905,HOLD
2,0.13686388122944115,0.297161722849137,0.5659743959214218,HOLD
2,0.27526738945369156,0.2600332728796349,0.46469933766667354,HOLD
2,0.28600611008169574,0.2264421588928133,0.487551731025491,HOLD
2,0.2556912759300251,0.32681991312842246,0.4174888109415524,HOLD
2,0.28053604876112587,0.28002830288805497,0.4394356483508193,HOLD
2,0.35259257404345135,0.18126418874635963,0.466143237210189,HOLD
2,0.32784626758319696,0.2147055071927655,0.4574482252240375,HOLD
2,0.24514372406449164,0.28194247229264285,0.47291380364286545,HOLD
2,0.34137119005334626,0.21976782276577073,0.43886098718088296,HOLD
1,0.36053376670591286,0.3943231809894108,0.24514305230467637,HOLD
0,0.5560859839927941,0.2304758690621264,0.2134381469450795,HOLD
0,0.5162875742958231,0.24381550269858482,0.23989692300559218,HOLD
2,0.35134294348342976,0.2646508617689754,0.3840061947475949,HOLD
2,0.28097628341589614,0.24569598861675085,0.47332772796735306,HOLD
2,0.31359620476331157,0.3037668326571264,0.3826369625795621,HOLD
2,0.3262622222444572,0.26530883191324917,0.4084289458422936,HOLD
2,0.29772103825602025,0.3031255957149616,0.3991533660290182,HOLD
2,0.293296974224332,0.31142871710526576,0.39527430867040225,HOLD
1,0.29472473187807763,0.3718170141878638,0.3334582539340586,HOLD
1,0.24127027531269685,0.4529900193552885,0.3057397053320147,HOLD
2,0.2732110072579659,0.23654553913694396,0.49024345360509025,HOLD
2,0.33442110489555094,0.3206289172979209,0.3449499778065281,HOLD
0,0.40260618284705824,0.2729924827818323,0.32440133437110935,HOLD
1,0.2976366061560163,0.5163885542780092,0.1859748395659745,HOLD
0,0.35598152218903695,0.33239784307623316,0.31162063473472984,HOLD
1,0.30123481530077084,0.42441710913789804,0.27434807556133123,HOLD
2,0.35988878972728705,0.23445676840934002,0.40565444186337285,HOLD
0,0.43252263213252706,0.21027369462857934,0.35720367323889346,HOLD
0,0.5323306862672058,0.16519096277741274,0.30247835095538145,HOLD
0,0.5521014432503829,0.14306798180907845,0.3048305749405387,HOLD
0,0.5049200329106702,0.16840812917489514,0.32667183791443466,HOLD
0,0.4752749308987151,0.17904314328061993,0.345681925820665,HOLD
0,0.4845939303308783,0.16826781607397318,0.3471382535951485,HOLD
0,0.44495388681534503,0.15491169707563657,0.4001344161090184,HOLD
0,0.4393431466400415,0.24146391213561502,0.31919294122434355,HOLD
0,0.46737746277762254,0.17512040165626372,0.3575021355661137,HOLD
2,0.4190009130295387,0.13880159243708118,0.4421974945333802,HOLD
2,0.3044571250034778,0.14557047916923394,0.5499723958272882,HOLD
2,0.27424259596687406,0.12184611628168976,0.6039112877514361,BUY
2,0.3435760132059062,0.1006425135140911,0.5557814732800027,HOLD
0,0.6024609042297008,0.12197738881496548,0.27556170695533366,SELL
0,0.40530220797805744,0.2332237420196007,0.3614740500023419,HOLD
0,0.40490667027415744,0.22680923023901167,0.3682840994868308,HOLD
0,0.395592619735527,0.28094866907236415,0.32345871119210884,HOLD
0,0.4170501610568512,0.30023317004022243,0.28271666890292635,HOLD
0,0.43825457938148915,0.2478387039165382,0.3139067167019726,HOLD
0,0.4454957954731172,0.20978929727888207,0.3447149072480008,HOLD
0,0.4907105852922279,0.19227072190251285,0.3170186928052593,HOLD
0,0.5148209118983662,0.26370516999165794,0.22147391810997583,HOLD
0,0.4703523874037207,0.17890507796644955,0.35074253462982974,HOLD
0,0.40850842793785247,0.22039081493941837,0.37110075712272916,HOLD
0,0.37631546352487655,0.29517931523082996,0.32850522124429343,HOLD
0,0.3691671630868917,0.29835369512306403,0.33247914179004434,HOLD
0,0.4205159136773916,0.2831613228317356,0.2963227634908727,HOLD
0,0.4153153701289871,0.21742007939847757,0.36726455047253526,HOLD
0,0.5870059218252776,0.15914850010480816,0.2538455780699143,HOLD
2,0.36837182481486874,0.2582503476408528,0.3733778275442784,HOLD
0,0.3655587790112308,0.2829207150161026,0.35152050597266665,HOLD
0,0.37626833768984536,0.2733828164124916,0.350348845897663,HOLD
2,0.38129834473794166,0.16200514964874171,0.4566965056133165,HOLD
0,0.6165629542735965,0.11175076780346174,0.27168627792294175,SELL
0,0.44323123296725137,0.14793426371618898,0.40883450331655974,HOLD
0,0.44523369664774065,0.17773470213556483,0.37703160121669455,HOLD
0,0.5268797900562187,0.1951518293740565,0.2779683805697249,HOLD
0,0.4508024344018497,0.1527551381783987,0.3964424274197516,HOLD
2,0.31201779556952375,0.20863376149480534,0.479348442935671,HOLD
2,0.22161489995965833,0.24421190663061268,0.534173193409729,HOLD
2,0.1820397673768525,0.23753782545318672,0.5804224071699607,HOLD
2,0.320120106836884,0.18465301493644073,0.49522687822667516,HOLD
2,0.1713406535317798,0.18131272480891314,0.6473466216593071,BUY
2,0.2349078747229146,0.1995543519212294,0.565537773355856,HOLD
2,0.24167275622857165,0.2572882680868963,0.5010389756845319,HOLD
2,0.3236648755123492,0.2483364323598375,0.42799869212781333,HOLD
2,0.33262696672960224,0.1918184453919818,0.475554587878416,HOLD
2,0.387966452012071,0.2126745561108859,0.39935899187704316,HOLD
2,0.08537490939187845,0.12858719045202846,0.7860379001560931,BUY
2,0.35733904740675176,0.14374676456280666,0.4989141880304416,HOLD
2,0.14544538037556903,0.1716434718605226,0.6829111477639084,BUY
2,0.2168597762757965,0.186433406624761,0.5967068170994425,HOLD
2,0.16656485132885485,0.27185584180484795,0.5615793068662972,HOLD
2,0.21175474560265678,0.21249019049485635,0.5757550639024869,HOLD
1,0.3267735929747727,0.3503892266979823,0.322837180327245,HOLD
2,0.25016066544253823,0.25249591257269316,0.4973434219847687,HOLD
2,0.2529687704140452,0.27618099098363974,0.4708502386023151,HOLD
2,0.24994406370999667,0.22812653667797334,0.52192939961203,HOLD
0,0.5302834832431335,0.13740192295431447,0.332314593802552,HOLD
0,0.4795636985786302,0.20651628577140418,0.3139200156499657,HOLD
0,0.4126649611210143,0.19050184112193105,0.3968331977570546,HOLD
2,0.20453496338313285,0.3660592910182003,0.42940574559866695,HOLD
2,0.17469822152106676,0.38783080787955215,0.43747097059938106,HOLD
0,0.3934355584883582,0.27789996366725767,0.32866447784438413,HOLD
0,0.40778780161396194,0.27922610888129346,0.3129860895047447,HOLD
0,0.4962052331528441,0.17080638825478783,0.3329883785923682,HOLD
2,0.3500180896952524,0.2991086515077344,0.3508732587970132,HOLD
0,0.43035299922792425,0.2123691595879972,0.3572778411840785,HOLD
0,0.49973847901074353,0.19997018322574667,0.30029133776350975,HOLD
2,0.32045391629161557,0.28101463675228605,0.3985314469560984,HOLD
0,0.3603213438927833,0.2820104688535319,0.35766818725368466,HOLD
0,0.40696928604684585,0.2929775284731313,0.3000531854800228,HOLD
0,0.5529488716757383,0.1463417742948653,0.3007093540293964,HOLD
0,0.5153042979843538,0.2226738062370378,0.2620218957786084,HOLD
2,0.3279956973618647,0.2237304650113449,0.44827383762679035,HOLD
0,0.4084200818204522,0.32787904319983263,0.2637008749797153,HOLD
0,0.4359307421990224,0.25946615699883463,0.30460310080214303,HOLD
2,0.2962737561626663,0.16275992796033295,0.5409663158770007,HOLD
0,0.4397901068889151,0.1957921532354556,0.3644177398756292,HOLD
0,0.42077235463079565,0.22875111820033683,0.3504765271688675,HOLD
0,0.3988485416006555,0.2755951054025597,0.3255563529967847,HOLD
0,0.4410641617975927,0.2554897480976867,0.3034460901047205,HOLD
0,0.396811726722784,0.22314375933582,0.38004451394139593,HOLD
2,0.2727706542916649,0.3007285160939288,0.42650082961440633,HOLD
0,0.459371340710586,0.2180821794739747,0.32254647981543916,HOLD
0,0.4042355763487522,0.2752307373423837,0.3205336863088641,HOLD
0,0.4463764298013933,0.17011018295554212,0.3835133872430646,HOLD
2,0.15657806704683963,0.41890190064579025,0.42452003230737007,HOLD
2,0.23088757177401772,0.20334962543467205,0.5657628027913103,HOLD
2,0.2240291757728996,0.33011517102638305,0.44585565320071735,HOLD
2,0.22125835026332658,0.2731476062023283,0.5055940435343452,HOLD
1,0.23544373084551343,0.418895627301968,0.3456606418525186,HOLD
0,0.5406830122168612,0.1352694496852261,0.3240475380979126,HOLD
0,0.5142412823166159,0.2178704510031101,0.26788826668027393,HOLD
0,0.4513859962656137,0.23035484442255078,0.31825915931183557,HOLD
0,0.5515665336309699,0.23837852440345034,0.2100549419655797,HOLD
0,0.49946701693196527,0.22733596403098738,0.27319701903704735,HOLD
0,0.4035778705236129,0.2572725652518262,0.33914956422456083,HOLD
0,0.49878147505625353,0.2323320616616692,0.26888646328207727,HOLD
1,0.3577591683851616,0.38244094509847143,0.259799886516367,HOLD
0,0.48376062142584386,0.28772998741685474,0.2285093911573016,HOLD
1,0.3724416334297995,0.44655041799355577,0.1810079485766447,HOLD
0,0.5457622243150387,0.2866973705629678,0.1675404051219934,HOLD
0,0.4234293850629076,0.2653898709623827,0.3111807439747097,HOLD
1,0.2555553047318992,0.4089369070689106,0.3355077881991902,HOLD
0,0.4131606868004807,0.22714657670983046,0.35969273648968886,HOLD
2,0.32025901369092313,0.22762840268046491,0.45211258362861195,HOLD
2,0.29814660334743764,0.3190502769768666,0.3828031196756957,HOLD
0,0.3966416239512675,0.21281118098005622,0.3905471950686762,HOLD
2,0.2976957633482702,0.21144760663565015,0.49085663001607965,HOLD
2,0.3650032683405562,0.22992432910788885,0.405072402551555,HOLD
2,0.3586390083176602,0.2602910427785831,0.3810699489037567,HOLD
0,0.5644580216077721,0.20454773956477318,0.23099423882745473,HOLD
0,0.5745045736535348,0.2341570460787512,0.19133838026771396,HOLD
0,0.5344623121390527,0.1957505646942358,0.26978712316671155,HOLD
0,0.47492735968963,0.21826772446933307,0.30680491584103686,HOLD
0,0.5295906297116441,0.1754958015507877,0.29491356873756835,HOLD
0,0.5760535762566069,0.1287179838207751,0.29522843992261805,HOLD
2,0.43376178727001635,0.1250259869328305,0.4412122257971531,HOLD
0,0.4786231433068965,0.10219614396965641,0.4191807127234471,HOLD
2,0.24016984616778175,0.21644168327407282,0.5433884705581454,HOLD
0,0.42250987878425583,0.18794813639753857,0.3895419848182056,HOLD
0,0.43541974560975605,0.212508401100305,0.35207185328993906,HOLD
0,0.4967817914234916,0.23804310061612047,0.2651751079603879,HOLD
0,0.3944754404519774,0.2216036781525499,0.38392088139547276,HOLD
2,0.35874498535387545,0.20064514933009892,0.44060986531602564,HOLD
0,0.38300397631518973,0.23743088809333976,0.3795651355914706,HOLD
0,0.38247861731084687,0.25664174695478925,0.3608796357343639,HOLD
0,0.40482729642079074,0.19633613072562117,0.39883657285358814,HOLD
0,0.41589058892019853,0.30000470648386546,0.284104704595936,HOLD
2,0.34244020630910554,0.2490965104931178,0.40846328319777664,HOLD
2,0.3432077020152674,0.2574240659176217,0.3993682320671109,HOLD
2,0.3673538885654622,0.1774611121128016,0.4551849993217361,HOLD
2,0.3036664509651136,0.2786917889495315,0.417641760085355,HOLD
0,0.4437271161674478,0.2510898518265587,0.30518303200599367,HOLD
2,0.35728464464026927,0.27219267307503897,0.37052268228469176,HOLD
0,0.38593261892051217,0.2535416980643547,0.360525683015133,HOLD
0,0.47765501993300485,0.2591670304799905,0.26317794958700463,HOLD
0,0.5063372802812321,0.26609351732729447,0.22756920239147346,HOLD
0,0.5032401991875031,0.22674844941657452,0.27001135139592236,HOLD
0,0.5015878222281585,0.2649245042845816,0.23348767348725996,HOLD
0,0.4433429351127408,0.2911316092240522,0.26552545566320696,HOLD
0,0.4671272737488952,0.2478111886748566,0.28506153757624814,HOLD
0,0.4126807564751935,0.2668613806755861,0.32045786284922045,HOLD
0,0.4012373023459823,0.24821512336882182,0.35054757428519595,HOLD
0,0.38049208083898123,0.3125739797610684,0.3069339393999504,HOLD
0,0.4275549456968078,0.191920122798987,0.3805249315042052,HOLD
2,0.380570938040801,0.19500135534171653,0.4244277066174824,HOLD
0,0.4455219659699863,0.2090925418681036,0.34538549216191,HOLD
0,0.43211043404139116,0.1912610611681988,0.37662850479041,HOLD
2,0.35455183998494627,0.19262897401683773,0.4528191859982159,HOLD
2,0.3379665431714567,0.22945931814841133,0.43257413868013195,HOLD
2,0.37755388888510627,0.18618123229720818,0.43626487881768555,HOLD
2,0.2984473277104787,0.2656985592175409,0.43585411307198035,HOLD
2,0.25506178332647045,0.24606606014013355,0.49887215653339606,HOLD
2,0.3439772543526808,0.25173922801177767,0.4042835176355415,HOLD
2,0.32500275519703675,0.24715059756608554,0.42784664723687765,HOLD
2,0.2546852911244514,0.19276954283988967,0.552545166035659,HOLD
0,0.42344885653539177,0.22623278347736603,0.3503183599872422,HOLD
2,0.34009284007319945,0.1270642182260186,0.532842941700782,HOLD
2,0.303491356916697,0.2454072854879359,0.4511013575953671,HOLD
2,0.3445711106841262,0.18992670469100997,0.46550218462486376,HOLD
2,0.38557461726200304,0.12605725711145357,0.48836812562654325,HOLD
2,0.3940285536712302,0.12388495234800793,0.48208649398076203,HOLD
2,0.15664484323941755,0.13178980787770325,0.7115653488828791,BUY
1,0.2744193695779844,0.422077639064376,0.30350299135763964,HOLD
2,0.13687171752187524,0.2239108555407729,0.639217426937352,BUY
2,0.22174142890366877,0.2300744703547825,0.5481841007415488,HOLD
2,0.27430826951237014,0.19417801759972325,0.5315137128879066,HOLD
0,0.4555262270753294,0.23524418190990107,0.3092295910147695,HOLD
2,0.19016872022881992,0.27816627532280386,0.5316650044483763,HOLD
2,0.3936926220951275,0.16473431140649344,0.441573066498379,HOLD
0,0.47305857030825577,0.21814346805760235,0.3087979616341419,HOLD
2,0.32876545531379314,0.1440844306665809,0.5271501140196261,HOLD
2,0.13739102336530057,0.21345061157070788,0.6491583650639915,BUY
2,0.28203572018312145,0.2610071245542526,0.4569571552626259,HOLD
2,0.34476592131678657,0.17262991598719135,0.48260416269602213,HOLD
2,0.24972230158256895,0.11145019589155535,0.6388275025258756,BUY
2,0.3631656084144472,0.2033945585252838,0.433439833060269,HOLD
2,0.38693779270931117,0.19571856296430654,0.4173436443263823,HOLD
2,0.3295021790815437,0.26683473377991673,0.40366308713853954,HOLD
2,0.33962823407580606,0.24980143349110756,0.41057033243308644,HOLD
2,0.3957375823409387,0.061969614692298454,0.5422928029667629,HOLD
2,0.21216691138308613,0.13663850990791754,0.6511945787089963,BUY
2,0.19394288231108747,0.18113249050902008,0.6249246271798924,BUY
0,0.4563609291391151,0.1520293357715946,0.3916097350892903,HOLD
2,0.24010934429530145,0.2386080204022804,0.5212826353024181,HOLD
0,0.4740815062137105,0.17946921676468938,0.3464492770216001,HOLD
2,0.21884889562567836,0.24153945097624804,0.5396116533980736,HOLD
0,0.448588543497822,0.17187306575964825,0.37953839074252976,HOLD
0,0.48195584507266886,0.17097753396427626,0.3470666209630549,HOLD
2,0.2695186561877984,0.34626353319784897,0.3842178106143526,HOLD
0,0.44968602665714635,0.11212495990692221,0.4381890134359314,HOLD
2,0.3678501623323837,0.10424759462532308,0.5279022430422932,HOLD
2,0.30615788440362274,0.07914096475952957,0.6147011508368476,BUY
2,0.42376458534974154,0.1443525277095192,0.4318828869407393,HOLD
2,0.20916819763594413,0.2876558314442136,0.5031759709198422,HOLD
2,0.3764729547041373,0.23126182743901275,0.3922652178568499,HOLD
0,0.4350291584551728,0.13287051885797835,0.43210032268684884,HOLD
1,0.31962413710048887,0.4097750243750721,0.2706008385244389,HOLD
2,0.3044611383799025,0.1743733184247278,0.5211655431953697,HOLD
2,0.19407754380436879,0.34521150286965824,0.4607109533259729,HOLD
2,0.37784611968793547,0.2213387566693614,0.4008151236427031,HOLD
0,0.6086111039021898,0.17741820482197335,0.21397069127583693,SELL
0,0.4747622629683034,0.16525601554332675,0.35998172148836993,HOLD
2,0.359344321899282,0.203745979320999,0.43690969877971897,HOLD
2,0.15353834768264255,0.3130932818758984,0.533368370441459,HOLD
2,0.3136496459913232,0.2734821975270246,0.41286815648165215,HOLD
0,0.4118161669834131,0.262344624336273,0.3258392086803139,HOLD
0,0.35813943170068147,0.30490834648024684,0.3369522218190717,HOLD
0,0.4416918642751492,0.21934797055953434,0.3389601651653164,HOLD
0,0.490387701705847,0.2570236656363463,0.2525886326578066,HOLD
2,0.3645861962079347,0.15472375041917918,0.480690053372886,HOLD
2,0.23976380814306958,0.16503787140660017,0.5951983204503303,HOLD
0,0.44173423922641325,0.16448086006493276,0.393784900708654,HOLD
0,0.42792140598142697,0.1770373772765845,0.3950412167419886,HOLD
1,0.07545070764828214,0.9096121549480143,0.014937137403703622,HOLD
1,0.4508303609733503,0.4782230349210092,0.0709466041056406,HOLD
1,0.11087943699614468,0.8692542352060828,0.019866327797772445,HOLD
0,0.4398948171609706,0.37714316927070357,0.1829620135683258,HOLD
0,0.4860960699773363,0.35652027477859755,0.1573836552440661,HOLD
1,0.3031352045018664,0.5336040400711497,0.163260755426984,HOLD
1,0.18132583474792335,0.7106911880181959,0.10798297723388077,HOLD
0,0.6746180087306903,0.23964794200934886,0.08573404925996078,SELL
0,0.457300239992118,0.41721973426599346,0.1254800257418886,HOLD
1,0.37264007932340387,0.49001526128866985,0.1373446593879263,HOLD
1,0.3914214350023348,0.42375653510527816,0.18482202989238702,HOLD
1,0.34503199347998686,0.47255524457786147,0.18241276194215167,HOLD
1,0.3107054503087137,0.47442192377844955,0.21487262591283676,HOLD
1,0.36654668650047223,0.4027822720600299,0.23067104143949774,HOLD
1,0.3436246707262652,0.40480796189449697,0.25156736737923796,HOLD
1,0.3711370820344571,0.4234848213288363,0.2053780966367065,HOLD
1,0.17594560225720118,0.43919871499883684,0.384855682743962,HOLD
0,0.40533514907931595,0.3560182924415581,0.2386465584791259,HOLD
1,0.2620747131222031,0.5648336573274676,0.17309162955032925,HOLD
1,0.25606521661761344,0.5260227314841257,0.21791205189826096,HOLD
1,0.12002406944956856,0.7814355107068082,0.09854041984362322,HOLD
1,0.04217401030740505,0.8334533862343052,0.12437260345828971,HOLD
1,0.09245001975197552,0.8226633258442884,0.08488665440373616,HOLD
1,0.03989417600111738,0.8943570138351122,0.06574881016377034,HOLD
1,0.05391419043553426,0.9015636201458685,0.04452218941859722,HOLD
1,0.2825282320165363,0.6196709888321491,0.0978007791513146,HOLD
1,0.24203466605129934,0.656475905125593,0.10148942882310773,HOLD
1,0.2973940159915715,0.6097830644397488,0.09282291956867969,HOLD
1,0.3217841924279384,0.6058112094480278,0.07240459812403391,HOLD
1,0.3600767398337697,0.5155807927927325,0.12434246737349786,HOLD
1,0.3429857599803357,0.5412401295052859,0.11577411051437836,HOLD
1,0.30844518196086473,0.582287112891729,0.10926770514740632,HOLD
1,0.2250619545304573,0.6643301936429652,0.11060785182657755,HOLD
1,0.08639930816676515,0.8432120889392957,0.07038860289393915,HOLD
1,0.3196499683217878,0.5069262746578669,0.17342375702034526,HOLD
1,0.1473307039967558,0.7560907503846176,0.0965785456186266,HOLD
1,0.18600971951672088,0.6988266134713612,0.11516366701191791,HOLD
1,0.30103573758088514,0.5650772617508636,0.13388700066825127,HOLD
1,0.11894267539331584,0.7588024011616499,0.12225492344503423,HOLD
1,0.05709648392244773,0.8950242516574983,0.047879264420054045,HOLD
1,0.03169110760550572,0.9122106245244859,0.05609826787000851,HOLD
1,0.04042568123931902,0.8882762595655165,0.0712980591951646,HOLD
1,0.08677594092409792,0.869883192763922,0.04334086631198007,HOLD
1,0.3065588929206132,0.4491185535628092,0.24432255351657764,HOLD
1,0.3362786120423592,0.4647473874790046,0.19897400047863628,HOLD
1,0.35000473235260765,0.5203798162732011,0.12961545137419125,HOLD
1,0.3863690203942569,0.41684990597780286,0.19678107362794028,HOLD
1,0.15891385000804276,0.6816691298557602,0.15941702013619705,HOLD
1,0.29051303031037096,0.5801537094738968,0.12933326021573227,HOLD
0,0.45763715618508966,0.3367348582285968,0.2056279855863136,HOLD
2,0.09078351339448588,0.44631784470009506,0.4628986419054189,HOLD
2,0.24917387349385234,0.26593992156189755,0.4848862049442501,HOLD
2,0.11393329838076303,0.1918927995366752,0.6941739020825618,BUY
2,0.1349183537659716,0.24932553778181696,0.6157561084522114,BUY
2,0.06436082678690404,0.17550323291843764,0.7601359402946584,BUY
2,0.07263257598273073,0.16323697052196495,0.7641304534953044,BUY
2,0.06529925357616137,0.09957617420412176,0.8351245722197168,BUY
2,0.167147348353051,0.15861993699488167,0.6742327146520674,BUY
2,0.09401366308025365,0.13662034216797805,0.7693659947517684,BUY
2,0.07185249379976083,0.15690598947070486,0.7712415167295342,BUY
2,0.08260349443091228,0.1794314186416494,0.7379650869274382,BUY
2,0.0877354699941224,0.15365129617248607,0.7586132338333916,BUY
2,0.0993130816773269,0.21018839647238968,0.6904985218502835,BUY
2,0.13708777066121056,0.30053365644059615,0.5623785728981933,HOLD
1,0.13054032332513354,0.44995768982012135,0.41950198685474527,HOLD
1,0.07253260952867494,0.5263998226969456,0.4010675677743794,HOLD
2,0.09598952442946357,0.2550383350617273,0.6489721405088092,BUY
2,0.08676237345138109,0.1891282306107973,0.7241093959378215,BUY
2,0.10607611981882167,0.19374055094241513,0.7001833292387633,BUY
2,0.1582417920278734,0.34932746596344855,0.4924307420086781,HOLD
2,0.16639191377900897,0.30247463110024986,0.5311334551207412,HOLD
1,0.18770415698522575,0.41175811786733685,0.40053772514743746,HOLD
2,0.17541107895531552,0.354516723508997,0.4700721975356876,HOLD
2,0.2907122997937254,0.13499081696954232,0.5742968832367322,HOLD
2,0.15462297915033493,0.038578804449259096,0.8067982164004059,BUY
2,0.06466939236460749,0.041930071058148104,0.8934005365772444,BUY
2,0.21405457282082122,0.13953934957808656,0.6464060776010923,BUY
2,0.2405203014217404,0.11442217504159258,0.645057523536667,BUY
2,0.3853911632698808,0.12269058226959753,0.4919182544605215,HOLD
2,0.3087293300383243,0.126654923265574,0.5646157466961016,HOLD
2,0.2542755182825927,0.27175562090587246,0.4739688608115349,HOLD
2,0.1512873330716155,0.08538432383834764,0.7633283430900369,BUY
2,0.07645583313512203,0.2529311839370421,0.6706129829278359,BUY
2,0.1373944109269677,0.101486050110008,0.7611195389630242,BUY
2,0.12747095695930494,0.18220757330789064,0.6903214697328044,BUY
2,0.2182912397209914,0.13448202341707927,0.6472267368619294,BUY
2,0.19304935047410046,0.24122845388627592,0.5657221956396237,HOLD
2,0.3125249258356976,0.3318270922943109,0.35564798186999147,HOLD
1,0.29936936785531437,0.36116264954280386,0.3394679826018818,HOLD
1,0.12993462051989615,0.6051516632112482,0.2649137162688555,HOLD
1,0.10337534666061174,0.5641137679439517,0.3325108853954365,HOLD
1,0.08673210922310438,0.7544916800215815,0.15877621075531406,HOLD
1,0.07237768480993469,0.7814201080919922,0.1462022070980732,HOLD
1,0.08226807097630834,0.6760260567808072,0.24170587224288445,HOLD
1,0.17400595817373826,0.5181515375096426,0.30784250431661914,HOLD
1,0.15424695510971556,0.6288432354392066,0.2169098094510778,HOLD
1,0.1679699894999038,0.6579359359806577,0.17409407451943842,HOLD
1,0.10251082691593558,0.8083963946214066,0.08909277846265781,HOLD
1,0.21318751159412316,0.7033324703190911,0.08348001808678589,HOLD
1,0.25537753313638123,0.5662927299469579,0.1783297369166608,HOLD
1,0.29976959714707996,0.653892269498115,0.046338133354805,HOLD
1,0.3111044972155381,0.6433055291536165,0.04558997363084544,HOLD
1,0.30428889467245746,0.6410415676083889,0.054669537719153505,HOLD
1,0.11302453520603327,0.8550396016895694,0.031935863104397416,HOLD
1,0.07932152375101753,0.9099005535603505,0.01077792268863197,HOLD
1,0.36929099074132987,0.5805305980657051,0.050178411192965025,HOLD
1,0.35810432390605523,0.6069677312552608,0.03492794483868391,HOLD
1,0.30054364013479673,0.6517497925691045,0.047706567296098686,HOLD
1,0.3917328436828425,0.5760844655548704,0.03218269076228713,HOLD
1,0.4283813645377215,0.5272974671099631,0.044321168352315414,HOLD
1,0.4092064773734412,0.560834521740351,0.029959000886207742,HOLD
1,0.4497198105479234,0.5196758805520777,0.030604308899998788,HOLD
1,0.2752869224619608,0.6803648621213715,0.04434821541666773,HOLD
1,0.1070562621986854,0.8743878298973935,0.018555907903921056,HOLD
1,0.045890808324830244,0.9421387558153728,0.011970435859797011,HOLD
1,0.1742966319036498,0.7889600512018158,0.03674331689453443,HOLD
1,0.05706479762461147,0.9317626966777653,0.011172505697623075,HOLD
1,0.035313545232818204,0.9425129364233098,0.022173518343871983,HOLD
1,0.038273482440361904,0.9388915197532913,0.022834997806346725,HOLD
1,0.07069321750975015,0.9115971943185964,0.017709588171653478,HOLD
1,0.057125838127394746,0.9271074024156328,0.015766759456972375,HOLD
1,0.21757393237575723,0.7397165327035382,0.042709534920704506,HOLD
1,0.1603442708140225,0.8196542824369834,0.020001446748994067,HOLD
1,0.3003564568482311,0.6456415859323162,0.054001957219452806,HOLD
1,0.2813513719335227,0.6747517274291619,0.04389690063731552,HOLD
1,0.3146036215041948,0.6413953757617641,0.04400100273404118,HOLD
1,0.3390418200767976,0.6270891522073351,0.033869027715867236,HOLD
1,0.07516562876864821,0.903763174350098,0.021071196881253817,HOLD
1,0.035808750868961,0.9453541039097746,0.018837145221264402,HOLD
1,0.05161426733367276,0.92824388551056,0.020141847155767254,HOLD
1,0.057480586436448565,0.9243043160230827,0.018215097540468718,HOLD
1,0.03170207156423339,0.9564347269095277,0.011863201526238935,HOLD
1,0.029722019301661774,0.957669155907836,0.012608824790502439,HOLD
1,0.03529112391604815,0.9500572738346813,0.01465160224927052,HOLD
1,0.016067605991426714,0.9728027679497194,0.011129626058853826,HOLD
1,0.07497895549118773,0.9095239165161395,0.015497127992672811,HOLD
1,0.06365449401489981,0.9241994067430231,0.012146099242076961,HOLD
1,0.0806770639952602,0.9052726055416443,0.01405033046309555,HOLD
1,0.04851316570670837,0.9398410911580746,0.01164574313521699,HOLD
1,0.08430437028157776,0.9049034692437455,0.010792160474676519,HOLD
1,0.06284970899617161,0.9298391521424574,0.0073111388613711055,HOLD
1,0.1079601568018498,0.8516623084278829,0.04037753477026724,HOLD
1,0.20411999178718804,0.7644866787295879,0.031393329483224104,HOLD
1,0.07985594757154496,0.9040349152397406,0.016109137188714456,HOLD
1,0.048046578731202626,0.9416836714521655,0.01026974981663197,HOLD
1,0.04452495436208179,0.9468095489122091,0.008665496725708996,HOLD
1,0.05607356014338795,0.9346085187879626,0.00931792106864933,HOLD
1,0.03532313858719955,0.9498735705179686,0.01480329089483193,HOLD
1,0.024631363022663406,0.964560778756123,0.010807858221213652,HOLD
1,0.023290153182052666,0.9660877310625628,0.010622115755384371,HOLD
1,0.023281605973382146,0.9651049771008522,0.011613416925765683,HOLD
1,0.04361858638025892,0.9440024460581319,0.012378967561609193,HOLD
1,0.09128643009773937,0.8944006161333768,0.014312953768883646,HOLD
1,0.2368265389561743,0.7357856445637274,0.027387816480098196,HOLD
1,0.34253754143214865,0.5994502419334504,0.05801221663440102,HOLD
1,0.2678653843863296,0.7088901986661843,0.023244416947485986,HOLD
1,0.44700624651873405,0.5148289957936939,0.03816475768757215,HOLD
1,0.3228623121293914,0.6477627377012635,0.029374950169345174,HOLD
1,0.3800912404475433,0.5895102980986902,0.03039846145376666,HOLD
1,0.09141914226317258,0.8915387294087158,0.017042128328111555,HOLD
1,0.1371418342653762,0.83416904185073,0.028689123883893605,HOLD
1,0.08472537103929763,0.8746079383961989,0.04066669056450351,HOLD
1,0.02919792939483679,0.9554399321990286,0.015362138406134613,HOLD
1,0.03045620255483499,0.9471518456232948,0.022391951821870246,HOLD
1,0.043266177045239336,0.9439682538150056,0.012765569139755116,HOLD
1,0.0489674382445116,0.940638362553568,0.010394199201920487,HOLD
1,0.13169014086757705,0.8443262505775034,0.02398360855491951,HOLD
1,0.14490008322818265,0.8312243290680967,0.023875587703720696,HOLD
1,0.09131969607181062,0.8839581476755516,0.02472215625263774,HOLD
1,0.1816945092493571,0.7875067495003553,0.030798741250287514,HOLD
1,0.18843961539913526,0.7763413229296903,0.035219061671174584,HOLD
1,0.11773801295011961,0.8623826381897151,0.019879348860165423,HOLD
1,0.13363890940220835,0.8453628967789574,0.020998193818834398,HOLD
1,0.07685708132241185,0.9057938839090119,0.01734903476857621,HOLD
1,0.08875182783376971,0.8938938222066741,0.0173543499595561,HOLD
1,0.29921452157188194,0.6552863773362851,0.045499101091833034,HOLD
1,0.2674381588994474,0.6885952956960529,0.04396654540449952,HOLD
1,0.08442257337327058,0.8944145779026937,0.021162848724035625,HOLD
1,0.3391907747725537,0.6267014324028604,0.03410779282458581,HOLD
1,0.07573141031063065,0.9068736939612819,0.01739489572808756,HOLD
1,0.0494495288681794,0.9342838095108842,0.01626666162093646,HOLD
1,0.028826303185392328,0.9548556735379835,0.016318023276624002,HOLD
1,0.046913473421255264,0.934345403043604,0.01874112353514066,HOLD
1,0.0243754448303198,0.9653285460141852,0.010296009155495039,HOLD
1,0.021110040004995268,0.9685487521785131,0.01034120781649155,HOLD
1,0.02288521974393874,0.9672969649228621,0.009817815333199276,HOLD
1,0.08966843780004115,0.8957111636783682,0.014620398521590758,HOLD
1,0.06664805600622094,0.9138124840519999,0.01953945994177931,HOLD
1,0.06171912198531249,0.9240869368159652,0.014193941198722094,HOLD
1,0.028344076233846684,0.957959497645649,0.013696426120504295,HOLD
1,0.0428571565230103,0.9463685670889171,0.010774276388072384,HOLD
1,0.07647294668494294,0.908283153569869,0.015243899745188133,HOLD
1,0.17895595327462988,0.7987078959375056,0.02233615078786465,HOLD
1,0.17215207717201758,0.8083094567423285,0.019538466085653967,HOLD
1,0.11176486994568698,0.8709278040263231,0.017307326027989924,HOLD
1,0.08358201949018203,0.9019481156589187,0.014469864850899093,HOLD
1,0.06520923293270021,0.9199781408863705,0.014812626180929267,HOLD
1,0.015422740117164853,0.9771315476320219,0.0074457122508131785,HOLD
1,0.02539232378499709,0.9645173132796473,0.010090362935355656,HOLD
1,0.013318692984940515,0.9742728921324355,0.012408414882624019,HOLD
1,0.049330777688325535,0.9391855721516311,0.011483650160043263,HOLD
1,0.053847544978781435,0.9304369709923894,0.015715484028829062,HOLD
1,0.07618922410455246,0.9087023318287444,0.015108444066703117,HOLD
1,0.4537690636410573,0.45865079415263005,0.08758014220631269,HOLD
0,0.48647061236208744,0.4724757630490718,0.04105362458884071,HOLD
0,0.5498234345781158,0.39399882204442527,0.05617774337745903,HOLD
0,0.5849913481420378,0.3845954630767391,0.03041318878122311,HOLD
0,0.5960906636607783,0.364820271630062,0.03908906470915959,HOLD
1,0.4202819143109391,0.5000245316957806,0.07969355399328024,HOLD
1,0.08608683167518581,0.8726364676091242,0.04127670071569012,HOLD
1,0.07451593126900735,0.8880043858484932,0.03747968288249937,HOLD
1,0.37328507157188084,0.5504116479465135,0.07630328048160545,HOLD
1,0.14302708154407787,0.8005337232454179,0.05643919521050414,HOLD
1,0.029223045941112778,0.9341437706267643,0.036633183432123004,HOLD
1,0.03595996970604841,0.9218038537593511,0.042236176534600316,HOLD
1,0.035836890951696766,0.9253059911973163,0.03885711785098695,HOLD
1,0.05194704460387977,0.9209448794571484,0.027108075938971892,HOLD
1,0.1667602463330706,0.7991523590778713,0.03408739458905804,HOLD
1,0.29621317201142994,0.6728416425490041,0.030945185439565797,HOLD
1,0.127442927908422,0.8513101131301508,0.021246958961427195,HOLD
1,0.2781391237084731,0.6759554500488117,0.04590542624271523,HOLD
1,0.3239761374030829,0.6359854087895499,0.04003845380736722,HOLD
1,0.37277883760775826,0.5791986465377994,0.04802251585444234,HOLD
1,0.34690791995207815,0.6095894201236546,0.04350265992426727,HOLD
1,0.41204506185523404,0.5506164193782955,0.03733851876647046,HOLD
1,0.25522800006155244,0.6985436279677266,0.046228371970720876,HOLD
1,0.31471483277481355,0.6323723378444187,0.05291282938076769,HOLD
1,0.4040293252662761,0.5186698677130963,0.07730080702062761,HOLD
1,0.3832317240563614,0.5182097199086098,0.0985585560350289,HOLD
0,0.43125728810578945,0.39194251698992744,0.17680019490428314,HOLD
1,0.21535512921084576,0.6981663345932224,0.08647853619593196,HOLD
1,0.4216723493078195,0.4315427425838006,0.1467849081083798,HOLD
1,0.27661927032816724,0.3990809636005172,0.3242997660713155,HOLD
1,0.34275609375751803,0.5041440937261822,0.15309981251629978,HOLD
1,0.3999218659528749,0.41608742880435384,0.1839907052427713,HOLD
1,0.3426519153890394,0.47303738544814644,0.18431069916281417,HOLD
1,0.310103852449007,0.596382222301097,0.09351392524989591,HOLD
1,0.0344856111602426,0.910606074821149,0.05490831401860854,HOLD
1,0.1741894138393986,0.7186988444309499,0.10711174172965152,HOLD
1,0.07874526029072265,0.8496236281624481,0.07163111154682934,HOLD
1,0.16729277968529055,0.7167198756030677,0.11598734471164174,HOLD
1,0.05866584880410331,0.9025038644209877,0.03883028677490886,HOLD
1,0.05183914473530452,0.9188201131507122,0.02934074211398325,HOLD
1,0.05276286188328164,0.9092744706820246,0.03796266743469377,HOLD
1,0.07056360128605636,0.9019903756334577,0.027446023080485854,HOLD
1,0.1862170381570417,0.7555555420574028,0.05822741978555566,HOLD
1,0.06947169695452775,0.868221262928617,0.06230704011685527,HOLD
1,0.3177763677974358,0.5481924075590239,0.13403122464354036,HOLD
1,0.2914185094850787,0.5779090812243268,0.13067240929059457,HOLD
1,0.23209820963875702,0.6352540522645314,0.13264773809671151,HOLD
1,0.32569908895222827,0.489808214147766,0.18449269690000594,HOLD
1,0.2584110341968975,0.6388719340573341,0.10271703174576836,HOLD
1,0.2742189406500067,0.6299815882044306,0.09579947114556282,HOLD
1,0.20837330948165805,0.7116297430742449,0.07999694744409726,HOLD
1,0.0634039077312695,0.850951768673109,0.08564432359562148,HOLD
1,0.012269828738516413,0.9569036449748032,0.03082652628668039,HOLD
1,0.02633635799906352,0.9402890684826688,0.033374573518267656,HOLD
1,0.0376555362592145,0.9405186005259565,0.021825863214829037,HOLD
1,0.07735427100195745,0.8984239954491546,0.024221733548887996,HOLD
1,0.2441311419704514,0.637881348780321,0.11798750924922766,HOLD
1,0.29229534300672927,0.6190265400805213,0.08867811691274938,HOLD
1,0.10164625999918134,0.8638641342651663,0.0344896057356523,HOLD
1,0.058209732431944966,0.9029808216955341,0.03880944587252114,HOLD
1,0.07937395601235075,0.8530262061315994,0.06759983785604981,HOLD
1,0.05971218971303836,0.9199205286082841,0.020367281678677594,HOLD
1,0.08780904045842743,0.8677500123521802,0.044440947189392434,HOLD
1,0.05194412026349185,0.9250903069418459,0.022965572794662138,HOLD
1,0.05832346735079853,0.9111098145507581,0.030566718098443278,HOLD
1,0.14209715349162022,0.8029305093580394,0.0549723371503403,HOLD
1,0.11769570979650056,0.8308490703234894,0.05145521988000999,HOLD
1,0.20688562305056693,0.7069870787507326,0.08612729819870034,HOLD
1,0.1765654985080178,0.7303542599224225,0.09308024156955967,HOLD
1,0.29242778276815934,0.5956529310399497,0.11191928619189104,HOLD
1,0.3222764131281206,0.5701375910883806,0.1075859957834989,HOLD
1,0.3185169291086752,0.5992481466732474,0.08223492421807745,HOLD
1,0.2501360755983051,0.6461754836592952,0.10368844074239975,HOLD
1,0.021731603157218532,0.950513550065528,0.027754846777253574,HOLD
1,0.03948557830304535,0.9370503670412166,0.02346405465573805,HOLD
1,0.21900349603659622,0.699832505766235,0.08116399819716869,HOLD
1,0.2790570928991347,0.6300278776900986,0.0909150294107667,HOLD
1,0.2298913462117363,0.6920126573864825,0.07809599640178128,HOLD
0,0.47079145781018594,0.39159260274847474,0.1376159394413392,HOLD
1,0.3429861725536112,0.5028914428015158,0.15412238464487302,HOLD
1,0.12791935994987583,0.8159067312257783,0.0561739088243459,HOLD
1,0.39275035230306127,0.4739963776840606,0.1332532700128781,HOLD
0,0.466582999189892,0.43468473452288914,0.0987322662872189,HOLD
1,0.20036375768954293,0.6892679735629174,0.11036826874753973,HOLD
1,0.4243101268757649,0.4604767363454496,0.11521313677878557,HOLD
1,0.3887080926549941,0.4012666435741471,0.21002526377085878,HOLD
1,0.3921268710724997,0.48219166319903717,0.12568146572846314,HOLD
0,0.47639596286648606,0.40153713676990865,0.12206690036360532,HOLD
0,0.45750078867047683,0.39424106921627694,0.14825814211324623,HOLD
0,0.5061802912038578,0.32436087542211456,0.1694588333740276,HOLD
1,0.2936828986954158,0.5903781782351624,0.11593892306942188,HOLD
1,0.27255959715772604,0.533925078720598,0.1935153241216759,HOLD
1,0.3105704093448525,0.5092250821240007,0.18020450853114664,HOLD
1,0.22923224815539225,0.6821302861299183,0.08863746571468928,HOLD
1,0.41290383448507784,0.46060579475263697,0.12649037076228523,HOLD
1,0.3498515699659827,0.4703036205398122,0.1798448094942052,HOLD
1,0.3483628181555373,0.4567872153116166,0.194849966532846,HOLD
0,0.47883209124103604,0.35835226468765263,0.1628156440713114,HOLD
1,0.2852314496862312,0.5181112873895686,0.19665726292420027,HOLD
1,0.2689622280745906,0.5217490778633073,0.2092886940621022,HOLD
1,0.19270182127798446,0.6746242718840623,0.13267390683795333,HOLD
1,0.2888237094259767,0.5564290316676536,0.15474725890636973,HOLD
0,0.46984216678361246,0.37808116782148815,0.15207666539489945,HOLD
1,0.33426668267019066,0.48265884121374,0.1830744761160693,HOLD
1,0.11745056501913728,0.7946409228299048,0.0879085121509579,HOLD
1,0.3394726341138745,0.5523757809345682,0.10815158495155734,HOLD
1,0.3044916271739723,0.5265095634815953,0.16899880934443237,HOLD
0,0.5157088395994953,0.30989141606407555,0.1743997443364291,HOLD
1,0.3137649226710508,0.37178026098155587,0.31445481634739336,HOLD
0,0.4212969447137642,0.35464663726445705,0.22405641802177875,HOLD
1,0.3076941082238567,0.5281927561484973,0.1641131356276461,HOLD
1,0.1316067662225469,0.5056182998955406,0.36277493388191234,HOLD
0,0.37290150210614015,0.3577722220980712,0.2693262757957886,HOLD
1,0.2401007447765625,0.44417648156917355,0.315722773654264,HOLD
1,0.27538603790253985,0.4227204796342092,0.301893482463251,HOLD
1,0.2520015162095628,0.45124256668656554,0.2967559171038716,HOLD
2,0.3245849698574134,0.24298684875831908,0.4324281813842674,HOLD
1,0.3169824133480223,0.34817250284219375,0.33484508380978395,HOLD
0,0.37124886016198005,0.3448017603503435,0.2839493794876765,HOLD
2,0.30845780265728245,0.33729381748807996,0.3542483798546376,HOLD
1,0.18925340159513218,0.42181887555530917,0.3889277228495587,HOLD
2,0.1412829351364834,0.3574554294373994,0.5012616354261172,HOLD
1,0.1199907253919763,0.6305528462201917,0.24945642838783194,HOLD
1,0.08894487233688951,0.6280122236081753,0.2830429040549351,HOLD
1,0.156376921185234,0.6059923344332419,0.23763074438152423,HOLD
2,0.07593566618989168,0.3598063176779077,0.5642580161322006,HOLD
1,0.056592079254004314,0.624382875732586,0.31902504501340984,HOLD
1,0.0388831164276761,0.8097182255730214,0.1513986579993025,HOLD
1,0.048319730128836835,0.8696797328016974,0.08200053706946593,HOLD
1,0.03043150776414539,0.8029966852820534,0.16657180695380125,HOLD
1,0.03854506112661784,0.9086789267996659,0.05277601207371631,HOLD
1,0.19114816669705584,0.7732465928309269,0.03560524047201725,HOLD
1,0.045146687797441735,0.9420302337535054,0.012823078449052915,HOLD
1,0.22896417746496076,0.7550097111407874,0.01602611139425202,HOLD
1,0.11469455376792123,0.8749143535249019,0.010391092707177049,HOLD
1,0.11023780345319859,0.8759561196899242,0.013806076856877209,HOLD
1,0.2063069672119644,0.7742502389876219,0.019442793800413718,HOLD
1,0.08058836866727209,0.907653948997684,0.011757682335043809,HOLD
1,0.23038474348581772,0.7388192569220651,0.03079599959211721,HOLD
1,0.08539415957619682,0.8968420942576474,0.017763746166155777,HOLD
1,0.1408940085971233,0.836770019417754,0.022335971985122667,HOLD
1,0.07088380120403898,0.9084852216081456,0.020630977187815463,HOLD
1,0.17657120897295242,0.784725905196247,0.03870288583080074,HOLD
1,0.07441538230856393,0.9046988249835294,0.020885792707906664,HOLD
1,0.10325054540511838,0.8710131182887574,0.025736336306124263,HOLD
1,0.1046661055433166,0.8588259197140291,0.03650797474265419,HOLD
1,0.26170882531971756,0.6765459238024141,0.06174525087786836,HOLD
1,0.22229032726506837,0.6823834721414175,0.09532620059351413,HOLD
1,0.19011423217249793,0.728204288587409,0.08168147924009297,HOLD
1,0.3122283941458646,0.6559845102654328,0.03178709558870259,HOLD
1,0.4074008694439952,0.5436625929656685,0.04893653759033621,HOLD
1,0.46335074841345425,0.5037575105346274,0.03289174105191835,HOLD
0,0.5362343477734899,0.40400800493205236,0.05975764729445767,HOLD
0,0.7139366694432568,0.24169258853206269,0.04437074202468039,SELL
1,0.2268303535006037,0.7404631751170836,0.03270647138231268,HOLD
1,0.07703964308170916,0.9055694855122672,0.017390871406023467,HOLD
1,0.04774003628457402,0.9305054372215066,0.021754526493919426,HOLD
1,0.07916137577050923,0.893708517913383,0.027130106316107832,HOLD
1,0.030484618105584144,0.933687918097596,0.03582746379681983,HOLD
1,0.05013162376909343,0.9048392896300139,0.045029086600892596,HOLD
1,0.028833919134614767,0.9230488135644389,0.04811726730094637,HOLD
1,0.19345394871540528,0.7838603713729622,0.02268567991163258,HOLD
1,0.1115790745767228,0.876586892921382,0.011834032501895147,HOLD
0,0.6543253283322021,0.29388115900515527,0.05179351266264258,SELL
0,0.48999459491998054,0.4678862768587561,0.042119128221263305,HOLD
0,0.5445041454850446,0.4261314066692936,0.029364447845661886,HOLD
1,0.20678643165659913,0.7491142411466692,0.044099327196731604,HOLD
0,0.5764863193684753,0.3820138568863911,0.04149982374513363,HOLD
1,0.2871486420301656,0.6014929244203272,0.11135843354950711,HOLD
0,0.5398700964821167,0.22244653472040915,0.23768336879747404,HOLD
1,0.3375156301904401,0.36823113450236156,0.29425323530719827,HOLD
0,0.4094603971367554,0.3100248093699697,0.2805147934932749,HOLD
1,0.36892539463897084,0.37016463695005963,0.2609099684109695,HOLD
0,0.40993022507231686,0.35682927363553657,0.2332405012921466,HOLD
1,0.16342355401118538,0.6380720424090625,0.19850440357975205,HOLD
1,0.32142286535962944,0.3957295965743323,0.28284753806603835,HOLD
1,0.3458197709968297,0.3829777576454281,0.2712024713577422,HOLD
1,0.32835123081320355,0.40999953933155586,0.2616492298552407,HOLD
0,0.34482627010969463,0.3377747327158181,0.3173989971744873,HOLD
1,0.3760041690629898,0.4187800558452113,0.20521577509179906,HOLD
1,0.2827616479014671,0.44397456153662673,0.2732637905619063,HOLD
2,0.33410971202121914,0.24662857520184206,0.41926171277693886,HOLD
2,0.27595205530968026,0.3554903919272524,0.3685575527630673,HOLD
0,0.5132942427837754,0.23529627040669804,0.25140948680952646,HOLD
1,0.2181976457387467,0.5041692629731996,0.2776330912880537,HOLD
2,0.34396982812278526,0.2635591355031096,0.39247103637410513,HOLD
1,0.34061966068127203,0.36333464286784617,0.29604569645088175,HOLD
2,0.2899216733294337,0.193033096714221,0.5170452299563453,HOLD
2,0.2386255054916968,0.3492305676962082,0.41214392681209494,HOLD
2,0.2274117463905774,0.3163882572221658,0.4561999963872569,HOLD
1,0.17310946987294018,0.5948171050087865,0.23207342511827322,HOLD
1,0.12012791015815472,0.652259241050509,0.22761284879133614,HOLD
1,0.19826732852979156,0.6001325587212025,0.201600112749006,HOLD
0,0.4023084393072635,0.3275372669788495,0.27015429371388705,HOLD
2,0.2648412246877315,0.32683581414839846,0.4083229611638699,HOLD
2,0.3320976435267718,0.2669318741814829,0.4009704822917454,HOLD
2,0.34191263551719336,0.2703053434402439,0.38778202104256276,HOLD
0,0.3421166523673559,0.32656844300090093,0.3313149046317432,HOLD
1,0.3180769990683519,0.398099486899031,0.2838235140326171,HOLD
2,0.2345740804076641,0.3659762211806441,0.39944969841169187,HOLD
1,0.2508182228642793,0.4926632289985484,0.2565185481371722,HOLD
1,0.10491700059872701,0.7226585504982919,0.17242444890298114,HOLD
2,0.21164490991259538,0.3837155946226455,0.40463949546475914,HOLD
1,0.1812916224911071,0.5724175954223453,0.24629078208654756,HOLD
1,0.3041304503530739,0.4190088020629337,0.27686074758399243,HOLD
1,0.3100353162308744,0.36617246285827515,0.3237922209108504,HOLD
1,0.15917210560262754,0.5987396973577884,0.2420881970395841,HOLD
1,0.06077370498245382,0.8083966189660224,0.1308296760515238,HOLD
1,0.054092306557982535,0.7345872277178052,0.21132046572421218,HOLD
1,0.05741470588477789,0.8184603299396797,0.12412496417554247,HOLD
1,0.1712310305552241,0.6301967145524698,0.198572254892306,HOLD
1,0.27546445128079267,0.37419170183062894,0.35034384688857834,HOLD
0,0.3813448422687827,0.30111648402820673,0.31753867370301064,HOLD
2,0.2731525380921756,0.2404033085331321,0.4864441533746924,HOLD
2,0.348806936846154,0.29579149356731127,0.35540156958653474,HOLD
1,0.14806645088892897,0.4791159191144597,0.3728176299966114,HOLD
2,0.2824476269549309,0.24007881523370955,0.47747355781135964,HOLD
2,0.2874198322966598,0.1670641434472466,0.5455160242560936,HOLD
2,0.17936940142826505,0.2715808858402118,0.5490497127315233,HOLD
2,0.17844006441529453,0.1735458160932369,0.6480141194914686,BUY
2,0.2315976838303516,0.20726911716022867,0.5611331990094197,HOLD
2,0.18325244234887939,0.14368673329662257,0.673060824354498,BUY
2,0.1249293958309375,0.09428644167115391,0.7807841624979086,BUY
2,0.09741082915663608,0.11723573990509471,0.7853534309382693,BUY
2,0.12853846520408596,0.08950989708528824,0.7819516377106258,BUY
2,0.1212669774301826,0.151339082752914,0.7273939398169035,BUY
2,0.10324692801312974,0.11153807932786683,0.7852149926590033,BUY
2,0.11128698241226358,0.1841176619948249,0.7045953555929115,BUY
2,0.10146587577985787,0.18601123155309462,0.7125228926670475,BUY
2,0.09827236201377067,0.16680746860674694,0.7349201693794825,BUY
2,0.06616149747552812,0.14814824689969866,0.7856902556247731,BUY
2,0.09229627926393486,0.2525510721808816,0.6551526485551836,BUY
2,0.19799203836416102,0.32809646161980455,0.4739115000160345,HOLD
1,0.12062140728649619,0.6065391118345549,0.2728394808789489,HOLD
2,0.13488165378436695,0.3354133464414705,0.5297049997741625,HOLD
2,0.20450336047220233,0.3629058373377644,0.43259080219003315,HOLD
2,0.19593169415441808,0.1731686513971422,0.6308996544484398,BUY
2,0.22425935406413752,0.25764890786399897,0.5180917380718635,HOLD
2,0.21307431713267358,0.2292055642089081,0.5577201186584183,HOLD
2,0.2563605449463359,0.34689945829331376,0.3967399967603503,HOLD
2,0.12790086649384222,0.24213752729751534,0.6299616062086425,BUY
0,0.37678258849529905,0.25022519645843555,0.37299221504626534,HOLD
2,0.17720648376748355,0.05490795318233313,0.7678855630501833,BUY
2,0.23819741047285717,0.04947320919310296,0.7123293803340398,BUY
2,0.2910706097476507,0.27051105272274084,0.4384183375296084,HOLD
2,0.35618877102823854,0.1823749870411874,0.4614362419305742,HOLD
2,0.34576497577491366,0.2155012023657681,0.4387338218593181,HOLD
2,0.2510222199320454,0.18141958799289495,0.5675581920750598,HOLD
2,0.23695350610640462,0.3670022201318382,0.39604427376175716,HOLD
2,0.19726419227930758,0.09044874036620507,0.7122870673544874,BUY
2,0.15694785162216626,0.21560289730214452,0.6274492510756892,BUY
2,0.193696027411127,0.11141915930118379,0.6948848132876893,BUY
2,0.16320291310594856,0.17273198802781642,0.6640650988662351,BUY
2,0.23288937955307418,0.15378503871484758,0.6133255817320782,BUY
1,0.27024111309253906,0.39142302699326353,0.3383358599141974,HOLD
1,0.3125883807633057,0.4104418476335047,0.27696977160318964,HOLD
1,0.2877845019285051,0.4961698803687078,0.2160456177027871,HOLD
1,0.2002709507025358,0.5552370917124698,0.2444919575849944,HOLD
1,0.15516541229516434,0.5335811783479769,0.3112534093568588,HOLD
1,0.12408891506133383,0.6996626007283295,0.17624848421033654,HOLD
1,0.1063065360283902,0.7850245063866642,0.10866895758494553,HOLD
1,0.12073153740253179,0.680553214521539,0.19871524807592908,HOLD
1,0.16966655715956028,0.6234945042381913,0.2068389386022485,HOLD
1,0.2325823390624573,0.6135211944719693,0.15389646646557337,HOLD
1,0.20353797986135122,0.6789749342824607,0.11748708585618806,HOLD
1,0.12191475133032516,0.7701176263299969,0.10796762233967783,HOLD
1,0.2627084672847876,0.6194503783981518,0.11784115431706063,HOLD
1,0.27189823223776083,0.5549956667422118,0.17310610102002735,HOLD
1,0.2404499877975294,0.6392643823377189,0.1202856298647517,HOLD
1,0.3813882296446357,0.4177286687898774,0.20088310156548683,HOLD
1,0.3036618030259675,0.48201845835455187,0.21431973861948056,HOLD
1,0.13634165019746888,0.6407165362323093,0.2229418135702218,HOLD
1,0.08701615984178196,0.8312489512715635,0.08173488888665448,HOLD
2,0.23751912123942107,0.33427497804067946,0.4282059007198996,HOLD
1,0.2092081788343958,0.4056763425861883,0.3851154785794159,HOLD
1,0.19364754750705956,0.5134839648653634,0.29286848762757706,HOLD
0,0.43126198104143004,0.40675373866523856,0.16198428029333134,HOLD
1,0.33299547350117603,0.4118665115303152,0.25513801496850885,HOLD
1,0.39605623672223167,0.44146606379836467,0.1624776994794036,HOLD
0,0.46918554132476553,0.3885517780896354,0.14226268058559904,HOLD
1,0.39013306219487337,0.41530005439605516,0.19456688340907147,HOLD
1,0.24028636354749291,0.6084042189648855,0.15130941748762167,HOLD
1,0.11712472852453926,0.8170225393874793,0.06585273208798142,HOLD
1,0.29391594471730853,0.4504019565355304,0.25568209874716114,HOLD
1,0.19513451210179983,0.7073453591050313,0.09752012879316886,HOLD
1,0.2583726981687561,0.6266327424242409,0.11499455940700294,HOLD
1,0.22102875710939165,0.6263086864491696,0.1526625564414388,HOLD
1,0.26496426749475377,0.5997365780423277,0.1352991544629185,HOLD
1,0.1744415994582195,0.7341066941251708,0.09145170641660971,HOLD
1,0.37557750120710276,0.389313647897645,0.23510885089525213,HOLD
1,0.2697905883283448,0.6079789283315142,0.12223048334014099,HOLD
0,0.5176173216348149,0.2869694747365006,0.19541320362868453,HOLD
0,0.44769140844281596,0.3619782157804479,0.19033037577673606,HOLD
0,0.5473482725438934,0.3185199036083499,0.13413182384775668,HOLD
1,0.3741978741270195,0.44142522926190175,0.1843768966110788,HOLD
1,0.1861039176569756,0.738744205143027,0.07515187719999747,HOLD
1,0.10236062900466586,0.8251244646612409,0.07251490633409324,HOLD
1,0.11178389581043104,0.8067519062596127,0.08146419792995642,HOLD
1,0.08299910781330892,0.8487013114041707,0.0682995807825203,HOLD
1,0.030932192372563047,0.9248071395125372,0.044260668114899634,HOLD
1,0.11110656141998673,0.8065773014763703,0.082316137103643,HOLD
1,0.0661817060362999,0.8404625505644768,0.09335574339922313,HOLD
1,0.04600310372041389,0.8814926396537106,0.07250425662587553,HOLD
1,0.12139225848846313,0.7556340683653715,0.12297367314616531,HOLD
1,0.08270220082235807,0.8245180210740287,0.0927797781036132,HOLD
1,0.06417433835274707,0.8794498989735238,0.05637576267372918,HOLD
1,0.08582061323110642,0.8393703714400315,0.07480901532886215,HOLD
1,0.12303858525916908,0.7712410780798838,0.105720336660947,HOLD
1,0.12385259463821113,0.7790375776407159,0.09710982772107292,HOLD
1,0.06274485010579241,0.763223335379754,0.17403181451445354,HOLD
1,0.0814709348976362,0.730856053220691,0.18767301188167282,HOLD
1,0.05287495704657224,0.8865464796051142,0.060578563348313484,HOLD
1,0.03823328873871865,0.8770552427492788,0.08471146851200244,HOLD
1,0.039274868173310856,0.9006815808466144,0.06004355098007475,HOLD
1,0.05836938900906635,0.8343119983767768,0.10731861261415684,HOLD
1,0.053709104020289236,0.8584598093771196,0.08783108660259105,HOLD
1,0.04013916702779142,0.9029158324715407,0.05694500050066789,HOLD
1,0.021367218776752267,0.9462517110692552,0.032381070153992664,HOLD
1,0.015043232087834365,0.9511795592792561,0.033777208632909485,HOLD
1,0.03470829252152988,0.8353890830600138,0.12990262441845649,HOLD
1,0.024082509918801977,0.9029250509831517,0.07299243909804626,HOLD
1,0.09497439000833127,0.7197400920820246,0.18528551790964415,HOLD
1,0.22930896454591615,0.45151333161290375,0.3191777038411801,HOLD
1,0.2057800583259008,0.5329136709193275,0.2613062707547718,HOLD
1,0.278266104729595,0.3610492467919194,0.3606846484784855,HOLD
1,0.21701489824826706,0.5786727720453778,0.2043123297063552,HOLD
1,0.19545965268337637,0.5543916273979167,0.25014871991870696,HOLD
1,0.10954072036851051,0.767697063851298,0.12276221578019166,HOLD
1,0.05699154524087125,0.897339567351493,0.04566888740763576,HOLD
1,0.05803480595873244,0.9164017253731679,0.025563468668099713,HOLD
1,0.04692733299824517,0.9278152685270681,0.025257398474686804,HOLD
1,0.07052889961614724,0.904722857495361,0.024748242888492006,HOLD
1,0.11850409472784808,0.8619318727273515,0.01956403254480043,HOLD
1,0.10623356964751242,0.8663558149986829,0.027410615353804735,HOLD
1,0.24010304766881993,0.39493796039796214,0.364958991933218,HOLD
1,0.2899018147839752,0.4471154113132921,0.2629827739027327,HOLD
1,0.14841602734206227,0.6316536417829013,0.2199303308750365,HOLD
1,0.26279185740507627,0.5876515602713087,0.14955658232361504,HOLD
1,0.24740332249271907,0.5113541193609361,0.24124255814634474,HOLD
1,0.12296846009125775,0.703959686131515,0.17307185377722717,HOLD
1,0.15437068429013995,0.6700549119614845,0.1755744037483757,HOLD
1,0.22214300967982398,0.7409532648532402,0.03690372546693589,HOLD
1,0.21146562631360374,0.4311302832983192,0.35740409038807713,HOLD
1,0.21509742555775413,0.49212517447157195,0.292777399970674,HOLD
1,0.22905993777814143,0.43487868051857503,0.3360613817032834,HOLD
1,0.24122220412906684,0.49599010126402443,0.2627876946069086,HOLD
1,0.43919901859439653,0.4759028346642832,0.08489814674132037,HOLD
1,0.1261911766230485,0.8173026505912079,0.056506172785743596,HOLD
1,0.04343126183567295,0.9308932423272663,0.025675495837060608,HOLD
1,0.05261100431990993,0.9258797231794462,0.021509272500643998,HOLD
1,0.021243916674854306,0.9521851313160343,0.02657095200911128,HOLD
1,0.020385821220809095,0.9578819809814555,0.021732197797735567,HOLD
1,0.040689802641849335,0.9381222914725541,0.021187905885596655,HOLD
1,0.023118781058657344,0.9637798857547011,0.013101333186641674,HOLD
1,0.12920852889293982,0.8436131656039854,0.02717830550307469,HOLD
1,0.06712401367185344,0.9116310531944711,0.0212449331336753,HOLD
1,0.05937712640415271,0.9153789622307696,0.025243911365077636,HOLD
1,0.048670316542550586,0.9247678751271444,0.026561808330305102,HOLD
1,0.07266654965315358,0.9081276544647648,0.019205795882081426,HOLD
1,0.18495233307807885,0.7978178495858923,0.017229817336028967,HOLD
1,0.2324428605330381,0.732289592047185,0.03526754741977693,HOLD
1,0.19174034171072402,0.779371306656207,0.028888351633068948,HOLD
1,0.13655792321655408,0.8397145891259833,0.02372748765746267,HOLD
1,0.08548235946747249,0.9001480480892712,0.014369592443256312,HOLD
1,0.10942263624269993,0.8633668921754163,0.027210471581883746,HOLD
1,0.018756330243688998,0.9719933672957489,0.0092503024605622,HOLD
1,0.06904160033272416,0.9151779774684347,0.015780422198841345,HOLD
1,0.03171300082127637,0.9586450448971954,0.009641954281528342,HOLD
1,0.145321135581053,0.8231410501463886,0.031537814272558404,HOLD
1,0.10207819264481274,0.8583508147703484,0.0395709925848389,HOLD
1,0.08693946137838114,0.8891282687089495,0.023932269912669318,HOLD
0,0.6186101217179516,0.2988076275178048,0.08258225076424361,SELL
0,0.48947958429033267,0.46282830178630213,0.047692113923365274,HOLD
0,0.569168242873884,0.3821007388938082,0.04873101823230774,HOLD
0,0.5450809357288705,0.40800350122261986,0.046915563048509586,HOLD
0,0.6165997858445655,0.34330378478801843,0.040096429367415996,SELL
1,0.40221999132112335,0.5596602101929208,0.038119798485955765,HOLD
1,0.10542922292375892,0.860815950795999,0.03375482628024195,HOLD
1,0.04579911267262443,0.9394139855731749,0.01478690175420056,HOLD
1,0.43990622806891483,0.5144964495504517,0.04559732238063347,HOLD
1,0.20673579494035454,0.751336606882503,0.04192759817714244,HOLD
1,0.07463360075003517,0.9011346630135004,0.0242317362364645,HOLD
1,0.08570001237739487,0.8894855335182845,0.024814454104320652,HOLD
1,0.14425832601540256,0.8265543610543629,0.029187312930234608,HOLD
1,0.08087167087954535,0.8715677880654136,0.04756054105504123,HOLD
1,0.2547809286633222,0.7111022783427613,0.03411679299391654,HOLD
1,0.2591010132665276,0.7132482973128552,0.027650689420617165,HOLD
1,0.22762543273529093,0.7526926043782821,0.019681962886426953,HOLD
1,0.4451771951056379,0.5210511174781091,0.03377168741625297,HOLD
1,0.4134740513167592,0.5482284864601394,0.038297462223101285,HOLD
1,0.4598831071370479,0.4909174443040165,0.04919944855893548,HOLD
1,0.4053364778868168,0.5513526942775614,0.0433108278356217,HOLD
0,0.5132657393680988,0.4337067269503509,0.053027533681550325,HOLD
1,0.3003182348522816,0.6659787320220549,0.033703033125663424,HOLD
1,0.47675668188708004,0.48731315939868236,0.03593015871423768,HOLD
0,0.6074654103997205,0.34895167893021545,0.04358291067006407,SELL
0,0.518716039656785,0.43792505775204266,0.04335890259117231,HOLD
0,0.7445741235854154,0.2173317636789888,0.03809411273559579,SELL
1,0.43579874073903746,0.4458339549097372,0.11836730435122533,HOLD
0,0.48487850281355094,0.38306872180156026,0.13205277538488872,HOLD
1,0.2821521703762147,0.45187978070732804,0.2659680489164572,HOLD
1,0.3750281922173981,0.37829556772305284,0.24667624005954902,HOLD
0,0.4879650672412577,0.2741471701279719,0.23788776263077044,HOLD
0,0.42917575874376335,0.35839692160119774,0.21242731965503897,HOLD
1,0.3226089242311058,0.4427069164328903,0.23468415933600387,HOLD
1,0.1377213337626518,0.6261757627871135,0.23610290345023463,HOLD
1,0.281986211884746,0.3719539010801148,0.3460598870351393,HOLD
1,0.14795067190982295,0.6788578364723556,0.17319149161782132,HOLD
1,0.17603371816340505,0.5904914744908797,0.23347480734571527,HOLD
1,0.07755219686048247,0.8735389438821933,0.04890885925732408,HOLD
1,0.06643390083986783,0.9020926997700183,0.03147339939011383,HOLD
1,0.11008601324374948,0.8452443517127947,0.04466963504345588,HOLD
1,0.10550703385950883,0.8617420300678146,0.0327509360726765,HOLD
1,0.13873044788931085,0.7986436409029719,0.06262591120771724,HOLD
1,0.11135459824048335,0.8257792779589596,0.06286612380055702,HOLD
0,0.5154112764917936,0.39994202568348936,0.08464669782471691,HOLD
1,0.43188086741450893,0.43589835846884945,0.13222077411664154,HOLD
0,0.467723908796501,0.4110950528434492,0.12118103836004979,HOLD
1,0.320789083764095,0.4906969494030691,0.18851396683283592,HOLD
0,0.44460342533630465,0.4167870488872297,0.13860952577646557,HOLD
0,0.44869772950888465,0.4204773933123319,0.13082487717878347,HOLD
1,0.27477935281595267,0.6186526418629755,0.10656800532107184,HOLD
1,0.24410884816909387,0.6243234694594211,0.13156768237148506,HOLD
1,0.11554866478652269,0.7486612689596268,0.13579006625385043,HOLD
1,0.13370610321213514,0.7853276493198944,0.08096624746797054,HOLD
1,0.19588841041505214,0.707578426060985,0.09653316352396292,HOLD
1,0.13426391733315354,0.7833096064581079,0.0824264762087386,HOLD
1,0.3063447917877588,0.5226054567668319,0.17104975144540924,HOLD
1,0.4258012063800426,0.46767733453069293,0.10652145908926444,HOLD
1,0.22805855920578766,0.6697699226635623,0.10217151813065006,HOLD
1,0.2717505186978327,0.6188563866850048,0.10939309461716266,HOLD
1,0.18134707810963877,0.7366673275335746,0.08198559435678678,HOLD
1,0.20398121704846947,0.689344573098521,0.10667420985300963,HOLD
1,0.1213756911783167,0.7937917744482059,0.0848325343734773,HOLD
1,0.13963869083485553,0.7807391879172578,0.0796221212478867,HOLD
1,0.10646536562891804,0.8455060247677236,0.04802860960335838,HOLD
1,0.4251501481223568,0.44657503063467885,0.12827482124296422,HOLD
1,0.330960479308193,0.4931989227491507,0.17584059794265638,HOLD
1,0.36769572671696243,0.4754996383504899,0.1568046349325476,HOLD
1,0.10319246622362124,0.8280069306284905,0.06880060314788823,HOLD
1,0.3902012398378782,0.4896920877867897,0.12010667237533214,HOLD
0,0.4492404200841438,0.44289099911742846,0.10786858079842782,HOLD
1,0.35568409821744656,0.5359654387528844,0.10835046302966904,HOLD
1,0.3035531939071698,0.562419526911952,0.13402727918087826,HOLD
1,0.05712236745892207,0.8682793241104004,0.07459830843067755,HOLD
1,0.02557326461528171,0.934982492101747,0.03944424328297107,HOLD
1,0.26243116660106625,0.6471525495494418,0.09041628384949185,HOLD
0,0.4514892238464576,0.4324887237180533,0.11602205243548917,HOLD
1,0.33979774156601317,0.5065482939764739,0.15365396445751295,HOLD
0,0.5449642082678453,0.2999873888497266,0.15504840288242824,HOLD
1,0.3002091877779514,0.6210969650080416,0.07869384721400685,HOLD
1,0.18813546506132467,0.7432784769878561,0.0685860579508191,HOLD
0,0.470485113062391,0.31470569483627986,0.21480919210132912,HOLD
0,0.444825500969322,0.31815995747699954,0.2370145415536784,HOLD
1,0.35085883038878574,0.38657404397340794,0.26256712563780626,HOLD
0,0.40910524032285644,0.3747945045207391,0.21610025515640438,HOLD
0,0.3676480249048488,0.29307725090420644,0.3392747241909446,HOLD
1,0.3514483728530362,0.44807820495790157,0.20047342218906228,HOLD
1,0.2677465361232504,0.4390408098646491,0.29321265401210056,HOLD
1,0.31497148558352756,0.3971536002553179,0.2878749141611545,HOLD
1,0.3365391364287216,0.3907569262979346,0.27270393727334374,HOLD
1,0.2748320070393236,0.480446259602543,0.24472173335813335,HOLD
1,0.35315366551982974,0.4037691822988714,0.24307715218129883,HOLD
1,0.26441261325932935,0.38367443623699565,0.351912950503675,HOLD
1,0.2580185905130083,0.6028836867527151,0.13909772273427648,HOLD
0,0.4671022699070203,0.41865218840560275,0.11424554168737708,HOLD
1,0.2813710168716561,0.43825624584465606,0.28037273728368783,HOLD
1,0.2861233956528505,0.3901078449025053,0.32376875944464434,HOLD
1,0.3466680085672165,0.398521902484094,0.25481008894868945,HOLD
1,0.26132213741222526,0.5670570576792717,0.17162080490850298,HOLD
1,0.3561315716986023,0.47780047369864903,0.1660679546027486,HOLD
2,0.30118422137409856,0.32497220976131247,0.37384356886458897,HOLD
1,0.15018190936052717,0.5008522167557201,0.3489658738837527,HOLD
1,0.20672914374668186,0.452025944809282,0.3412449114440362,HOLD
0,0.3754297953234547,0.3482830677362016,0.2762871369403436,HOLD
0,0.4520258913010449,0.2514443720708269,0.29652973662812826,HOLD
1,0.31147608393379017,0.5308696959954713,0.15765422007073848,HOLD
1,0.41497077360336887,0.4792151441465663,0.10581408225006479,HOLD
0,0.590366385131607,0.21266597187113634,0.19696764299725678,HOLD
0,0.39855709402823136,0.23309260344079807,0.3683503025309707,HOLD
0,0.3880456161942275,0.27784272341745003,0.33411166038832246,HOLD
1,0.32564653152515605,0.4556304478296165,0.21872302064522742,HOLD
2,0.3052409209543922,0.3231107223430405,0.37164835670256735,HOLD
2,0.3153786957306976,0.32239196134939946,0.36222934291990294,HOLD
1,0.31097100651410164,0.40450941286678693,0.2845195806191114,HOLD
1,0.17427731358023907,0.47128765096529257,0.3544350354544684,HOLD
2,0.07804755155293842,0.13362136819459683,0.7883310802524648,BUY
2,0.1042648644454617,0.2511321127070327,0.6446030228475057,BUY
2,0.23831021916119213,0.1722481574024356,0.5894416234363722,HOLD
0,0.5568152689805812,0.17799479523964878,0.2651899357797701,HOLD
0,0.45250697846226917,0.16732892697813845,0.38016409455959244,HOLD
2,0.23782455871479746,0.24018052890128055,0.521994912383922,HOLD
2,0.09998549350713655,0.30716338302994717,0.5928511234629162,HOLD
1,0.24389522228880595,0.4452020379650963,0.3109027397460978,HOLD
1,0.10726077680439698,0.6935012902927516,0.19923793290285133,HOLD
2,0.19921036695898467,0.34119245679502086,0.45959717624599455,HOLD
2,0.18228419727161363,0.3283229364493952,0.48939286627899115,HOLD
1,0.13594339773492364,0.5171209823977511,0.34693561986732524,HOLD
1,0.05022630679595804,0.7657540966161422,0.18401959658789982,HOLD
1,0.09567116385599991,0.7329271526120129,0.17140168353198715,HOLD
1,0.040699419810308404,0.8485446299886092,0.11075595020108232,HOLD
1,0.1754510997040527,0.774392264420455,0.050156635875492364,HOLD
1,0.2904288286543844,0.68548062333,0.024090548015615523,HOLD
1,0.17705231340435018,0.7954698636288473,0.02747782296680256,HOLD
1,0.45036883302553327,0.5256957582523427,0.02393540872212406,HOLD
1,0.25100457296607526,0.730332877149743,0.018662549884181645,HOLD
1,0.2590868571064134,0.7140124660703785,0.026900676823208222,HOLD
0,0.5667860922496877,0.402878335549206,0.030335572201106373,HOLD
1,0.44233940741719063,0.5178665844413076,0.03979400814150179,HOLD
0,0.5619281267390075,0.420168006674571,0.01790386658642145,HOLD
1,0.3449371143685635,0.6083121078946853,0.04675077773675132,HOLD
1,0.42676244668562224,0.5473663098371216,0.02587124347725617,HOLD
1,0.1571562836797014,0.7920478670439088,0.05079584927638963,HOLD
1,0.21337658979048305,0.6934984168401525,0.09312499336936456,HOLD
0,0.647402831870613,0.27846218708691595,0.07413498104247106,SELL
1,0.40752469396314334,0.519331113775265,0.07314419226159165,HOLD
0,0.5048331976181855,0.40162747143239136,0.09353933094942324,HOLD
0,0.5772754112079493,0.36426449770857516,0.058460091083475316,HOLD
0,0.5216197940032627,0.4427598461790254,0.035620359817711895,HOLD
0,0.7198313426588768,0.22723359111022765,0.05293506623089545,SELL
0,0.6665076987313076,0.3067651042036218,0.026727197065070773,SELL
0,0.5643930837387996,0.39064213009095333,0.044964786170246976,HOLD
0,0.5452432772055538,0.43327707005099897,0.021479652743447295,HOLD
0,0.597439223751671,0.32898244534740245,0.0735783309009267,HOLD
0,0.6781799302414749,0.2654096208876336,0.056410448870891396,SELL
1,0.47707423191751996,0.49280391097260884,0.030121857109871097,HOLD
0,0.5610773410303803,0.40129077431420057,0.03763188465541906,HOLD
0,0.5904897259612014,0.3642558850622916,0.04525438897650697,HOLD
1,0.274292042487813,0.676620369384575,0.04908758812761189,HOLD
1,0.2747303886827599,0.6761764800610063,0.0490931312562338,HOLD
1,0.34270692698201216,0.5618375894478113,0.09545548357017654,HOLD
1,0.1222866562633103,0.718866812011497,0.15884653172519264,HOLD
1,0.15676826444219094,0.8131738933858207,0.0300578421719884,HOLD
1,0.387853292995241,0.5625664999080853,0.04958020709667367,HOLD
0,0.520573494129237,0.36141979041121397,0.11800671545954913,HOLD
0,0.5607507910815692,0.34897864579664156,0.09027056312178915,HOLD
1,0.3616404165071095,0.6046830595059269,0.03367652398696354,HOLD
1,0.4483425931720633,0.47075986616349424,0.08089754066444248,HOLD
0,0.6507762456743191,0.29667753097024296,0.05254622335543791,SELL
