Prediction,Prob_SELL,Prob_HOLD,Prob_BUY,Decision
1,0.21098854,0.4568422,0.33216923,HOLD
2,0.28450677,0.2391039,0.47638932,HOLD
2,0.28013068,0.3534083,0.36646098,HOLD
0,0.39267913,0.2693609,0.33795995,HOLD
0,0.48644084,0.38413277,0.12942638,HOLD
1,0.39453977,0.5274437,0.07801656,HOLD
1,0.19180387,0.52902496,0.27917117,HOLD
0,0.42910746,0.28786495,0.2830276,HOLD
1,0.19129021,0.49562806,0.31308168,HOLD
1,0.21593672,0.50132173,0.28274155,HOLD
2,0.28501552,0.33867967,0.3763048,HOLD
1,0.20896688,0.41780332,0.37322983,HOLD
1,0.24361326,0.4168984,0.33948833,HOLD
1,0.2684598,0.4134352,0.31810507,HOLD
2,0.23832881,0.35109395,0.4105772,HOLD
1,0.22149746,0.5803945,0.19810797,HOLD
1,0.1578713,0.671293,0.17083567,HOLD
1,0.22173023,0.47306687,0.30520296,HOLD
0,0.48485875,0.3036172,0.21152405,HOLD
2,0.25638804,0.18638319,0.5572288,HOLD
2,0.3142186,0.24249157,0.44328982,HOLD
2,0.44273138,0.11076752,0.4465011,HOLD
2,0.42723143,0.11756355,0.455205,HOLD
2,0.35812345,0.19402157,0.44785494,HOLD
2,0.23131056,0.20479341,0.563896,HOLD
1,0.23566641,0.4327737,0.3315599,HOLD
0,0.45040536,0.28775105,0.26184362,HOLD
2,0.3037717,0.28822005,0.40800825,HOLD
1,0.30239516,0.38947922,0.30812564,HOLD
0,0.44192854,0.17305079,0.38502073,HOLD
2,0.3452151,0.2803305,0.37445432,HOLD
2,0.32131657,0.32017133,0.3585121,HOLD
2,0.32036456,0.294938,0.3846974,HOLD
2,0.16403618,0.3256574,0.5103064,HOLD
2,0.16411713,0.2761118,0.55977106,HOLD
1,0.2657851,0.38180596,0.35240895,HOLD
0,0.4058334,0.25176725,0.34239933,HOLD
1,0.27655494,0.5356368,0.18780826,HOLD
1,0.23139492,0.42873865,0.3398664,HOLD
1,0.088511124,0.52353716,0.38795167,HOLD
2,0.1613134,0.36950457,0.4691821,HOLD
1,0.064783975,0.5320565,0.40315956,HOLD
1,0.12196823,0.5840688,0.293963,HOLD
2,0.11339603,0.27774045,0.6088635,BUY
1,0.09091933,0.47073743,0.43834326,HOLD
1,0.11260661,0.51148176,0.37591165,HOLD
1,0.27949005,0.37337497,0.34713492,HOLD
1,0.32980096,0.34461212,0.32558692,HOLD
2,0.3378587,0.24190709,0.42023414,HOLD
0,0.41401836,0.24541977,0.34056184,HOLD
2,0.33379012,0.26318854,0.4030214,HOLD
0,0.38464823,0.24031638,0.37503538,HOLD
2,0.335486,0.31112912,0.35338488,HOLD
0,0.37558627,0.2966268,0.32778698,HOLD
2,0.3872934,0.186191,0.42651564,HOLD
2,0.14196102,0.1722047,0.6858343,BUY
2,0.25778243,0.22906043,0.5131571,HOLD
2,0.24704517,0.14697137,0.60598344,BUY
2,0.33144188,0.12683704,0.54172105,HOLD
2,0.3349998,0.15870638,0.50629383,HOLD
2,0.36565927,0.16124658,0.4730942,HOLD
2,0.25653487,0.31343982,0.43002537,HOLD
2,0.20678116,0.21376823,0.5794506,HOLD
2,0.22295323,0.25115332,0.52589345,HOLD
2,0.18797193,0.23212408,0.57990396,HOLD
2,0.16156347,0.25055254,0.58788407,HOLD
2,0.19437955,0.26757336,0.5380471,HOLD
1,0.16744457,0.45044357,0.38211185,HOLD
2,0.2462889,0.23610832,0.5176028,HOLD
2,0.28781593,0.32787278,0.3843113,HOLD
1,0.31000224,0.3972331,0.29276466,HOLD
1,0.433104,0.4333985,0.13349746,HOLD
0,0.5041089,0.27125415,0.22463688,HOLD
2,0.39374787,0.123502724,0.48274946,HOLD
2,0.2913239,0.06302694,0.6456492,BUY
2,0.13286954,0.110506065,0.7566244,BUY
0,0.36071295,0.35345638,0.2858307,HOLD
2,0.25018328,0.15959287,0.59022385,HOLD
0,0.43943885,0.2285881,0.3319731,HOLD
0,0.46191326,0.22900128,0.3090855,HOLD
0,0.51991165,0.20653062,0.2735577,HOLD
2,0.25854576,0.1994906,0.54196364,HOLD
2,0.17925462,0.14636938,0.67437595,BUY
2,0.27482316,0.19848408,0.52669275,HOLD
2,0.24715972,0.20150402,0.5513362,HOLD
2,0.22464867,0.2803047,0.4950467,HOLD
2,0.32663697,0.29624462,0.3771184,HOLD
0,0.40182114,0.35497543,0.2432034,HOLD
0,0.39531958,0.3747815,0.2298989,HOLD
2,0.31599757,0.2721804,0.411822,HOLD
2,0.15117419,0.36404106,0.48478478,HOLD
2,0.16322501,0.34604546,0.49072957,HOLD
2,0.2994247,0.30402797,0.39654732,HOLD
2,0.30157474,0.25898796,0.43943736,HOLD
2,0.20532091,0.22575669,0.5689224,HOLD
2,0.37223005,0.20373437,0.4240356,HOLD
2,0.30173382,0.21084334,0.48742282,HOLD
2,0.32818165,0.32590774,0.34591058,HOLD
0,0.5119303,0.22147882,0.2665909,HOLD
1,0.27363873,0.3648833,0.361478,HOLD
2,0.31668833,0.30896503,0.3743467,HOLD
1,0.2538273,0.4222775,0.3238952,HOLD
2,0.18198663,0.38051787,0.43749547,HOLD
2,0.12722825,0.38518888,0.4875829,HOLD
2,0.31102693,0.33792308,0.35105,HOLD
2,0.28983936,0.22677855,0.4833821,HOLD
2,0.26508978,0.35082057,0.38408962,HOLD
2,0.23866169,0.3224212,0.43891713,HOLD
0,0.35505056,0.3046763,0.34027308,HOLD
2,0.31544232,0.29139632,0.39316133,HOLD
0,0.374759,0.37382287,0.25141814,HOLD
1,0.21735938,0.3961936,0.386447,HOLD
2,0.13658188,0.3927647,0.47065338,HOLD
2,0.084763125,0.43179062,0.48344627,HOLD
2,0.09659158,0.26798305,0.6354254,BUY
2,0.11759548,0.21763766,0.66476685,BUY
2,0.13212542,0.40480733,0.4630672,HOLD
2,0.19293045,0.29588032,0.5111892,HOLD
1,0.12830408,0.48319983,0.38849616,HOLD
2,0.13052024,0.19616906,0.67331076,BUY
2,0.16231522,0.4092958,0.42838895,HOLD
2,0.3372519,0.3155313,0.3472168,HOLD
2,0.23878396,0.34197548,0.41924053,HOLD
1,0.22906724,0.4032383,0.36769444,HOLD
2,0.32053712,0.32905382,0.35040906,HOLD
2,0.28236538,0.3479954,0.36963922,HOLD
2,0.18390892,0.380577,0.43551403,HOLD
2,0.21711853,0.38609266,0.39678875,HOLD
1,0.15771094,0.53178424,0.31050482,HOLD
2,0.22003604,0.37593415,0.4040298,HOLD
1,0.22183675,0.4685322,0.30963102,HOLD
1,0.23065472,0.38883933,0.38050598,HOLD
1,0.13402031,0.5885774,0.27740228,HOLD
1,0.17246808,0.5148077,0.31272423,HOLD
1,0.13550258,0.56289387,0.3016036,HOLD
2,0.29469216,0.17768684,0.527621,HOLD
2,0.23153092,0.375991,0.39247808,HOLD
2,0.2881876,0.26821867,0.44359374,HOLD
1,0.2597309,0.40369526,0.3365739,HOLD
1,0.25004315,0.45324785,0.29670894,HOLD
2,0.17839722,0.22270775,0.5988951,HOLD
2,0.15863736,0.19513333,0.6462293,BUY
2,0.22424942,0.28253207,0.4932185,HOLD
2,0.2297246,0.30647004,0.4638054,HOLD
2,0.26391125,0.31327868,0.42281005,HOLD
2,0.09702248,0.29065138,0.61232615,BUY
2,0.1049389,0.4003024,0.4947587,HOLD
1,0.06522383,0.5576443,0.37713188,HOLD
2,0.0740554,0.3037768,0.62216777,BUY
1,0.089955285,0.6047609,0.30528384,HOLD
1,0.13112682,0.6156345,0.25323868,HOLD
2,0.18194452,0.24106327,0.5769922,HOLD
2,0.31584984,0.25856113,0.42558905,HOLD
1,0.24892004,0.46193132,0.28914872,HOLD
1,0.20582865,0.4094232,0.38474813,HOLD
2,0.1936377,0.4027985,0.40356377,HOLD
1,0.26261652,0.42020905,0.31717443,HOLD
2,0.3410056,0.2560535,0.40294084,HOLD
2,0.20795539,0.37525496,0.41678965,HOLD
2,0.23640616,0.37135863,0.39223516,HOLD
2,0.2440683,0.3521527,0.40377897,HOLD
2,0.20772046,0.25146362,0.54081595,HOLD
1,0.30854765,0.42133796,0.27011436,HOLD
2,0.35139135,0.25987753,0.3887311,HOLD
1,0.35100442,0.43710738,0.21188822,HOLD
0,0.4701256,0.3305198,0.19935462,HOLD
0,0.39174193,0.34031996,0.26793814,HOLD
2,0.17298806,0.3960151,0.4309969,HOLD
1,0.17409243,0.46278334,0.3631242,HOLD
1,0.36850998,0.4009184,0.23057166,HOLD
1,0.20919718,0.42538434,0.36541855,HOLD
1,0.30952114,0.37635425,0.31412467,HOLD
1,0.24483028,0.42870697,0.32646278,HOLD
2,0.1703065,0.41227835,0.4174151,HOLD
1,0.21457952,0.4718044,0.3136161,HOLD
1,0.27651733,0.45752832,0.2659543,HOLD
1,0.25625202,0.37821496,0.365533,HOLD
1,0.16121076,0.4450689,0.39372036,HOLD
1,0.3124245,0.40671888,0.28085658,HOLD
1,0.29598,0.41212603,0.2918939,HOLD
0,0.40575925,0.37359637,0.22064444,HOLD
0,0.45403293,0.35718247,0.18878463,HOLD
1,0.16285157,0.5272724,0.309876,HOLD
1,0.30626598,0.41976693,0.2739671,HOLD
1,0.19537045,0.6478378,0.15679172,HOLD
1,0.2707813,0.43366826,0.29555047,HOLD
1,0.09523621,0.5626217,0.34214208,HOLD
1,0.28521985,0.4493428,0.2654373,HOLD
1,0.2327759,0.46118712,0.30603698,HOLD
1,0.2131851,0.6113476,0.1754673,HOLD
1,0.3779086,0.4628546,0.15923682,HOLD
0,0.39154246,0.38613418,0.22232339,HOLD
0,0.49725038,0.2570198,0.2457298,HOLD
0,0.38400355,0.30563748,0.310359,HOLD
1,0.2836637,0.4115703,0.30476594,HOLD
1,0.38704857,0.42650986,0.1864416,HOLD
1,0.35360226,0.37965897,0.2667388,HOLD
1,0.16603771,0.5714871,0.2624752,HOLD
1,0.14053553,0.5167147,0.34274974,HOLD
1,0.1684848,0.46084625,0.37066895,HOLD
1,0.20518771,0.5650207,0.22979164,HOLD
1,0.18607043,0.59781194,0.21611762,HOLD
1,0.30776766,0.35894382,0.33328852,HOLD
0,0.40799284,0.25335613,0.338651,HOLD
0,0.38349614,0.32445478,0.2920491,HOLD
2,0.23976588,0.33089206,0.42934212,HOLD
2,0.3432423,0.30988094,0.34687677,HOLD
0,0.42315352,0.27196848,0.304878,HOLD
2,0.31729576,0.3330495,0.34965476,HOLD
0,0.34052336,0.33215794,0.3273187,HOLD
1,0.21449718,0.44664901,0.33885384,HOLD
2,0.34196413,0.3129406,0.3450953,HOLD
1,0.1487016,0.49362406,0.3576743,HOLD
2,0.28468594,0.3247674,0.3905466,HOLD
1,0.21885033,0.48303398,0.29811567,HOLD
1,0.21891144,0.51161116,0.26947737,HOLD
1,0.28040978,0.38754863,0.3320416,HOLD
1,0.331934,0.42656144,0.24150452,HOLD
1,0.30459088,0.39806747,0.29734164,HOLD
1,0.1732423,0.58771724,0.23904045,HOLD
1,0.14752536,0.5778577,0.274617,HOLD
1,0.3156194,0.484912,0.19946861,HOLD
1,0.1609563,0.65956485,0.17947885,HOLD
1,0.20445752,0.61761934,0.17792311,HOLD
1,0.22763632,0.531421,0.24094264,HOLD
1,0.31409937,0.4546229,0.2312777,HOLD
1,0.29477552,0.45583165,0.24939276,HOLD
1,0.26361862,0.46170717,0.27467415,HOLD
1,0.34646964,0.3771743,0.2763561,HOLD
0,0.38354912,0.3312012,0.2852497,HOLD
2,0.28319076,0.2721403,0.444669,HOLD
0,0.44238403,0.26134086,0.29627514,HOLD
2,0.34558624,0.24362172,0.41079202,HOLD
1,0.35377392,0.36807838,0.27814773,HOLD
1,0.1495921,0.65056753,0.19984037,HOLD
1,0.19610494,0.528449,0.27544606,HOLD
1,0.14532942,0.6487687,0.20590189,HOLD
1,0.07160503,0.7391914,0.18920356,HOLD
1,0.14598785,0.59040517,0.26360694,HOLD
1,0.13927871,0.6501262,0.21059506,HOLD
1,0.2287615,0.46114624,0.3100923,HOLD
1,0.3061261,0.3891891,0.3046848,HOLD
1,0.25908703,0.43187746,0.3090355,HOLD
1,0.2994529,0.40289998,0.2976471,HOLD
1,0.13393407,0.70922714,0.15683877,HOLD
1,0.1964072,0.4252249,0.37836793,HOLD
1,0.33893058,0.44941074,0.21165873,HOLD
1,0.105042234,0.79741544,0.09754229,HOLD
0,0.40029556,0.28040802,0.31929648,HOLD
0,0.35473135,0.29272932,0.35253936,HOLD
2,0.28736347,0.3073433,0.4052932,HOLD
1,0.34987515,0.37727633,0.27284858,HOLD
1,0.3156094,0.44617897,0.23821163,HOLD
1,0.22111341,0.53209126,0.24679536,HOLD
1,0.22894949,0.513023,0.25802746,HOLD
1,0.19111139,0.55354965,0.255339,HOLD
1,0.23352903,0.47234425,0.2941267,HOLD
1,0.23812366,0.47251475,0.2893616,HOLD
1,0.3415442,0.50769776,0.15075806,HOLD
1,0.18698588,0.5382935,0.27472064,HOLD
0,0.3793309,0.3292487,0.29142037,HOLD
1,0.1787288,0.45451534,0.36675587,HOLD
1,0.10878863,0.48872587,0.40248546,HOLD
1,0.11540299,0.61796886,0.26662815,HOLD
1,0.10063509,0.47315183,0.42621306,HOLD
2,0.23392525,0.3674995,0.3985752,HOLD
2,0.28761476,0.35166937,0.3607158,HOLD
1,0.21893516,0.4039362,0.3771286,HOLD
2,0.15635154,0.40134305,0.4423054,HOLD
2,0.17659652,0.3998785,0.42352495,HOLD
2,0.20407575,0.384225,0.41169927,HOLD
2,0.28427526,0.26504204,0.45068267,HOLD
2,0.24970044,0.30687815,0.44342136,HOLD
2,0.17748655,0.16173235,0.6607811,BUY
2,0.32007575,0.18213424,0.49779,HOLD
2,0.32419473,0.29688713,0.37891814,HOLD
1,0.2313335,0.52805746,0.240609,HOLD
1,0.33280236,0.39454317,0.27265447,HOLD
1,0.3405653,0.4243295,0.23510519,HOLD
1,0.3279043,0.40131184,0.27078387,HOLD
0,0.4074799,0.3867033,0.20581678,HOLD
1,0.24378777,0.4254684,0.33074385,HOLD
1,0.30709165,0.42302433,0.269884,HOLD
0,0.36035106,0.29930767,0.34034127,HOLD
1,0.24126695,0.4653066,0.29342642,HOLD
1,0.311153,0.3602933,0.3285537,HOLD
1,0.21334797,0.5915563,0.19509575,HOLD
1,0.20491005,0.51634943,0.27874053,HOLD
0,0.56478053,0.19622958,0.23898986,HOLD
0,0.5375642,0.21168067,0.2507551,HOLD
0,0.49883133,0.19825293,0.30291578,HOLD
0,0.46110377,0.2550872,0.283809,HOLD
0,0.450459,0.29910022,0.25044075,HOLD
2,0.3076358,0.26414242,0.42822176,HOLD
2,0.26186377,0.31946748,0.41866875,HOLD
2,0.30625078,0.3196108,0.37413844,HOLD
1,0.22309202,0.45749065,0.3194173,HOLD
2,0.23516454,0.38241243,0.3824231,HOLD
2,0.3203007,0.3022944,0.37740493,HOLD
2,0.33344474,0.2477884,0.41876686,HOLD
0,0.45332325,0.2609665,0.28571022,HOLD
0,0.36647215,0.3452812,0.28824663,HOLD
1,0.3214508,0.37834454,0.3002046,HOLD
2,0.2735277,0.30962858,0.4168437,HOLD
1,0.252694,0.37410194,0.37320405,HOLD
2,0.30123192,0.34613988,0.35262817,HOLD
1,0.28516766,0.37701955,0.33781275,HOLD
1,0.29704186,0.37988374,0.32307437,HOLD
2,0.30787393,0.30243492,0.3896912,HOLD
0,0.3675237,0.35739213,0.2750841,HOLD
2,0.33439213,0.25568655,0.40992132,HOLD
0,0.39273223,0.22176807,0.3854997,HOLD
2,0.33709586,0.3054947,0.35740945,HOLD
0,0.41317093,0.28318965,0.30363938,HOLD
2,0.22936065,0.2970432,0.4735961,HOLD
2,0.24719913,0.26277727,0.49002358,HOLD
2,0.27322885,0.3286521,0.398119,HOLD
2,0.29414308,0.29227614,0.4135808,HOLD
2,0.32127246,0.22060479,0.4581227,HOLD
0,0.3490605,0.30400467,0.34693483,HOLD
2,0.330016,0.31471372,0.3552703,HOLD
2,0.21781717,0.26933396,0.5128489,HOLD
2,0.21189182,0.3222637,0.46584448,HOLD
2,0.19353849,0.31329328,0.49316823,HOLD
2,0.23242652,0.32125765,0.44631585,HOLD
1,0.16239808,0.48449123,0.35311067,HOLD
1,0.1183916,0.5086252,0.3729832,HOLD
2,0.14013685,0.36333215,0.49653104,HOLD
2,0.20571904,0.39131474,0.40296617,HOLD
2,0.20085807,0.38378814,0.41535378,HOLD
1,0.271729,0.4098572,0.31841376,HOLD
2,0.18722227,0.32871047,0.48406726,HOLD
1,0.17535983,0.4991977,0.32544252,HOLD
1,0.19096455,0.43378285,0.37525263,HOLD
2,0.18184233,0.30591026,0.5122474,HOLD
2,0.1809886,0.32263762,0.49637374,HOLD
2,0.2130754,0.3182914,0.46863317,HOLD
1,0.21842384,0.4147181,0.36685807,HOLD
0,0.3474439,0.31931755,0.33323854,HOLD
2,0.2934751,0.3452563,0.3612686,HOLD
1,0.33475736,0.3924147,0.27282795,HOLD
1,0.34017354,0.38767242,0.27215397,HOLD
1,0.2845893,0.41686755,0.29854318,HOLD
2,0.2698548,0.2782953,0.4518499,HOLD
1,0.29749882,0.43661782,0.26588336,HOLD
1,0.3430306,0.43759838,0.219371,HOLD
0,0.40898463,0.3334969,0.25751844,HOLD
1,0.30724037,0.45268506,0.24007455,HOLD
1,0.34166354,0.39803782,0.26029867,HOLD
1,0.30517083,0.47225893,0.22257029,HOLD
1,0.31198558,0.36857027,0.31944418,HOLD
0,0.3992864,0.34093735,0.2597762,HOLD
1,0.28271472,0.3609247,0.3563606,HOLD
1,0.3748127,0.37781942,0.24736789,HOLD
1,0.35470173,0.4095749,0.23572336,HOLD
0,0.4059099,0.3682651,0.22582503,HOLD
0,0.38466135,0.33351484,0.2818238,HOLD
2,0.30447558,0.24557962,0.44994476,HOLD
1,0.1369278,0.47925982,0.38381237,HOLD
1,0.22209227,0.41898334,0.3589244,HOLD
1,0.19081987,0.40552133,0.4036588,HOLD
1,0.33122844,0.3560154,0.31275612,HOLD
2,0.3397535,0.2514596,0.40878686,HOLD
2,0.30883658,0.27869666,0.41246676,HOLD
2,0.3545271,0.23211095,0.413362,HOLD
1,0.2896244,0.3560824,0.35429323,HOLD
0,0.39076996,0.26033592,0.3488941,HOLD
0,0.45197445,0.16795261,0.38007292,HOLD
0,0.39212465,0.30258566,0.30528966,HOLD
0,0.4557489,0.25352407,0.29072702,HOLD
0,0.5352187,0.24938193,0.21539938,HOLD
1,0.2963714,0.54854995,0.1550786,HOLD
0,0.42660135,0.19812267,0.37527597,HOLD
0,0.45621383,0.35299107,0.19079508,HOLD
0,0.37426084,0.2893844,0.3363548,HOLD
0,0.46824634,0.36077353,0.17098008,HOLD
1,0.29741156,0.4686623,0.23392612,HOLD
1,0.32202935,0.4917808,0.1861898,HOLD
1,0.37581328,0.43976837,0.18441835,HOLD
1,0.376187,0.46232995,0.16148306,HOLD
1,0.24365532,0.64285326,0.11349138,HOLD
1,0.20064051,0.40701324,0.39234623,HOLD
1,0.3316028,0.52663857,0.14175859,HOLD
0,0.5324439,0.3300637,0.13749243,HOLD
0,0.6107402,0.20611075,0.1831491,SELL
1,0.29936433,0.48177198,0.21886371,HOLD
1,0.31494555,0.41432393,0.27073058,HOLD
1,0.20116174,0.51086026,0.287978,HOLD
2,0.1604724,0.38792086,0.4516068,HOLD
1,0.27741206,0.521791,0.20079698,HOLD
2,0.14583255,0.3806623,0.47350517,HOLD
1,0.15079176,0.63397485,0.21523343,HOLD
1,0.23238201,0.51427305,0.25334495,HOLD
2,0.28011405,0.3060548,0.41383108,HOLD
1,0.1757394,0.44374675,0.3805139,HOLD
2,0.24995169,0.3124468,0.43760154,HOLD
1,0.23352417,0.48709935,0.27937642,HOLD
2,0.26019746,0.32449192,0.4153106,HOLD
1,0.36037004,0.3703927,0.26923722,HOLD
0,0.3940838,0.24894059,0.35697564,HOLD
2,0.15228836,0.28902045,0.5586912,HOLD
2,0.066521205,0.2397213,0.6937575,BUY
2,0.10062336,0.23590653,0.6634701,BUY
2,0.1347696,0.22951278,0.63571763,BUY
1,0.07174821,0.5855025,0.34274924,HOLD
1,0.2411057,0.4261424,0.33275184,HOLD
1,0.17080078,0.527005,0.30219418,HOLD
2,0.12875515,0.24095954,0.63028526,BUY
2,0.17636496,0.22695288,0.59668213,HOLD
2,0.16569977,0.39521614,0.4390841,HOLD
2,0.16912374,0.31701568,0.5138606,HOLD
1,0.16429698,0.46936876,0.3663343,HOLD
1,0.28747487,0.4014994,0.31102574,HOLD
2,0.12305016,0.43487507,0.4420748,HOLD
2,0.13884585,0.2679211,0.59323305,HOLD
2,0.2339484,0.36253586,0.4035157,HOLD
2,0.28039178,0.3001384,0.41946974,HOLD
0,0.36290774,0.27551115,0.36158112,HOLD
2,0.29532495,0.16392605,0.540749,HOLD
1,0.30459517,0.42238915,0.2730157,HOLD
2,0.32692894,0.16834706,0.504724,HOLD
2,0.25481114,0.28952962,0.45565924,HOLD
0,0.4774199,0.22395486,0.29862523,HOLD
0,0.40141907,0.2949918,0.30358914,HOLD
0,0.51096296,0.19535464,0.29368243,HOLD
2,0.29965532,0.2637537,0.43659097,HOLD
2,0.31116104,0.22381885,0.46502015,HOLD
2,0.37934822,0.22820069,0.3924511,HOLD
2,0.13312839,0.16432244,0.70254916,BUY
2,0.33423138,0.2681781,0.39759052,HOLD
1,0.3277868,0.42494065,0.24727258,HOLD
2,0.2962223,0.28556135,0.4182164,HOLD
1,0.32619154,0.407419,0.26638946,HOLD
0,0.34734422,0.31816494,0.33449087,HOLD
1,0.368302,0.47583663,0.15586138,HOLD
1,0.34643185,0.41798264,0.2355855,HOLD
1,0.10618536,0.5158264,0.37798822,HOLD
1,0.14611004,0.45712957,0.39676043,HOLD
1,0.15524726,0.44575205,0.39900067,HOLD
2,0.17144668,0.22656922,0.60198414,BUY
1,0.12896675,0.4737529,0.39728037,HOLD
0,0.3654028,0.29528186,0.33931533,HOLD
2,0.26986027,0.2844626,0.44567716,HOLD
2,0.2959323,0.24323228,0.46083534,HOLD
2,0.21654339,0.20965591,0.5738007,HOLD
2,0.1530174,0.10495887,0.7420237,BUY
2,0.22025919,0.11683743,0.66290337,BUY
0,0.56730825,0.21208729,0.22060445,HOLD
0,0.415298,0.3426591,0.24204294,HOLD
0,0.5531293,0.20014407,0.24672662,HOLD
2,0.35289258,0.21596384,0.4311436,HOLD
2,0.20132749,0.3980886,0.40058392,HOLD
2,0.31259173,0.13609947,0.55130875,HOLD
2,0.33226964,0.2815281,0.38620228,HOLD
2,0.2220309,0.34941754,0.42855155,HOLD
2,0.20666724,0.28335762,0.5099751,HOLD
2,0.2944944,0.21776016,0.4877455,HOLD
2,0.27335897,0.31886268,0.40777838,HOLD
1,0.113718376,0.5729612,0.31332043,HOLD
1,0.18782307,0.42286402,0.38931292,HOLD
1,0.15606827,0.4679081,0.37602362,HOLD
2,0.13220163,0.41411477,0.4536836,HOLD
1,0.22578917,0.42305487,0.351156,HOLD
1,0.23485307,0.41387495,0.35127193,HOLD
2,0.26755324,0.3347496,0.39769715,HOLD
0,0.3991927,0.36575326,0.23505403,HOLD
1,0.27322674,0.5705546,0.15621866,HOLD
1,0.30929437,0.58498394,0.105721675,HOLD
1,0.1433243,0.5569735,0.29970217,HOLD
1,0.24072525,0.6444155,0.11485927,HOLD
1,0.29840747,0.47818324,0.22340932,HOLD
1,0.31833923,0.55450976,0.12715098,HOLD
0,0.4696258,0.31162196,0.2187523,HOLD
0,0.4716595,0.3586607,0.16967975,HOLD
1,0.15815453,0.5391924,0.30265313,HOLD
1,0.08821288,0.58967274,0.3221144,HOLD
2,0.3699174,0.23028584,0.39979678,HOLD
0,0.3856516,0.33520672,0.2791417,HOLD
1,0.32611087,0.42749897,0.24639015,HOLD
0,0.56962633,0.3169098,0.11346391,HOLD
0,0.3735163,0.3133616,0.3131221,HOLD
0,0.6797969,0.21930455,0.10089857,SELL
0,0.51741487,0.3180607,0.16452442,HOLD
0,0.45184308,0.27804953,0.27010733,HOLD
1,0.24445474,0.44177574,0.31376952,HOLD
1,0.13310294,0.49446124,0.37243587,HOLD
2,0.16801503,0.40161213,0.43037283,HOLD
1,0.1066144,0.45296127,0.4404243,HOLD
1,0.10993902,0.45622706,0.43383396,HOLD
1,0.19404992,0.40390697,0.40204313,HOLD
2,0.26271564,0.31727237,0.420012,HOLD
1,0.2819569,0.46694478,0.25109828,HOLD
0,0.44197515,0.28698096,0.2710439,HOLD
0,0.6073544,0.2394748,0.1531708,SELL
0,0.40166894,0.38923514,0.20909597,HOLD
0,0.42094558,0.36972913,0.2093253,HOLD
0,0.41696328,0.31952718,0.26350957,HOLD
1,0.4309704,0.44656414,0.12246548,HOLD
0,0.45153883,0.40862635,0.13983485,HOLD
1,0.39382607,0.40963966,0.19653429,HOLD
1,0.31059122,0.5550165,0.13439228,HOLD
1,0.25497973,0.6294479,0.11557235,HOLD
1,0.28476056,0.4938931,0.2213463,HOLD
0,0.546494,0.27202648,0.18147948,HOLD
1,0.3530076,0.42414966,0.22284274,HOLD
1,0.4394715,0.45128682,0.1092417,HOLD
1,0.35129708,0.56530434,0.08339854,HOLD
1,0.43285567,0.4766175,0.09052686,HOLD
0,0.5085451,0.36618063,0.12527421,HOLD
0,0.5354827,0.3551088,0.10940848,HOLD
1,0.37699246,0.42042243,0.20258512,HOLD
1,0.4075622,0.46216944,0.13026838,HOLD
1,0.40188247,0.41047475,0.18764281,HOLD
1,0.17957568,0.50881886,0.31160545,HOLD
1,0.2794667,0.49580196,0.22473134,HOLD
1,0.2633612,0.4351623,0.30147648,HOLD
1,0.28121397,0.48161995,0.23716603,HOLD
1,0.17622112,0.45098338,0.3727955,HOLD
1,0.38798678,0.40803388,0.2039793,HOLD
1,0.22825271,0.62316805,0.14857922,HOLD
1,0.32936737,0.38032594,0.29030666,HOLD
1,0.32944235,0.43575746,0.23480015,HOLD
2,0.2738595,0.24753113,0.47860935,HOLD
1,0.23358668,0.4635887,0.30282465,HOLD
0,0.43490785,0.4050962,0.15999597,HOLD
0,0.5968769,0.2121193,0.1910038,HOLD
0,0.5800054,0.31762603,0.10236856,HOLD
0,0.41699466,0.3340496,0.24895577,HOLD
1,0.31822842,0.39929336,0.28247818,HOLD
0,0.57233125,0.29660934,0.13105941,HOLD
0,0.47868347,0.42100528,0.10031126,HOLD
0,0.42115876,0.41056487,0.16827641,HOLD
0,0.40604448,0.36757472,0.22638083,HOLD
1,0.30821928,0.47154158,0.22023913,HOLD
1,0.42996374,0.45242688,0.11760936,HOLD
0,0.40809715,0.3648422,0.22706063,HOLD
0,0.44125384,0.3693703,0.18937589,HOLD
1,0.31520247,0.35526294,0.3295346,HOLD
2,0.3438261,0.29190287,0.36427101,HOLD
1,0.19646978,0.44738436,0.3561459,HOLD
0,0.40539348,0.3509962,0.24361037,HOLD
2,0.23501351,0.32433626,0.44065017,HOLD
1,0.26362962,0.45643336,0.27993697,HOLD
2,0.19810589,0.3806031,0.42129102,HOLD
0,0.3837538,0.23284352,0.38340273,HOLD
1,0.3003518,0.41182607,0.2878221,HOLD
2,0.21866871,0.36028352,0.4210478,HOLD
2,0.15338086,0.3282648,0.51835436,HOLD
2,0.06568516,0.3816345,0.5526803,HOLD
2,0.2222039,0.25043672,0.52735937,HOLD
2,0.08618212,0.25544652,0.6583713,BUY
2,0.1715988,0.1675685,0.6608327,BUY
2,0.09995159,0.24216834,0.65788007,BUY
2,0.085938364,0.20933215,0.7047295,BUY
2,0.08076361,0.36529174,0.55394465,HOLD
1,0.07807371,0.5402481,0.38167825,HOLD
2,0.1386206,0.33512598,0.5262534,HOLD
2,0.14720242,0.20754836,0.64524925,BUY
2,0.06827762,0.18151936,0.750203,BUY
1,0.082548276,0.796002,0.12144973,HOLD
2,0.2207969,0.35424486,0.4249582,HOLD
2,0.14582013,0.2593425,0.5948374,HOLD
2,0.27787217,0.36009648,0.3620313,HOLD
2,0.2249842,0.32092628,0.45408952,HOLD
0,0.3867886,0.31979308,0.29341832,HOLD
0,0.47437346,0.2733743,0.25225222,HOLD
2,0.16485702,0.3810783,0.45406464,HOLD
1,0.16358294,0.5237872,0.3126299,HOLD
1,0.19888332,0.4213181,0.3797986,HOLD
2,0.1857384,0.33459342,0.4796682,HOLD
1,0.23270167,0.59238154,0.17491679,HOLD
2,0.23693371,0.37241465,0.39065164,HOLD
1,0.22973453,0.56067866,0.20958686,HOLD
2,0.31243578,0.33910206,0.34846216,HOLD
0,0.38646626,0.24347682,0.3700569,HOLD
1,0.40768072,0.45475692,0.1375624,HOLD
1,0.3170931,0.36367515,0.3192317,HOLD
1,0.3197386,0.43336955,0.2468918,HOLD
0,0.35909265,0.3454811,0.29542628,HOLD
1,0.31131816,0.36184874,0.3268331,HOLD
2,0.25121763,0.34807223,0.4007102,HOLD
1,0.16623546,0.4199234,0.4138411,HOLD
1,0.119779885,0.5912165,0.2890036,HOLD
1,0.10461604,0.52469605,0.37068793,HOLD
1,0.1509166,0.48746848,0.3616149,HOLD
1,0.04619076,0.8407297,0.11307947,HOLD
1,0.24645697,0.59325117,0.16029191,HOLD
1,0.21665283,0.64390856,0.13943861,HOLD
0,0.3494074,0.33143967,0.3191529,HOLD
2,0.34889516,0.2905104,0.36059445,HOLD
0,0.40755275,0.28012177,0.31232554,HOLD
1,0.2827821,0.41125086,0.30596706,HOLD
1,0.31232244,0.37684515,0.31083235,HOLD
1,0.21213935,0.45359534,0.33426535,HOLD
2,0.19554335,0.3552391,0.44921753,HOLD
0,0.36155674,0.30840057,0.33004272,HOLD
2,0.26760748,0.26338845,0.46900403,HOLD
2,0.15205416,0.22330008,0.6246457,BUY
2,0.1736095,0.17690341,0.64948714,BUY
2,0.1199725,0.28765342,0.5923741,HOLD
2,0.11215986,0.18135905,0.7064811,BUY
2,0.17405872,0.17557411,0.6503672,BUY
2,0.09914768,0.11398671,0.78686565,BUY
2,0.16793309,0.09878128,0.7332856,BUY
2,0.16816038,0.19858225,0.6332574,BUY
2,0.18606292,0.22725314,0.5866839,HOLD
2,0.1266423,0.25230384,0.6210539,BUY
2,0.13393448,0.19649377,0.66957176,BUY
1,0.1044407,0.46930057,0.42625877,HOLD
2,0.14853759,0.2985861,0.55287635,HOLD
2,0.15855646,0.26244634,0.57899714,HOLD
2,0.2230567,0.1657964,0.61114687,BUY
2,0.12167731,0.19463961,0.68368304,BUY
2,0.082853876,0.17441104,0.7427351,BUY
2,0.16203931,0.22966067,0.60830003,BUY
2,0.06930987,0.40096498,0.5297252,HOLD
2,0.22366469,0.19162162,0.5847137,HOLD
2,0.09522943,0.11613476,0.7886358,BUY
2,0.1562749,0.10810515,0.7356199,BUY
2,0.20340934,0.1937692,0.60282147,BUY
2,0.18107799,0.2012534,0.6176686,BUY
2,0.1395275,0.2836413,0.5768312,HOLD
2,0.12114959,0.21976794,0.6590825,BUY
1,0.15416391,0.5187213,0.32711482,HOLD
2,0.10658259,0.40069935,0.49271807,HOLD
1,0.13130662,0.60154074,0.26715264,HOLD
1,0.114091076,0.6503067,0.23560219,HOLD
1,0.057340268,0.6402711,0.3023886,HOLD
1,0.14194183,0.5158688,0.34218943,HOLD
1,0.10606556,0.46197256,0.43196183,HOLD
1,0.16909055,0.4485812,0.38232824,HOLD
2,0.20304677,0.33806983,0.45888335,HOLD
2,0.23311315,0.3637824,0.4031045,HOLD
2,0.33817852,0.21066122,0.4511603,HOLD
2,0.3115346,0.1763405,0.5121249,HOLD
2,0.18853231,0.17712606,0.6343416,BUY
2,0.20282337,0.27275223,0.52442443,HOLD
2,0.13355455,0.23593937,0.6305061,BUY
2,0.20669317,0.28055176,0.5127551,HOLD
1,0.10886605,0.5134679,0.3776661,HOLD
1,0.09183812,0.51609606,0.3920658,HOLD
2,0.18730518,0.25180835,0.5608865,HOLD
2,0.20457144,0.17843184,0.6169967,BUY
2,0.10064128,0.33300284,0.5663559,HOLD
2,0.13467003,0.1343683,0.7309616,BUY
2,0.22483487,0.16133079,0.6138343,BUY
2,0.21162666,0.16804262,0.6203307,BUY
2,0.17181474,0.2565574,0.57162786,HOLD
2,0.14907068,0.42324734,0.42768195,HOLD
1,0.23664807,0.42268112,0.34067085,HOLD
2,0.27827162,0.14863564,0.5730927,HOLD
2,0.19085696,0.2013124,0.6078307,BUY
2,0.356696,0.21012798,0.43317604,HOLD
2,0.2552699,0.13334133,0.61138874,BUY
2,0.24309386,0.28262374,0.47428238,HOLD
2,0.27896506,0.18810645,0.53292847,HOLD
0,0.529567,0.1325308,0.3379022,HOLD
2,0.3614916,0.26486397,0.37364438,HOLD
2,0.36600426,0.22239281,0.41160294,HOLD
2,0.26361695,0.2827584,0.45362464,HOLD
2,0.16426411,0.31116635,0.5245695,HOLD
2,0.14828967,0.29627734,0.555433,HOLD
1,0.16646391,0.42710578,0.40643033,HOLD
2,0.26331133,0.25788957,0.47879913,HOLD
2,0.15818708,0.2935616,0.54825133,HOLD
2,0.25217977,0.2950702,0.45275,HOLD
2,0.22721255,0.3028028,0.46998468,HOLD
0,0.4812112,0.22499816,0.29379064,HOLD
0,0.39524192,0.25703076,0.34772736,HOLD
0,0.4146676,0.20499836,0.38033408,HOLD
0,0.42817336,0.2916316,0.280195,HOLD
0,0.43483746,0.27648133,0.28868115,HOLD
2,0.29547232,0.28904772,0.41548,HOLD
1,0.28424367,0.38467762,0.33107877,HOLD
1,0.16266435,0.55738264,0.279953,HOLD
1,0.31536502,0.421014,0.26362094,HOLD
1,0.26374382,0.4371919,0.29906428,HOLD
1,0.245981,0.42528564,0.32873333,HOLD
1,0.16439389,0.4821114,0.3534947,HOLD
2,0.31240427,0.3123478,0.37524793,HOLD
1,0.33750233,0.47833923,0.18415849,HOLD
2,0.31684136,0.3146674,0.36849126,HOLD
2,0.22632636,0.35067257,0.4230011,HOLD
1,0.29756695,0.40186366,0.3005694,HOLD
1,0.3059578,0.36380225,0.33023998,HOLD
2,0.17544772,0.40115035,0.42340192,HOLD
2,0.20403153,0.22662058,0.56934786,HOLD
2,0.12854148,0.31552583,0.55593276,HOLD
2,0.22237231,0.20618975,0.5714379,HOLD
2,0.22071265,0.34712437,0.43216297,HOLD
2,0.24823527,0.24881423,0.5029505,HOLD
2,0.3988566,0.18557474,0.41556865,HOLD
2,0.16957667,0.20298159,0.62744176,BUY
2,0.16666818,0.3159031,0.51742876,HOLD
2,0.15594421,0.31044704,0.53360873,HOLD
2,0.09011715,0.39359057,0.51629233,HOLD
2,0.1341321,0.39337698,0.47249088,HOLD
2,0.09982019,0.2694438,0.630736,BUY
1,0.2453564,0.45124575,0.30339783,HOLD
0,0.45068562,0.25101152,0.29830286,HOLD
0,0.42930698,0.31766158,0.25303143,HOLD
0,0.37645692,0.29349792,0.33004522,HOLD
1,0.16673549,0.49369147,0.339573,HOLD
2,0.17548259,0.38745168,0.43706575,HOLD
2,0.20201121,0.38996178,0.40802702,HOLD
1,0.3036476,0.46107072,0.2352817,HOLD
1,0.27751166,0.5770192,0.14546917,HOLD
0,0.49740708,0.2709453,0.2316476,HOLD
0,0.40196633,0.35004428,0.24798939,HOLD
0,0.47263804,0.30300087,0.22436112,HOLD
0,0.42542377,0.4152102,0.15936607,HOLD
0,0.5289776,0.3318711,0.13915138,HOLD
0,0.48638335,0.26301563,0.250601,HOLD
0,0.511359,0.27145,0.21719098,HOLD
0,0.5130264,0.25366372,0.23330988,HOLD
0,0.4381106,0.25257698,0.30931243,HOLD
0,0.4229553,0.31282455,0.26422012,HOLD
1,0.33244213,0.4455334,0.22202452,HOLD
1,0.28625846,0.53140163,0.18233992,HOLD
1,0.20134337,0.5394839,0.25917268,HOLD
1,0.27210233,0.4795957,0.24830192,HOLD
1,0.29394743,0.5468913,0.15916125,HOLD
1,0.2407849,0.54827344,0.21094166,HOLD
1,0.33500716,0.341119,0.32387385,HOLD
2,0.29823583,0.3266158,0.3751484,HOLD
1,0.2640592,0.37153855,0.36440223,HOLD
1,0.29843372,0.42711788,0.27444842,HOLD
1,0.31593862,0.3552968,0.3287646,HOLD
1,0.35846728,0.43121833,0.21031438,HOLD
1,0.31198487,0.47108862,0.21692649,HOLD
2,0.29413196,0.35066384,0.3552042,HOLD
1,0.26176673,0.5534673,0.18476601,HOLD
1,0.4117452,0.42129713,0.16695774,HOLD
1,0.26215783,0.53897256,0.19886956,HOLD
1,0.27914494,0.5052152,0.2156398,HOLD
0,0.42407954,0.39374906,0.18217136,HOLD
1,0.23821554,0.398185,0.36359948,HOLD
0,0.47690573,0.29846174,0.22463249,HOLD
0,0.43607336,0.35130152,0.2126251,HOLD
1,0.33292285,0.42678818,0.24028896,HOLD
1,0.33531445,0.43190792,0.23277766,HOLD
2,0.2747827,0.29890355,0.42631385,HOLD
0,0.6463855,0.21347225,0.14014226,SELL
0,0.50027883,0.15223508,0.34748608,HOLD
2,0.29476222,0.22664843,0.47858936,HOLD
2,0.36695832,0.22773519,0.40530652,HOLD
0,0.44984376,0.4198343,0.13032201,HOLD
0,0.46667105,0.26727888,0.26605007,HOLD
1,0.24297456,0.46037793,0.29664755,HOLD
1,0.2624919,0.38189477,0.35561332,HOLD
1,0.24350205,0.42028227,0.3362157,HOLD
0,0.39365602,0.365853,0.24049093,HOLD
2,0.33697167,0.2898534,0.373175,HOLD
1,0.29463246,0.5128368,0.1925307,HOLD
2,0.29961154,0.29280102,0.40758747,HOLD
0,0.42782623,0.17866454,0.39350927,HOLD
2,0.23280261,0.36558464,0.40161273,HOLD
2,0.26601407,0.32631162,0.40767428,HOLD
0,0.371337,0.32027164,0.30839133,HOLD
1,0.36394456,0.4278952,0.20816025,HOLD
1,0.20543867,0.47187418,0.32268715,HOLD
2,0.28114972,0.31257808,0.40627223,HOLD
1,0.19395214,0.419822,0.3862259,HOLD
2,0.21192078,0.3880697,0.40000954,HOLD
2,0.15057151,0.41106346,0.43836504,HOLD
1,0.16960399,0.5669615,0.2634345,HOLD
2,0.2006597,0.38404128,0.415299,HOLD
2,0.2680489,0.26449415,0.46745694,HOLD
1,0.27662453,0.37221903,0.35115644,HOLD
2,0.28213218,0.2839976,0.43387026,HOLD
0,0.4509888,0.32539383,0.22361743,HOLD
1,0.28489554,0.46012434,0.25498006,HOLD
0,0.35940757,0.35158074,0.28901172,HOLD
1,0.37963364,0.46599105,0.15437531,HOLD
1,0.31874314,0.3654344,0.3158225,HOLD
2,0.29373866,0.34671307,0.35954827,HOLD
0,0.39726555,0.2505027,0.35223174,HOLD
2,0.27590278,0.21879485,0.50530237,HOLD
1,0.2975701,0.38828427,0.3141456,HOLD
0,0.38125053,0.26880428,0.34994513,HOLD
0,0.38204178,0.2575881,0.36037013,HOLD
1,0.28610465,0.4496741,0.26422125,HOLD
1,0.32375562,0.38774818,0.28849617,HOLD
1,0.21863604,0.48891443,0.29244956,HOLD
1,0.2199174,0.5719708,0.2081118,HOLD
2,0.11458576,0.29150403,0.5939102,HOLD
2,0.22911417,0.3101036,0.4607822,HOLD
2,0.2053236,0.23149939,0.56317705,HOLD
0,0.4001935,0.24656977,0.3532368,HOLD
2,0.33605635,0.20632951,0.45761418,HOLD
2,0.20962034,0.17510448,0.61527514,BUY
2,0.22533184,0.062701605,0.7119666,BUY
2,0.13849884,0.076335266,0.7851659,BUY
2,0.2932464,0.20863947,0.4981141,HOLD
2,0.1159776,0.06746082,0.8165616,BUY
2,0.1945173,0.16099581,0.6444869,BUY
2,0.2557708,0.15130739,0.5929218,HOLD
2,0.19046403,0.14991619,0.6596198,BUY
2,0.29654235,0.2573594,0.44609824,HOLD
2,0.24919544,0.14087023,0.60993433,BUY
2,0.16674133,0.27113354,0.56212515,HOLD
2,0.28690362,0.17204084,0.5410555,HOLD
2,0.27779388,0.21791439,0.5042918,HOLD
2,0.3393362,0.23583516,0.42482865,HOLD
2,0.28959203,0.14743592,0.562972,HOLD
2,0.26060423,0.20318733,0.5362084,HOLD
2,0.331695,0.19075121,0.4775538,HOLD
2,0.23793997,0.34149143,0.4205686,HOLD
2,0.24068962,0.16666889,0.5926415,HOLD
2,0.16720149,0.36337122,0.46942732,HOLD
2,0.35933,0.11237439,0.52829564,HOLD
2,0.30383322,0.25918168,0.43698505,HOLD
2,0.28150848,0.21677557,0.50171596,HOLD
2,0.28701684,0.23710378,0.47587934,HOLD
0,0.6183102,0.062162906,0.31952688,SELL
0,0.5244542,0.11399539,0.36155042,HOLD
2,0.25638443,0.11113106,0.6324845,BUY
2,0.09942695,0.06415817,0.8364149,BUY
0,0.44075185,0.21388093,0.34536716,HOLD
2,0.22723402,0.14588057,0.6268854,BUY
0,0.46036354,0.20676713,0.33286938,HOLD
2,0.18900938,0.22576289,0.5852277,HOLD
2,0.2919137,0.26990008,0.43818626,HOLD
2,0.27070874,0.06877593,0.6605153,BUY
2,0.12102713,0.19874935,0.6802235,BUY
2,0.2780682,0.1728502,0.54908156,HOLD
2,0.24603857,0.20659272,0.5473687,HOLD
2,0.19703391,0.22880284,0.5741632,HOLD
2,0.18421547,0.17591976,0.6398648,BUY
2,0.22328398,0.20170216,0.5750139,HOLD
0,0.37653095,0.3268851,0.2965839,HOLD
0,0.49267593,0.29000145,0.21732266,HOLD
0,0.40785077,0.25482753,0.33732167,HOLD
0,0.43142265,0.32663622,0.24194114,HOLD
0,0.4570483,0.33640257,0.2065491,HOLD
1,0.27867064,0.51120096,0.21012843,HOLD
1,0.30104768,0.4003595,0.29859287,HOLD
0,0.42519012,0.25109795,0.32371196,HOLD
2,0.32385466,0.3163029,0.35984245,HOLD
1,0.26062712,0.48747307,0.2518999,HOLD
2,0.3528271,0.24304664,0.4041263,HOLD
1,0.2672483,0.46158135,0.2711703,HOLD
1,0.27370468,0.38823882,0.33805656,HOLD
1,0.31430084,0.36255953,0.32313967,HOLD
2,0.33775494,0.31973407,0.34251103,HOLD
1,0.35193604,0.39725605,0.2508079,HOLD
0,0.42711598,0.33093238,0.24195167,HOLD
0,0.4448329,0.3321153,0.22305183,HOLD
2,0.25309667,0.36732277,0.3795806,HOLD
0,0.37812772,0.3211622,0.30071005,HOLD
2,0.33605358,0.27596998,0.38797644,HOLD
2,0.22063299,0.3268898,0.45247722,HOLD
2,0.24156326,0.22385848,0.53457826,HOLD
2,0.31195432,0.29710656,0.3909391,HOLD
2,0.13679658,0.2530129,0.6101906,BUY
2,0.2230329,0.37850702,0.39846006,HOLD
2,0.1526372,0.31335407,0.53400874,HOLD
2,0.13127041,0.3059832,0.56274647,HOLD
0,0.38412648,0.32334703,0.29252648,HOLD
1,0.28850758,0.38824478,0.32324764,HOLD
1,0.13641132,0.4961542,0.3674345,HOLD
2,0.27726668,0.2545002,0.4682331,HOLD
1,0.22774556,0.472075,0.3001794,HOLD
0,0.36442718,0.34581968,0.28975317,HOLD
1,0.4108693,0.45696768,0.13216303,HOLD
1,0.29734084,0.3579176,0.34474155,HOLD
2,0.12044623,0.22145781,0.65809596,BUY
2,0.2762822,0.15361115,0.5701066,HOLD
2,0.35889095,0.270054,0.37105504,HOLD
0,0.39893636,0.26660582,0.33445778,HOLD
0,0.4264983,0.34178123,0.23172049,HOLD
2,0.32441983,0.33570084,0.33987936,HOLD
1,0.32135177,0.5012341,0.17741409,HOLD
2,0.15116821,0.26428777,0.58454406,HOLD
2,0.23762493,0.3751788,0.38719624,HOLD
1,0.195765,0.6212521,0.18298294,HOLD
1,0.1969231,0.6848754,0.1182015,HOLD
1,0.3920787,0.4731007,0.13482061,HOLD
1,0.2788819,0.36440605,0.35671207,HOLD
1,0.25808057,0.48734897,0.25457048,HOLD
1,0.24635889,0.5577279,0.19591318,HOLD
1,0.36901173,0.48219714,0.14879121,HOLD
0,0.518982,0.38512486,0.095893145,HOLD
0,0.46301967,0.38487947,0.1521008,HOLD
1,0.25216728,0.42704523,0.32078746,HOLD
1,0.16579819,0.61070305,0.22349878,HOLD
1,0.19996396,0.5189975,0.28103855,HOLD
1,0.32915038,0.3920622,0.2787874,HOLD
1,0.35218292,0.40529057,0.24252646,HOLD
1,0.18648158,0.5649369,0.24858156,HOLD
1,0.31494474,0.4432731,0.24178216,HOLD
1,0.25687402,0.47420186,0.26892412,HOLD
1,0.3696091,0.40679628,0.2235946,HOLD
0,0.38913107,0.3419971,0.26887187,HOLD
1,0.36516887,0.48914403,0.14568715,HOLD
0,0.38233748,0.32553294,0.29212958,HOLD
0,0.43883774,0.28258696,0.27857524,HOLD
2,0.30638212,0.17115468,0.5224632,HOLD
1,0.2499429,0.46818754,0.28186956,HOLD
0,0.3736725,0.3052258,0.32110173,HOLD
2,0.2809192,0.3066533,0.41242746,HOLD
1,0.18739837,0.5415346,0.27106702,HOLD
1,0.15251963,0.5940487,0.2534317,HOLD
1,0.14668733,0.4770732,0.37623948,HOLD
2,0.30311033,0.31996527,0.37692437,HOLD
1,0.22104523,0.53958315,0.2393716,HOLD
2,0.286781,0.28317058,0.43004844,HOLD
2,0.14184721,0.38281217,0.47534063,HOLD
2,0.14987166,0.36655647,0.48357186,HOLD
2,0.25653705,0.36651316,0.37694976,HOLD
1,0.26265416,0.3736127,0.36373314,HOLD
0,0.5295065,0.15963653,0.31085697,HOLD
1,0.31046036,0.3847393,0.30480036,HOLD
1,0.14577954,0.54412735,0.3100931,HOLD
1,0.15569314,0.48131725,0.36298957,HOLD
1,0.2374757,0.4195405,0.3429838,HOLD
2,0.16775541,0.245232,0.5870126,HOLD
1,0.28062457,0.38204873,0.33732668,HOLD
2,0.26919454,0.30602178,0.4247837,HOLD
2,0.19254419,0.35840574,0.44905007,HOLD
2,0.16818818,0.3631065,0.4687053,HOLD
2,0.1607791,0.3400526,0.49916834,HOLD
2,0.112955146,0.33091673,0.55612814,HOLD
2,0.28091332,0.1953501,0.5237366,HOLD
1,0.24285033,0.5252945,0.23185517,HOLD
2,0.20253198,0.17684409,0.62062395,BUY
1,0.25874472,0.4798642,0.26139104,HOLD
1,0.27928954,0.37746122,0.34324923,HOLD
2,0.2559043,0.30780873,0.43628702,HOLD
1,0.257612,0.45304874,0.28933924,HOLD
1,0.3073287,0.47871602,0.21395528,HOLD
1,0.29755384,0.39333454,0.3091116,HOLD
2,0.24128658,0.2803995,0.4783139,HOLD
1,0.1354586,0.6291929,0.23534851,HOLD
1,0.10929845,0.47411126,0.41659027,HOLD
2,0.23300901,0.38188836,0.3851026,HOLD
1,0.32487777,0.39994866,0.27517354,HOLD
2,0.15341656,0.35069263,0.49589077,HOLD
2,0.19857283,0.2602842,0.541143,HOLD
1,0.20357761,0.4189329,0.3774895,HOLD
2,0.27369583,0.23332214,0.49298197,HOLD
1,0.20787634,0.41474503,0.37737864,HOLD
2,0.22693165,0.3653652,0.40770313,HOLD
2,0.24947292,0.3583576,0.39216945,HOLD
2,0.24944527,0.33792567,0.41262904,HOLD
2,0.25587228,0.20645222,0.5376755,HOLD
2,0.14346482,0.26666236,0.5898728,HOLD
2,0.12977518,0.24299616,0.6272287,BUY
2,0.3204678,0.23348708,0.4460451,HOLD
2,0.38077828,0.2272765,0.39194524,HOLD
2,0.26406494,0.3654926,0.37044242,HOLD
2,0.33227503,0.3249919,0.3427331,HOLD
2,0.29638308,0.34058517,0.36303174,HOLD
2,0.34586,0.29239053,0.3617495,HOLD
2,0.15792352,0.3686515,0.47342494,HOLD
1,0.25503755,0.38589215,0.35907027,HOLD
1,0.20397134,0.5196102,0.27641845,HOLD
1,0.21414138,0.42005703,0.36580157,HOLD
1,0.10892955,0.53846264,0.35260782,HOLD
2,0.28826484,0.31910208,0.3926331,HOLD
2,0.17177524,0.27664882,0.5515759,HOLD
2,0.29012114,0.34564167,0.3642372,HOLD
1,0.28465617,0.3725714,0.34277245,HOLD
0,0.4877632,0.19774675,0.31449002,HOLD
1,0.3577578,0.37092537,0.27131677,HOLD
2,0.34225172,0.23159502,0.4261533,HOLD
0,0.41936252,0.24508195,0.33555552,HOLD
1,0.28323966,0.3877732,0.32898712,HOLD
0,0.43846375,0.22346964,0.33806664,HOLD
0,0.51364774,0.27014562,0.21620663,HOLD
0,0.51712024,0.2679592,0.21492057,HOLD
0,0.37286082,0.35005394,0.27708519,HOLD
0,0.45143622,0.248311,0.3002527,HOLD
0,0.4373588,0.2785886,0.2840526,HOLD
0,0.4760449,0.2128138,0.31114125,HOLD
2,0.3104314,0.26088783,0.42868072,HOLD
0,0.46635228,0.20730437,0.3263433,HOLD
0,0.39720774,0.29529905,0.3074932,HOLD
1,0.30229267,0.3754253,0.32228202,HOLD
1,0.14805627,0.65777546,0.19416821,HOLD
2,0.30952662,0.33774012,0.35273322,HOLD
0,0.3550069,0.30390936,0.34108374,HOLD
0,0.35113242,0.32663622,0.32223132,HOLD
2,0.282359,0.3142097,0.4034313,HOLD
2,0.25147653,0.33430701,0.4142165,HOLD
2,0.33484185,0.29836142,0.36679673,HOLD
2,0.3265484,0.31478745,0.35866413,HOLD
1,0.30901554,0.37299234,0.31799212,HOLD
1,0.30545712,0.39051405,0.30402884,HOLD
0,0.38760182,0.29007113,0.32232708,HOLD
2,0.33271322,0.22423765,0.44304913,HOLD
2,0.3436126,0.3041511,0.35223633,HOLD
2,0.2232237,0.2736939,0.5030824,HOLD
0,0.3346,0.3320018,0.33339816,HOLD
0,0.35161453,0.326006,0.32237947,HOLD
1,0.27754727,0.36808357,0.3543692,HOLD
1,0.19876507,0.4335103,0.36772457,HOLD
1,0.18055162,0.5581279,0.2613205,HOLD
1,0.1634911,0.45800304,0.3785059,HOLD
1,0.27584365,0.38145775,0.34269863,HOLD
2,0.24175449,0.34786883,0.4103767,HOLD
1,0.20426707,0.5637282,0.23200469,HOLD
2,0.2641582,0.25600672,0.47983506,HOLD
2,0.25021866,0.3210785,0.42870286,HOLD
2,0.24084948,0.3082439,0.45090657,HOLD
2,0.1946346,0.3130043,0.49236104,HOLD
2,0.22795236,0.27125776,0.5007899,HOLD
1,0.16193177,0.44745094,0.3906173,HOLD
1,0.16019712,0.42732087,0.412482,HOLD
2,0.34083375,0.25600627,0.40316,HOLD
1,0.29330835,0.37909624,0.32759544,HOLD
1,0.24579321,0.41916052,0.33504626,HOLD
2,0.24824262,0.3723618,0.37939554,HOLD
0,0.36415583,0.33748177,0.29836237,HOLD
1,0.27135894,0.43910837,0.2895327,HOLD
2,0.24872439,0.32536444,0.4259112,HOLD
2,0.2487774,0.33289695,0.41832563,HOLD
2,0.2368964,0.3535987,0.4095049,HOLD
1,0.2058649,0.483794,0.3103411,HOLD
2,0.25953668,0.3189967,0.42146668,HOLD
2,0.26284754,0.2998763,0.43727615,HOLD
2,0.25587156,0.3496346,0.39449385,HOLD
2,0.26507887,0.253996,0.48092514,HOLD
2,0.38064572,0.22334543,0.39600885,HOLD
0,0.384735,0.2883547,0.32691026,HOLD
1,0.24479425,0.44688067,0.30832508,HOLD
1,0.2370144,0.4954194,0.2675661,HOLD
1,0.24188259,0.47004357,0.28807384,HOLD
2,0.2884835,0.31772363,0.39379287,HOLD
2,0.31045702,0.2628255,0.42671755,HOLD
2,0.33389735,0.2196273,0.4464753,HOLD
2,0.2177247,0.21579385,0.5664815,HOLD
0,0.55712855,0.18244688,0.26042458,HOLD
2,0.3477256,0.18401247,0.46826187,HOLD
2,0.25111827,0.35216957,0.3967122,HOLD
0,0.45168757,0.22032335,0.3279891,HOLD
2,0.31411952,0.25271007,0.43317047,HOLD
2,0.296684,0.20096074,0.5023553,HOLD
2,0.25487515,0.2703479,0.4747769,HOLD
2,0.27928236,0.1975681,0.52314955,HOLD
2,0.26302993,0.21713965,0.5198304,HOLD
2,0.26029038,0.19864273,0.5410668,HOLD
2,0.21962142,0.2561785,0.5242001,HOLD
0,0.5172105,0.18876283,0.2940267,HOLD
0,0.34750345,0.30779275,0.34470376,HOLD
0,0.5144763,0.19711766,0.288406,HOLD
2,0.3773916,0.19627641,0.426332,HOLD
0,0.42919254,0.22675733,0.3440501,HOLD
0,0.48361868,0.2520138,0.26436743,HOLD
2,0.28847155,0.34829226,0.3632362,HOLD
2,0.32101396,0.28964677,0.38933927,HOLD
2,0.29974556,0.27947745,0.42077702,HOLD
2,0.19277854,0.3231617,0.48405972,HOLD
2,0.25820416,0.119019546,0.62277627,BUY
2,0.19414651,0.36413234,0.44172114,HOLD
2,0.3288746,0.237439,0.43368638,HOLD
2,0.26717407,0.23997702,0.492849,HOLD
2,0.29692873,0.28494263,0.41812864,HOLD
2,0.23378395,0.261866,0.50435,HOLD
2,0.18163246,0.12917992,0.68918765,BUY
2,0.32472232,0.19200282,0.48327488,HOLD
2,0.3324536,0.1863186,0.4812278,HOLD
2,0.3416483,0.21556021,0.4427915,HOLD
2,0.28590757,0.24611734,0.46797508,HOLD
2,0.23692879,0.2167985,0.5462727,HOLD
2,0.12397353,0.4250779,0.4509486,HOLD
2,0.13555622,0.32110623,0.5433375,HOLD
2,0.2078666,0.3504088,0.44172463,HOLD
1,0.31083456,0.44666186,0.24250354,HOLD
1,0.24561632,0.38534147,0.3690422,HOLD
1,0.21188663,0.48336115,0.30475226,HOLD
0,0.37427962,0.30500823,0.32071215,HOLD
0,0.4427613,0.26921487,0.28802383,HOLD
0,0.3773328,0.30720162,0.3154656,HOLD
1,0.2945504,0.35279927,0.35265034,HOLD
0,0.4514879,0.28063896,0.2678731,HOLD
1,0.33530647,0.42662722,0.23806635,HOLD
0,0.3487597,0.3435834,0.30765688,HOLD
0,0.3806399,0.27303407,0.34632605,HOLD
0,0.42089164,0.360705,0.2184034,HOLD
0,0.4015258,0.28989226,0.308582,HOLD
0,0.44040447,0.29337087,0.26622462,HOLD
0,0.42493093,0.25748312,0.31758595,HOLD
0,0.5048744,0.20690684,0.28821874,HOLD
0,0.49018967,0.21327142,0.29653883,HOLD
2,0.39510828,0.17544046,0.42945126,HOLD
1,0.21412578,0.40846363,0.37741056,HOLD
1,0.22743295,0.5382078,0.23435928,HOLD
2,0.32705536,0.2538319,0.4191127,HOLD
2,0.25096643,0.25388035,0.4951532,HOLD
2,0.28179586,0.35386056,0.3643436,HOLD
1,0.35593238,0.38125613,0.26281148,HOLD
0,0.36811933,0.3190099,0.31287077,HOLD
2,0.22163554,0.32377544,0.454589,HOLD
2,0.3400741,0.3166588,0.34326705,HOLD
0,0.35348892,0.3081474,0.33836365,HOLD
0,0.42962247,0.27949247,0.29088506,HOLD
0,0.42338705,0.29373747,0.28287545,HOLD
2,0.29705733,0.32759237,0.37535027,HOLD
1,0.13610539,0.44025356,0.4236411,HOLD
2,0.29903516,0.2792799,0.4216849,HOLD
1,0.2935113,0.37933144,0.32715723,HOLD
1,0.26958406,0.405278,0.32513794,HOLD
2,0.2669672,0.3298056,0.40322712,HOLD
0,0.37371686,0.28100857,0.34527457,HOLD
2,0.31448275,0.26139027,0.42412698,HOLD
2,0.29633066,0.34207526,0.36159414,HOLD
0,0.44256812,0.22322406,0.3342078,HOLD
2,0.28050092,0.19738999,0.5221091,HOLD
1,0.30525738,0.35831985,0.33642277,HOLD
2,0.29714006,0.23119695,0.47166297,HOLD
1,0.27565703,0.38831252,0.33603048,HOLD
2,0.3702403,0.24715608,0.38260362,HOLD
1,0.22905308,0.40853676,0.3624101,HOLD
0,0.44547334,0.17551206,0.37901455,HOLD
2,0.31688222,0.20444517,0.4786726,HOLD
0,0.4376019,0.19444229,0.36795577,HOLD
0,0.42680225,0.32108223,0.2521155,HOLD
1,0.22100072,0.4901698,0.28882954,HOLD
0,0.4374931,0.23056397,0.3319429,HOLD
1,0.30543393,0.38612127,0.30844477,HOLD
1,0.33810696,0.3894118,0.27248117,HOLD
1,0.28157166,0.45995668,0.25847167,HOLD
0,0.382085,0.32405582,0.29385918,HOLD
1,0.36345103,0.3754575,0.26109147,HOLD
0,0.43493667,0.3585429,0.20652041,HOLD
2,0.28862795,0.28461775,0.42675433,HOLD
2,0.24941415,0.3656755,0.38491035,HOLD
0,0.36820033,0.27822536,0.3535743,HOLD
2,0.23974572,0.31014568,0.45010853,HOLD
0,0.41763303,0.3886906,0.19367634,HOLD
2,0.37652066,0.23207867,0.39140064,HOLD
2,0.3104569,0.30381507,0.3857281,HOLD
2,0.2842506,0.30497435,0.41077513,HOLD
2,0.19976413,0.33439276,0.46584308,HOLD
1,0.25333172,0.39760345,0.34906486,HOLD
1,0.3119846,0.39325097,0.29476437,HOLD
1,0.20921336,0.5074173,0.28336927,HOLD
2,0.26784796,0.26621336,0.4659387,HOLD
2,0.25220332,0.35494354,0.3928531,HOLD
1,0.319761,0.3934662,0.28677276,HOLD
2,0.25012684,0.3574499,0.39242324,HOLD
1,0.2286671,0.49772716,0.2736057,HOLD
2,0.3203645,0.23562099,0.44401452,HOLD
2,0.3083931,0.28038156,0.41122538,HOLD
1,0.35111257,0.36071676,0.28817073,HOLD
0,0.43647343,0.2489698,0.31455675,HOLD
0,0.43784264,0.23121625,0.33094108,HOLD
1,0.32875994,0.35841677,0.31282333,HOLD
0,0.44299546,0.35346147,0.20354304,HOLD
1,0.35104945,0.43242314,0.21652734,HOLD
0,0.4240982,0.35120282,0.22469893,HOLD
1,0.2348215,0.54157305,0.22360544,HOLD
1,0.23123404,0.45933333,0.3094326,HOLD
1,0.23957206,0.5338374,0.22659057,HOLD
1,0.22134957,0.45828995,0.32036045,HOLD
2,0.26263908,0.34201008,0.39535084,HOLD
2,0.36176223,0.27430528,0.3639325,HOLD
2,0.35421667,0.22350268,0.42228067,HOLD
2,0.2396431,0.22739731,0.53295964,HOLD
2,0.08785466,0.15570271,0.75644267,BUY
2,0.23349492,0.21359348,0.55291164,HOLD
2,0.19284898,0.106779344,0.7003717,BUY
2,0.093665205,0.18585542,0.7204794,BUY
2,0.20497668,0.32418144,0.47084185,HOLD
2,0.2542912,0.24094804,0.5047608,HOLD
2,0.2082916,0.3089333,0.48277506,HOLD
2,0.3706815,0.16121556,0.4681029,HOLD
2,0.29998174,0.28664333,0.4133749,HOLD
2,0.36288893,0.17250939,0.46460173,HOLD
2,0.2071102,0.11412408,0.6787657,BUY
2,0.18249018,0.14560348,0.67190635,BUY
2,0.2093426,0.1686391,0.62201834,BUY
2,0.20087735,0.11612384,0.68299884,BUY
2,0.12463507,0.37310696,0.50225794,HOLD
2,0.12916616,0.2836993,0.58713454,HOLD
2,0.087512426,0.31754708,0.5949404,HOLD
2,0.22089206,0.35740972,0.42169824,HOLD
1,0.14851373,0.5784341,0.27305216,HOLD
2,0.2603002,0.20611183,0.533588,HOLD
2,0.24355581,0.28421462,0.4722296,HOLD
2,0.3641154,0.114610314,0.52127427,HOLD
2,0.17055802,0.101048656,0.7283933,BUY
2,0.19170164,0.13474691,0.67355144,BUY
2,0.30701333,0.21131806,0.4816686,HOLD
2,0.21764506,0.16835076,0.61400425,BUY
2,0.14756314,0.11032344,0.7421134,BUY
2,0.11996919,0.0740187,0.8060121,BUY
2,0.15197033,0.045417525,0.8026121,BUY
2,0.19713031,0.24036157,0.5625081,HOLD
2,0.13607933,0.19123283,0.6726879,BUY
2,0.2482075,0.26845488,0.4833377,HOLD
2,0.22385493,0.3557714,0.42037368,HOLD
2,0.15204456,0.33142823,0.5165272,HOLD
2,0.0807542,0.22375621,0.6954896,BUY
2,0.12844409,0.19355884,0.67799705,BUY
2,0.18112735,0.23687907,0.58199364,HOLD
2,0.22640935,0.2548612,0.51872945,HOLD
2,0.26413736,0.26221997,0.47364268,HOLD
2,0.30257154,0.18821901,0.50920945,HOLD
1,0.34161395,0.38408527,0.2743008,HOLD
1,0.3012075,0.40440682,0.29438567,HOLD
0,0.39316493,0.3475467,0.2592884,HOLD
2,0.31720027,0.31638172,0.36641797,HOLD
1,0.19153474,0.45324922,0.355216,HOLD
1,0.16787942,0.46059215,0.37152842,HOLD
1,0.17981428,0.46739572,0.35279,HOLD
1,0.29283252,0.39674237,0.3104251,HOLD
2,0.17778106,0.37111658,0.45110238,HOLD
2,0.13679142,0.20343287,0.6597757,BUY
2,0.26642653,0.31084797,0.4227255,HOLD
2,0.33351287,0.27963984,0.3868473,HOLD
2,0.13107008,0.18330075,0.6856291,BUY
1,0.272235,0.3692838,0.35848117,HOLD
1,0.20487767,0.46539763,0.3297247,HOLD
2,0.11488871,0.19031638,0.69479495,BUY
1,0.14803417,0.48567837,0.3662875,HOLD
2,0.2189563,0.15610425,0.62493944,BUY
2,0.14837022,0.32936305,0.52226675,HOLD
2,0.10305908,0.22090425,0.6760367,BUY
1,0.1716349,0.430591,0.3977741,HOLD
1,0.22054484,0.41796356,0.36149162,HOLD
1,0.2646395,0.4869178,0.24844265,HOLD
1,0.35500988,0.3685329,0.27645725,HOLD
0,0.40437484,0.3042514,0.29137373,HOLD
2,0.28093454,0.3109948,0.40807068,HOLD
1,0.32131281,0.37373707,0.30495012,HOLD
2,0.20446709,0.3499698,0.44556314,HOLD
2,0.33347973,0.27020797,0.39631224,HOLD
1,0.25138026,0.4045768,0.34404293,HOLD
1,0.21647862,0.59382075,0.18970057,HOLD
1,0.34070683,0.4087031,0.25059003,HOLD
2,0.32474315,0.20695703,0.46829984,HOLD
1,0.2605021,0.53790647,0.20159145,HOLD
2,0.2033129,0.39071423,0.4059728,HOLD
1,0.2592957,0.4691637,0.27154064,HOLD
1,0.32043764,0.36284506,0.3167173,HOLD
1,0.24225809,0.39962262,0.35811934,HOLD
0,0.50134605,0.24989316,0.24876079,HOLD
2,0.3490456,0.2579666,0.39298776,HOLD
1,0.29716048,0.4180819,0.28475758,HOLD
0,0.36917478,0.28192565,0.3488996,HOLD
1,0.27473542,0.38478407,0.3404805,HOLD
1,0.37462428,0.40898058,0.21639514,HOLD
2,0.34499374,0.22288272,0.4321235,HOLD
1,0.22194678,0.42500627,0.35304692,HOLD
2,0.17610551,0.4071354,0.4167591,HOLD
1,0.14966515,0.5286476,0.32168725,HOLD
2,0.27393183,0.26686653,0.45920166,HOLD
2,0.27179,0.29513115,0.43307883,HOLD
2,0.25634974,0.23926204,0.5043882,HOLD
1,0.2177792,0.43864822,0.34357256,HOLD
0,0.3547326,0.35304838,0.292219,HOLD
2,0.25887942,0.32447076,0.41664985,HOLD
1,0.15581499,0.46077895,0.38340607,HOLD
1,0.17660202,0.5727263,0.25067163,HOLD
1,0.1309179,0.53337985,0.33570224,HOLD
1,0.08616741,0.67329144,0.24054112,HOLD
1,0.31188554,0.48163489,0.20647952,HOLD
1,0.31289047,0.48695964,0.20014995,HOLD
1,0.3434784,0.3925514,0.26397017,HOLD
1,0.32996362,0.3673032,0.3027332,HOLD
0,0.43922886,0.4021101,0.158661,HOLD
1,0.28320462,0.47615498,0.24064045,HOLD
0,0.3894003,0.37987942,0.2307203,HOLD
2,0.32898492,0.33453283,0.33648226,HOLD
0,0.46974576,0.18170488,0.34854937,HOLD
1,0.38236362,0.4669061,0.15073028,HOLD
1,0.24199645,0.5505519,0.20745166,HOLD
1,0.32250422,0.49275252,0.18474329,HOLD
1,0.37436867,0.5079681,0.11766321,HOLD
1,0.4235393,0.46944088,0.107019804,HOLD
0,0.4753101,0.291557,0.23313291,HOLD
1,0.22237244,0.5881175,0.18951012,HOLD
0,0.4177484,0.35719824,0.22505337,HOLD
0,0.519593,0.19497305,0.28543395,HOLD
1,0.351073,0.38740972,0.26151726,HOLD
1,0.31844658,0.39231068,0.28924274,HOLD
1,0.23396374,0.4411658,0.32487044,HOLD
1,0.20737717,0.4633774,0.32924545,HOLD
1,0.22789343,0.42452353,0.34758303,HOLD
1,0.24505258,0.44576642,0.30918097,HOLD
1,0.32301527,0.39887378,0.278111,HOLD
0,0.4735136,0.3557632,0.17072317,HOLD
1,0.3006034,0.4923178,0.20707878,HOLD
1,0.31087747,0.43998796,0.24913459,HOLD
1,0.3586402,0.3801451,0.2612147,HOLD
1,0.33845827,0.42353505,0.2380067,HOLD
1,0.25027347,0.3918177,0.3579088,HOLD
0,0.40557334,0.37118238,0.22324425,HOLD
0,0.46782556,0.3312467,0.20092775,HOLD
0,0.4971079,0.33411714,0.16877504,HOLD
0,0.45957467,0.30982164,0.2306037,HOLD
0,0.54419416,0.2679787,0.18782717,HOLD
0,0.5095766,0.24022445,0.2501989,HOLD
0,0.50101596,0.2840441,0.21493997,HOLD
0,0.5844548,0.18197112,0.23357409,HOLD
0,0.7127542,0.2205237,0.06672212,SELL
0,0.6395127,0.20536661,0.15512064,SELL
0,0.42141223,0.3823961,0.19619167,HOLD
0,0.46483502,0.32978404,0.20538092,HOLD
0,0.58450526,0.2513508,0.16414396,HOLD
0,0.4695873,0.28671393,0.24369873,HOLD
1,0.28092793,0.50080496,0.2182671,HOLD
2,0.32703614,0.30265254,0.37031132,HOLD
1,0.24471022,0.41693056,0.3383592,HOLD
2,0.18329944,0.3983819,0.41831872,HOLD
2,0.28973418,0.19932915,0.5109367,HOLD
2,0.252527,0.2933913,0.45408174,HOLD
2,0.27082855,0.36082926,0.3683422,HOLD
2,0.3066656,0.29794338,0.39539105,HOLD
2,0.21154717,0.32833856,0.46011424,HOLD
2,0.28978086,0.30192938,0.40828976,HOLD
2,0.27353838,0.21851674,0.5079449,HOLD
2,0.2513146,0.28660986,0.46207553,HOLD
1,0.30983284,0.3566895,0.33347768,HOLD
2,0.33554536,0.28590035,0.37855425,HOLD
0,0.39090103,0.24007243,0.36902654,HOLD
2,0.31034487,0.25936958,0.43028554,HOLD
1,0.3276449,0.33887672,0.33347836,HOLD
1,0.25094756,0.40661585,0.34243655,HOLD
1,0.24720332,0.4295367,0.32325992,HOLD
1,0.129401,0.56340384,0.3071952,HOLD
2,0.35405645,0.25417283,0.3917707,HOLD
2,0.2620313,0.28851008,0.44945863,HOLD
1,0.22541413,0.41800317,0.35658276,HOLD
1,0.25352135,0.38812414,0.35835454,HOLD
1,0.20999877,0.5219435,0.2680577,HOLD
1,0.31292132,0.40341204,0.2836666,HOLD
0,0.40074486,0.3729444,0.22631073,HOLD
0,0.45553976,0.18314156,0.3613187,HOLD
0,0.41722116,0.2735294,0.3092494,HOLD
0,0.40372446,0.30719602,0.28907955,HOLD
1,0.32057485,0.44650242,0.23292273,HOLD
0,0.3685364,0.30167514,0.32978842,HOLD
0,0.34639302,0.30818373,0.34542322,HOLD
0,0.39939407,0.2818301,0.3187758,HOLD
0,0.4264646,0.22070104,0.3528343,HOLD
0,0.41252053,0.31933162,0.26814786,HOLD
0,0.4155762,0.28990516,0.29451865,HOLD
0,0.49888667,0.23568895,0.26542434,HOLD
0,0.43947014,0.2103134,0.3502165,HOLD
2,0.33493033,0.29985052,0.36521912,HOLD
0,0.4719051,0.19372405,0.33437088,HOLD
2,0.37065607,0.21890481,0.41043916,HOLD
0,0.4165414,0.17444406,0.40901458,HOLD
0,0.4359423,0.2972903,0.2667674,HOLD
0,0.46070263,0.33974954,0.19954784,HOLD
0,0.48439795,0.25704023,0.25856176,HOLD
0,0.6127272,0.1929922,0.19428056,SELL
0,0.6460034,0.20735914,0.14663744,SELL
0,0.43694398,0.3215654,0.24149057,HOLD
1,0.32565537,0.40494898,0.26939565,HOLD
1,0.34784806,0.37007752,0.28207436,HOLD
0,0.39260635,0.35975978,0.24763384,HOLD
1,0.35276452,0.44308376,0.20415173,HOLD
0,0.3888278,0.2888295,0.32234272,HOLD
2,0.324513,0.33349428,0.34199274,HOLD
1,0.3589155,0.38134786,0.25973663,HOLD
0,0.57527506,0.16962749,0.25509748,HOLD
0,0.49920905,0.23849206,0.26229885,HOLD
0,0.4413422,0.29451734,0.2641405,HOLD
1,0.28638038,0.43153086,0.2820888,HOLD
0,0.40208063,0.22725691,0.37066242,HOLD
2,0.35676906,0.28044036,0.3627906,HOLD
0,0.41614246,0.2912094,0.29264808,HOLD
1,0.33779773,0.35088634,0.31131592,HOLD
1,0.29903892,0.3785357,0.32242545,HOLD
1,0.21243969,0.5104399,0.27712038,HOLD
1,0.24670179,0.48108754,0.27221066,HOLD
1,0.18522361,0.515291,0.29948545,HOLD
1,0.2568713,0.46602234,0.2771064,HOLD
1,0.20258555,0.4843409,0.3130736,HOLD
0,0.35579088,0.35238558,0.2918235,HOLD
1,0.14251205,0.48805028,0.36943766,HOLD
1,0.14226831,0.43763638,0.4200953,HOLD
2,0.24153233,0.37752554,0.38094214,HOLD
2,0.2553618,0.287121,0.45751724,HOLD
1,0.18654157,0.51397145,0.29948702,HOLD
1,0.29307973,0.3588371,0.34808317,HOLD
2,0.17149326,0.23688474,0.591622,HOLD
1,0.12394499,0.47206733,0.40398768,HOLD
2,0.2885671,0.35258955,0.3588434,HOLD
1,0.3475169,0.38502148,0.26746163,HOLD
1,0.25043634,0.4924035,0.25716013,HOLD
2,0.2467267,0.31934753,0.43392572,HOLD
2,0.26940748,0.28079337,0.4497992,HOLD
1,0.27721328,0.36877772,0.354009,HOLD
1,0.2531853,0.40832132,0.33849338,HOLD
1,0.20367151,0.54447144,0.25185707,HOLD
1,0.27991343,0.4170948,0.3029918,HOLD
0,0.35234386,0.30403155,0.34362456,HOLD
1,0.2866218,0.44711232,0.2662659,HOLD
1,0.25487167,0.51352036,0.23160794,HOLD
0,0.40817377,0.29104745,0.3007788,HOLD
0,0.434839,0.23926817,0.32589284,HOLD
1,0.2785829,0.55128235,0.17013475,HOLD
0,0.4143086,0.3303495,0.25534195,HOLD
1,0.3316372,0.400285,0.2680778,HOLD
1,0.32518613,0.4177433,0.25707057,HOLD
0,0.35415998,0.3175871,0.3282529,HOLD
1,0.25367633,0.42459944,0.32172427,HOLD
1,0.17450553,0.6244119,0.20108259,HOLD
1,0.18058245,0.44538125,0.37403628,HOLD
1,0.16858779,0.5110181,0.32039413,HOLD
2,0.20541157,0.38629088,0.40829757,HOLD
0,0.4444782,0.2835842,0.27193755,HOLD
0,0.3773681,0.26176578,0.36086613,HOLD
0,0.35815898,0.29335278,0.34848824,HOLD
2,0.27689704,0.357295,0.36580792,HOLD
0,0.39464244,0.22927833,0.37607923,HOLD
2,0.25617933,0.33900684,0.40481383,HOLD
2,0.2886804,0.2751383,0.43618134,HOLD
2,0.26724145,0.34243372,0.3903248,HOLD
2,0.29543296,0.3008257,0.40374136,HOLD
2,0.31253424,0.3426926,0.34477314,HOLD
2,0.24656099,0.3246908,0.42874825,HOLD
0,0.34923753,0.31921932,0.33154312,HOLD
1,0.27158207,0.42407444,0.30434355,HOLD
1,0.26636434,0.4079625,0.32567322,HOLD
2,0.27328956,0.29608008,0.43063042,HOLD
2,0.25218633,0.29135564,0.4564581,HOLD
2,0.20659928,0.3484126,0.44498816,HOLD
2,0.1740897,0.35018277,0.47572756,HOLD
2,0.12065268,0.3363292,0.5430181,HOLD
2,0.20796573,0.27981895,0.5122153,HOLD
2,0.2507423,0.27458555,0.47467217,HOLD
2,0.30908242,0.25492287,0.4359947,HOLD
2,0.29953638,0.19331072,0.5071529,HOLD
2,0.3152343,0.3011608,0.38360485,HOLD
2,0.3362228,0.2408374,0.42293978,HOLD
2,0.21741977,0.28988028,0.49269995,HOLD
2,0.23714843,0.35565153,0.40719998,HOLD
0,0.56869614,0.18724285,0.24406105,HOLD
2,0.3785448,0.23775236,0.38370278,HOLD
0,0.4048019,0.232045,0.36315304,HOLD
0,0.36866984,0.2872317,0.34409845,HOLD
0,0.47964975,0.2823975,0.23795268,HOLD
2,0.315034,0.30390963,0.3810564,HOLD
2,0.17893876,0.2500503,0.5710109,HOLD
2,0.16956678,0.37379703,0.45663616,HOLD
2,0.14383864,0.37162283,0.48453847,HOLD
1,0.27086782,0.36738148,0.36175072,HOLD
2,0.20154637,0.39818132,0.40027234,HOLD
0,0.35427132,0.317624,0.32810467,HOLD
1,0.2510503,0.4115249,0.33742478,HOLD
1,0.3126381,0.42865273,0.25870913,HOLD
1,0.26435122,0.48420697,0.25144178,HOLD
0,0.43760446,0.33912018,0.22327535,HOLD
0,0.45339358,0.32722765,0.21937875,HOLD
0,0.42810065,0.35185295,0.22004639,HOLD
0,0.40641174,0.31789014,0.2756981,HOLD
0,0.41097757,0.31485066,0.2741718,HOLD
0,0.40839323,0.3469932,0.2446136,HOLD
0,0.55723476,0.19491485,0.2478504,HOLD
0,0.40157977,0.22976652,0.36865368,HOLD
0,0.44969022,0.20427427,0.34603545,HOLD
0,0.5705988,0.25720415,0.17219707,HOLD
0,0.5257798,0.24947593,0.22474429,HOLD
0,0.46228892,0.2969052,0.24080592,HOLD
1,0.27800256,0.49374366,0.22825372,HOLD
1,0.19413331,0.45504445,0.35082227,HOLD
1,0.31272912,0.37188917,0.3153817,HOLD
0,0.45448935,0.28224543,0.2632652,HOLD
1,0.3728645,0.37707737,0.2500581,HOLD
1,0.25475606,0.39847568,0.3467683,HOLD
2,0.297233,0.27254406,0.43022293,HOLD
2,0.31200173,0.25625756,0.4317407,HOLD
0,0.39252156,0.3237466,0.28373185,HOLD
1,0.34153226,0.3437124,0.31475535,HOLD
1,0.3116189,0.4024832,0.28589785,HOLD
2,0.26154304,0.30713066,0.4313263,HOLD
1,0.28959638,0.37324777,0.33715582,HOLD
1,0.3011379,0.43202898,0.26683307,HOLD
0,0.35888696,0.28254685,0.35856622,HOLD
1,0.29599717,0.40612856,0.29787427,HOLD
2,0.29052806,0.3126843,0.39678764,HOLD
1,0.15885942,0.60936445,0.23177613,HOLD
0,0.48440456,0.26951858,0.24607688,HOLD
0,0.45329988,0.24462023,0.30207983,HOLD
0,0.39337304,0.3526087,0.25401822,HOLD
0,0.39880005,0.31026778,0.29093218,HOLD
0,0.38299438,0.29913685,0.3178688,HOLD
1,0.25181723,0.50836253,0.23982024,HOLD
0,0.79741967,0.111358,0.09122226,SELL
2,0.16780895,0.3593674,0.47282362,HOLD
2,0.3393097,0.27067754,0.39001274,HOLD
2,0.20355844,0.22152929,0.57491225,HOLD
0,0.4285937,0.16766086,0.4037455,HOLD
0,0.4500885,0.2973917,0.25251982,HOLD
0,0.48894623,0.14466476,0.36638895,HOLD
2,0.27280334,0.09984375,0.6273529,BUY
2,0.33558965,0.17039968,0.49401066,HOLD
2,0.29370087,0.116642684,0.5896564,HOLD
2,0.31393412,0.23994547,0.4461204,HOLD
0,0.5525119,0.20023066,0.24725743,HOLD
0,0.51728594,0.20340903,0.279305,HOLD
0,0.7133651,0.1280617,0.15857324,SELL
0,0.50787044,0.17842947,0.3137001,HOLD
0,0.66551805,0.17849095,0.15599099,SELL
0,0.56492007,0.25815296,0.17692696,HOLD
0,0.64324147,0.16604692,0.19071159,SELL
0,0.60423195,0.22457477,0.17119332,SELL
0,0.6082044,0.24225672,0.14953884,SELL
0,0.6002227,0.19264804,0.20712925,SELL
0,0.55424565,0.27156398,0.17419039,HOLD
1,0.32472652,0.45033756,0.22493593,HOLD
0,0.53107333,0.24717207,0.22175458,HOLD
2,0.28453594,0.21575217,0.49971193,HOLD
1,0.3014909,0.34953022,0.34897882,HOLD
1,0.31002542,0.3969856,0.29298896,HOLD
0,0.47221518,0.3285108,0.19927405,HOLD
0,0.4491404,0.27639648,0.27446306,HOLD
0,0.44834614,0.26338875,0.28826517,HOLD
0,0.5060712,0.28028208,0.21364665,HOLD
0,0.59639996,0.13727996,0.26632005,HOLD
0,0.59423643,0.19300152,0.21276206,HOLD
0,0.5601683,0.18911791,0.25071377,HOLD
0,0.36562604,0.31574968,0.31862426,HOLD
2,0.21797666,0.16365814,0.6183652,BUY
2,0.22114618,0.18019038,0.59866345,HOLD
0,0.46707505,0.20320249,0.3297225,HOLD
2,0.31856316,0.14427705,0.5371598,HOLD
2,0.33201945,0.1317998,0.53618073,HOLD
2,0.209273,0.22461107,0.5661159,HOLD
0,0.38705498,0.23220775,0.38073725,HOLD
1,0.33470902,0.34709248,0.31819847,HOLD
2,0.31197616,0.21519122,0.4728326,HOLD
2,0.3456273,0.16259289,0.49177977,HOLD
2,0.25436988,0.21000724,0.5356229,HOLD
2,0.3621994,0.26740304,0.37039754,HOLD
2,0.2914317,0.32789475,0.38067353,HOLD
0,0.42401752,0.2320758,0.3439067,HOLD
0,0.4102267,0.20669094,0.38308233,HOLD
2,0.37542853,0.15631616,0.46825528,HOLD
0,0.47596586,0.21266276,0.3113714,HOLD
0,0.46253023,0.13254742,0.4049224,HOLD
2,0.41258124,0.07696208,0.5104567,HOLD
0,0.4420154,0.16999929,0.38798532,HOLD
0,0.68109745,0.13289465,0.18600789,SELL
0,0.6533584,0.18284807,0.16379358,SELL
0,0.6255927,0.05110445,0.3233028,SELL
0,0.74025327,0.064495236,0.19525152,SELL
0,0.50024486,0.16593015,0.33382496,HOLD
2,0.33630255,0.16477983,0.4989176,HOLD
0,0.4584332,0.13306417,0.40850258,HOLD
0,0.43797404,0.23010255,0.33192343,HOLD
0,0.5143997,0.12767386,0.35792643,HOLD
0,0.6750792,0.109398685,0.2155221,SELL
0,0.48776942,0.18892685,0.32330373,HOLD
0,0.4466972,0.12031915,0.4329837,HOLD
2,0.38517097,0.20535414,0.40947488,HOLD
2,0.3518033,0.15858985,0.4896069,HOLD
2,0.35484606,0.118705526,0.5264484,HOLD
2,0.33194053,0.08496899,0.5830904,HOLD
0,0.45934263,0.16424868,0.37640873,HOLD
0,0.49959967,0.094721116,0.4056793,HOLD
2,0.31936026,0.158005,0.52263474,HOLD
2,0.24424995,0.14500733,0.6107427,BUY
2,0.25682926,0.07692007,0.66625065,BUY
0,0.4791529,0.24462825,0.27621886,HOLD
2,0.30558,0.057990562,0.6364294,BUY
0,0.45085546,0.1930216,0.35612297,HOLD
0,0.5014972,0.10536309,0.39313966,HOLD
2,0.3791135,0.107384935,0.5135016,HOLD
2,0.44002315,0.07814936,0.4818275,HOLD
2,0.16170768,0.18051727,0.657775,BUY
2,0.2982381,0.12657017,0.57519174,HOLD
2,0.39167684,0.15249947,0.4558237,HOLD
2,0.31514496,0.22154824,0.4633068,HOLD
0,0.47186223,0.32340336,0.20473446,HOLD
0,0.42046344,0.18963197,0.38990462,HOLD
0,0.49964252,0.21971451,0.280643,HOLD
0,0.6602097,0.1458785,0.19391178,SELL
0,0.46199864,0.12696762,0.41103372,HOLD
2,0.33453274,0.21743603,0.44803125,HOLD
2,0.24318829,0.37229446,0.38451728,HOLD
2,0.31722453,0.22867586,0.4540996,HOLD
2,0.10766995,0.14092381,0.7514062,BUY
2,0.31166044,0.22631952,0.46202007,HOLD
0,0.39024282,0.2244386,0.38531855,HOLD
0,0.5000424,0.2277464,0.2722112,HOLD
0,0.49264207,0.18994816,0.31740972,HOLD
2,0.35821515,0.22345863,0.4183262,HOLD
2,0.27772063,0.251146,0.47113338,HOLD
2,0.42071432,0.13475466,0.44453108,HOLD
2,0.3865577,0.13527825,0.47816405,HOLD
0,0.34441286,0.32017884,0.33540833,HOLD
2,0.18881541,0.19629255,0.614892,BUY
0,0.49999607,0.10135944,0.3986445,HOLD
2,0.21739627,0.13607974,0.64652395,BUY
0,0.44505537,0.17339371,0.38155088,HOLD
0,0.6229858,0.08825362,0.28876063,SELL
2,0.33880633,0.26775396,0.39343977,HOLD
2,0.37415358,0.23680761,0.38903877,HOLD
2,0.1808784,0.13787544,0.6812461,BUY
2,0.410242,0.14530955,0.4444485,HOLD
0,0.44746426,0.16408896,0.38844678,HOLD
0,0.5847031,0.19952416,0.21577276,HOLD
2,0.27863058,0.10538383,0.6159856,BUY
0,0.36985204,0.3138294,0.31631857,HOLD
0,0.58664906,0.2242695,0.18908146,HOLD
0,0.67043287,0.13447028,0.19509685,SELL
0,0.60705227,0.0906976,0.30225018,SELL
0,0.6280726,0.1284892,0.24343814,SELL
0,0.42474532,0.22282378,0.3524309,HOLD
1,0.34033477,0.50909203,0.15057321,HOLD
0,0.5061164,0.26872334,0.22516032,HOLD
2,0.24389187,0.20129415,0.554814,HOLD
2,0.29966795,0.20840208,0.49192995,HOLD
2,0.33365777,0.22305627,0.4432859,HOLD
2,0.17532356,0.22895372,0.59572273,HOLD
2,0.28244606,0.25500813,0.46254578,HOLD
2,0.35584188,0.27073932,0.37341878,HOLD
0,0.38671526,0.3264574,0.28682736,HOLD
0,0.4350137,0.29677507,0.26821116,HOLD
0,0.36711925,0.30978116,0.32309958,HOLD
0,0.6519516,0.10981424,0.2382341,SELL
0,0.53365165,0.22691253,0.23943579,HOLD
0,0.45800236,0.24780166,0.294196,HOLD
0,0.48460278,0.19508846,0.32030872,HOLD
0,0.5173649,0.2553975,0.22723755,HOLD
0,0.6930809,0.094923794,0.21199526,SELL
0,0.41468525,0.19074371,0.39457104,HOLD
2,0.18932252,0.31655645,0.494121,HOLD
2,0.21592982,0.32997987,0.45409036,HOLD
0,0.41831535,0.22549881,0.3561859,HOLD
2,0.20083451,0.2589212,0.54024434,HOLD
0,0.38108444,0.3607832,0.2581324,HOLD
2,0.19283323,0.3640056,0.4431612,HOLD
2,0.31960115,0.25696668,0.42343214,HOLD
1,0.2976149,0.38212326,0.32026187,HOLD
2,0.27554786,0.32697368,0.39747852,HOLD
0,0.46790382,0.22442476,0.30767137,HOLD
2,0.30268568,0.30882218,0.38849217,HOLD
0,0.51205546,0.19682701,0.29111752,HOLD
0,0.5155838,0.22127476,0.26314148,HOLD
0,0.42162523,0.23921436,0.3391604,HOLD
0,0.4773425,0.2659831,0.2566744,HOLD
0,0.3742125,0.2759403,0.34984723,HOLD
0,0.3416588,0.3236477,0.33469346,HOLD
2,0.25270614,0.29253024,0.45476362,HOLD
1,0.14430253,0.5593892,0.29630828,HOLD
2,0.18499097,0.17838414,0.63662493,BUY
2,0.15374577,0.1733377,0.6729165,BUY
2,0.16599114,0.35280904,0.48119986,HOLD
2,0.21005161,0.17342968,0.61651874,BUY
2,0.26693326,0.2255056,0.50756115,HOLD
2,0.2822162,0.18554464,0.53223914,HOLD
1,0.27835566,0.37539095,0.34625337,HOLD
0,0.39624536,0.23267105,0.37108356,HOLD
2,0.3188347,0.3338995,0.34726578,HOLD
1,0.28019512,0.3828252,0.3369797,HOLD
0,0.6647336,0.13511142,0.20015499,SELL
0,0.44902995,0.3262219,0.22474812,HOLD
0,0.4746871,0.30787992,0.21743295,HOLD
0,0.39363945,0.23578857,0.37057203,HOLD
2,0.38969016,0.17961112,0.4306987,HOLD
0,0.45482907,0.21117476,0.33399618,HOLD
0,0.4524714,0.22194137,0.32558718,HOLD
2,0.35742348,0.15520787,0.4873686,HOLD
1,0.39251706,0.3967236,0.21075934,HOLD
2,0.26543126,0.31563237,0.41893634,HOLD
2,0.3173495,0.3148321,0.36781844,HOLD
1,0.19585489,0.43715033,0.36699483,HOLD
2,0.308131,0.3069915,0.38487753,HOLD
0,0.62857115,0.15090418,0.22052467,SELL
2,0.33466303,0.19075733,0.47457963,HOLD
2,0.2720216,0.19333261,0.5346458,HOLD
0,0.49615285,0.22711888,0.27672824,HOLD
0,0.6093522,0.1148496,0.27579826,SELL
0,0.5458229,0.14031054,0.3138666,HOLD
0,0.7540311,0.14292246,0.10304644,SELL
0,0.65776825,0.16626044,0.17597134,SELL
0,0.61267775,0.21560849,0.17171374,SELL
0,0.64260346,0.14997377,0.20742278,SELL
2,0.40271226,0.16769719,0.42959055,HOLD
0,0.44116688,0.33739296,0.22144017,HOLD
0,0.49390924,0.17578442,0.3303063,HOLD
0,0.53015107,0.24316584,0.22668314,HOLD
0,0.57025677,0.15015544,0.27958775,HOLD
2,0.22550955,0.19770436,0.57678604,HOLD
0,0.57489634,0.11214287,0.3129608,HOLD
0,0.56103724,0.17617685,0.26278594,HOLD
0,0.4997517,0.15589425,0.34435412,HOLD
0,0.5568796,0.13600466,0.3071158,HOLD
2,0.3434815,0.27358606,0.38293242,HOLD
0,0.6038354,0.1959105,0.20025411,SELL
0,0.5995889,0.19667104,0.20374008,HOLD
0,0.5265899,0.17981522,0.29359493,HOLD
0,0.62742114,0.17421784,0.19836107,SELL
0,0.6734108,0.14470182,0.18188743,SELL
0,0.6874909,0.19724026,0.11526886,SELL
0,0.388821,0.36311877,0.24806023,HOLD
1,0.2483487,0.43591064,0.31574062,HOLD
0,0.41533718,0.3441749,0.24048796,HOLD
0,0.48635262,0.34356546,0.17008194,HOLD
0,0.5516194,0.22693059,0.22144999,HOLD
0,0.5622764,0.21036364,0.22735988,HOLD
0,0.64278316,0.18665646,0.17056035,SELL
0,0.48986328,0.31921825,0.19091845,HOLD
0,0.5593358,0.18168436,0.25897983,HOLD
0,0.5405488,0.30216014,0.15729104,HOLD
0,0.5102226,0.3207277,0.16904968,HOLD
0,0.55179054,0.21115696,0.23705254,HOLD
0,0.5374064,0.21379924,0.24879435,HOLD
0,0.56059957,0.16847719,0.2709233,HOLD
0,0.57507664,0.25230345,0.17261988,HOLD
0,0.6421716,0.18391907,0.1739093,SELL
0,0.59365255,0.1900914,0.21625607,HOLD
0,0.6184946,0.19854325,0.18296218,SELL
0,0.5196001,0.21156578,0.26883414,HOLD
0,0.5687152,0.21021709,0.22106771,HOLD
0,0.48560393,0.2748255,0.2395705,HOLD
0,0.5845619,0.20390789,0.21153025,HOLD
0,0.5074824,0.1574161,0.33510146,HOLD
2,0.15959549,0.21233656,0.628068,BUY
2,0.2904864,0.19247705,0.51703656,HOLD
0,0.5046768,0.15052138,0.3448018,HOLD
0,0.51061934,0.28934392,0.20003673,HOLD
0,0.4674366,0.30509186,0.22747147,HOLD
2,0.30322352,0.34259588,0.35418063,HOLD
2,0.31078687,0.294883,0.3943301,HOLD
1,0.3010497,0.3798578,0.3190925,HOLD
2,0.25603208,0.33698517,0.40698272,HOLD
1,0.18823065,0.53919876,0.27257064,HOLD
1,0.25176892,0.46033382,0.2878972,HOLD
0,0.43019375,0.2878119,0.28199437,HOLD
0,0.43884674,0.2979525,0.26320073,HOLD
0,0.5097898,0.24458344,0.24562675,HOLD
0,0.49215877,0.30980194,0.19803934,HOLD
0,0.4845437,0.33785093,0.17760538,HOLD
0,0.4086928,0.4014879,0.18981929,HOLD
1,0.33508548,0.45784312,0.20707136,HOLD
1,0.39275086,0.4047019,0.2025473,HOLD
0,0.5902896,0.21484964,0.1948608,HOLD
0,0.6132118,0.23273428,0.15405394,SELL
1,0.41880226,0.4398073,0.14139038,HOLD
0,0.4498971,0.37589937,0.17420356,HOLD
0,0.45422706,0.36830088,0.17747201,HOLD
0,0.49787664,0.2795328,0.22259054,HOLD
0,0.5795055,0.20181954,0.21867499,HOLD
0,0.3796873,0.37098405,0.24932869,HOLD
0,0.4070733,0.33431548,0.25861126,HOLD
0,0.3932551,0.3837359,0.22300906,HOLD
0,0.6343838,0.15392332,0.21169285,SELL
0,0.570406,0.2554319,0.1741621,HOLD
0,0.48743415,0.2565042,0.25606164,HOLD
0,0.55024403,0.23750411,0.21225187,HOLD
0,0.4876648,0.22626203,0.2860732,HOLD
0,0.42672044,0.22354347,0.3497361,HOLD
1,0.2795461,0.42378283,0.29667103,HOLD
2,0.3640616,0.25796312,0.37797529,HOLD
2,0.25341877,0.25568876,0.49089253,HOLD
2,0.26798385,0.23521246,0.4968037,HOLD
0,0.40691638,0.24891849,0.34416515,HOLD
2,0.3470828,0.13551646,0.51740074,HOLD
2,0.22950183,0.16655302,0.60394514,BUY
2,0.23093407,0.19748594,0.57157993,HOLD
2,0.16130751,0.15842168,0.6802708,BUY
2,0.09243308,0.26936492,0.638202,BUY
2,0.1783622,0.16503112,0.6566066,BUY
0,0.46725586,0.20167485,0.33106935,HOLD
0,0.486743,0.18245837,0.3307986,HOLD
2,0.36256036,0.15392376,0.4835159,HOLD
0,0.42608184,0.19740081,0.37651733,HOLD
0,0.46457213,0.11909952,0.41632837,HOLD
2,0.30938527,0.14462875,0.545986,HOLD
2,0.3896972,0.15622228,0.45408052,HOLD
2,0.38230065,0.17250545,0.44519386,HOLD
0,0.50573057,0.20254417,0.29172525,HOLD
1,0.36460194,0.39032713,0.24507096,HOLD
1,0.363277,0.43075538,0.20596758,HOLD
0,0.35325384,0.29762506,0.34912106,HOLD
0,0.4112892,0.21180375,0.3769071,HOLD
1,0.2775819,0.39029595,0.33212215,HOLD
1,0.3344162,0.34059334,0.32499042,HOLD
1,0.2961593,0.35863975,0.34520102,HOLD
1,0.34234497,0.34622476,0.3114303,HOLD
2,0.28240454,0.3299057,0.38768977,HOLD
0,0.45851925,0.2522745,0.28920624,HOLD
0,0.48116994,0.23233213,0.2864979,HOLD
0,0.45100984,0.21200237,0.33698782,HOLD
0,0.42100856,0.21307574,0.3659157,HOLD
2,0.35577154,0.25574172,0.38848674,HOLD
0,0.40277335,0.23191464,0.36531204,HOLD
0,0.4354784,0.19525692,0.36926463,HOLD
0,0.4518084,0.2592,0.28899157,HOLD
0,0.49723947,0.19766489,0.30509564,HOLD
0,0.3684565,0.27058557,0.36095792,HOLD
0,0.4259609,0.24608937,0.32794976,HOLD
0,0.446209,0.2546175,0.2991735,HOLD
2,0.34405342,0.30343542,0.3525112,HOLD
2,0.34091064,0.30926767,0.34982166,HOLD
2,0.31559303,0.25703874,0.42736825,HOLD
0,0.4266746,0.15489726,0.41842812,HOLD
0,0.35121503,0.3476941,0.3010909,HOLD
2,0.24691622,0.17121357,0.58187026,HOLD
2,0.35422513,0.18212822,0.46364662,HOLD
0,0.43970165,0.13438821,0.42591015,HOLD
2,0.34308228,0.2884284,0.3684893,HOLD
0,0.37567005,0.24888001,0.37544993,HOLD
2,0.30403623,0.23174454,0.46421918,HOLD
2,0.29243532,0.22398835,0.48357633,HOLD
2,0.42542964,0.13835613,0.43621427,HOLD
2,0.3658022,0.13032076,0.50387704,HOLD
2,0.3912008,0.14035332,0.46844587,HOLD
2,0.30466792,0.10136115,0.59397095,HOLD
2,0.3427141,0.15175822,0.5055277,HOLD
2,0.3267708,0.17046213,0.502767,HOLD
2,0.29214656,0.21115321,0.4967003,HOLD
2,0.22138578,0.2456626,0.53295165,HOLD
2,0.17515057,0.21148859,0.6133608,BUY
2,0.33285403,0.30628958,0.36085635,HOLD
0,0.44471583,0.17781542,0.37746876,HOLD
2,0.34623152,0.1707582,0.4830103,HOLD
0,0.48570982,0.20975544,0.30453476,HOLD
2,0.3659745,0.11581361,0.5182119,HOLD
1,0.2743139,0.36479732,0.36088875,HOLD
2,0.33100215,0.21840143,0.45059645,HOLD
0,0.49733052,0.18086651,0.321803,HOLD
0,0.4013625,0.21868303,0.37995446,HOLD
2,0.38061613,0.22937514,0.3900087,HOLD
2,0.3166296,0.27400646,0.4093639,HOLD
2,0.3662325,0.254606,0.37916154,HOLD
2,0.21323453,0.31311446,0.473651,HOLD
2,0.2833303,0.3345372,0.38213247,HOLD
1,0.22038452,0.48114514,0.2984703,HOLD
2,0.16505072,0.37716082,0.4577884,HOLD
0,0.42472798,0.33967948,0.23559254,HOLD
1,0.32721826,0.37446174,0.29832,HOLD
0,0.38398916,0.3700827,0.2459281,HOLD
2,0.27416864,0.34815395,0.3776774,HOLD
2,0.3532444,0.23999882,0.40675676,HOLD
0,0.47458586,0.27070618,0.25470796,HOLD
0,0.45750117,0.2994257,0.24307317,HOLD
2,0.3607026,0.19617368,0.44312373,HOLD
0,0.5627368,0.14142638,0.2958368,HOLD
0,0.42526576,0.1959348,0.37879944,HOLD
0,0.43932152,0.20015708,0.36052144,HOLD
0,0.49993646,0.19212203,0.3079415,HOLD
2,0.3554935,0.26978362,0.3747229,HOLD
0,0.41121316,0.3169639,0.2718229,HOLD
0,0.44460562,0.35809475,0.1972996,HOLD
1,0.3733114,0.44793725,0.17875133,HOLD
0,0.46605936,0.31481266,0.21912801,HOLD
0,0.43699342,0.20931238,0.35369417,HOLD
1,0.35406047,0.3564527,0.28948683,HOLD
0,0.51724803,0.20904414,0.27370778,HOLD
0,0.5137415,0.23634927,0.24990922,HOLD
1,0.33135474,0.36072958,0.3079157,HOLD
0,0.64642626,0.11987075,0.23370302,SELL
0,0.5673797,0.1768369,0.25578338,HOLD
0,0.51659554,0.25488868,0.22851577,HOLD
0,0.6599106,0.13400733,0.20608206,SELL
2,0.4044604,0.18088193,0.41465768,HOLD
2,0.21315755,0.14139,0.64545244,BUY
2,0.3253656,0.2487418,0.4258926,HOLD
0,0.3830405,0.29204515,0.3249144,HOLD
2,0.32764342,0.29353964,0.3788169,HOLD
1,0.34152508,0.37011975,0.28835517,HOLD
2,0.34635964,0.26856396,0.38507637,HOLD
2,0.30859777,0.22084866,0.47055355,HOLD
2,0.29917932,0.18303259,0.5177881,HOLD
2,0.32693878,0.22772454,0.4453367,HOLD
2,0.28756258,0.24148044,0.47095695,HOLD
0,0.50651956,0.17196316,0.3215173,HOLD
2,0.3647483,0.24036118,0.39489052,HOLD
2,0.18882276,0.21929166,0.59188557,HOLD
0,0.5074407,0.100625254,0.39193407,HOLD
2,0.331718,0.13985854,0.5284235,HOLD
2,0.39477614,0.19386406,0.41135976,HOLD
2,0.3620385,0.105695866,0.5322656,HOLD
0,0.44262305,0.16299498,0.394382,HOLD
2,0.336871,0.14201126,0.5211177,HOLD
2,0.29420596,0.15804952,0.5477445,HOLD
2,0.37665656,0.19145854,0.4318849,HOLD
0,0.4359678,0.235405,0.32862717,HOLD
2,0.22855046,0.3783734,0.39307615,HOLD
0,0.43507046,0.18130912,0.38362044,HOLD
2,0.3495713,0.2405082,0.40992054,HOLD
0,0.7575804,0.076095246,0.1663244,SELL
0,0.51535445,0.1539598,0.33068576,HOLD
0,0.80712545,0.052676715,0.14019786,SELL
0,0.60877395,0.05252903,0.33869705,SELL
0,0.5571783,0.09511591,0.34770578,HOLD
2,0.3720319,0.13189545,0.49607262,HOLD
0,0.49281523,0.11772688,0.38945794,HOLD
0,0.5245406,0.12716843,0.3482909,HOLD
0,0.5167138,0.11379988,0.36948627,HOLD
0,0.4645939,0.25958884,0.27581725,HOLD
0,0.3675865,0.30794132,0.32447216,HOLD
0,0.36419088,0.30530864,0.33050042,HOLD
2,0.34604,0.23986767,0.4140923,HOLD
0,0.38838986,0.2524548,0.3591554,HOLD
0,0.4020752,0.20839222,0.3895326,HOLD
0,0.37698781,0.2913048,0.3317074,HOLD
0,0.35362157,0.31608042,0.33029807,HOLD
2,0.38771945,0.1267546,0.48552597,HOLD
0,0.56765103,0.10478359,0.32756537,HOLD
2,0.33249855,0.1399517,0.52754974,HOLD
0,0.4641863,0.15391903,0.38189462,HOLD
2,0.23125018,0.23821327,0.53053653,HOLD
0,0.72595644,0.068831235,0.20521232,SELL
2,0.39557794,0.16249472,0.44192734,HOLD
0,0.54181457,0.05758244,0.40060297,HOLD
0,0.5628178,0.1390951,0.29808712,HOLD
0,0.4587098,0.12146267,0.41982746,HOLD
2,0.4156587,0.08989531,0.494446,HOLD
2,0.27877715,0.06052518,0.66069764,BUY
2,0.24995331,0.062483083,0.6875636,BUY
2,0.29016215,0.122361645,0.5874762,HOLD
2,0.35789487,0.09775457,0.54435056,HOLD
0,0.5931689,0.06251661,0.34431446,HOLD
2,0.41498235,0.121287555,0.46373013,HOLD
2,0.33702666,0.093307406,0.56966597,HOLD
2,0.25819257,0.08863143,0.65317607,BUY
2,0.33510372,0.14158086,0.5233154,HOLD
2,0.28793585,0.18411751,0.5279466,HOLD
2,0.32914725,0.17014971,0.50070304,HOLD
0,0.3620705,0.30283377,0.33509573,HOLD
2,0.44482154,0.110158,0.4450205,HOLD
0,0.466698,0.12155574,0.41174623,HOLD
2,0.35065272,0.11576853,0.53357875,HOLD
2,0.2029207,0.08437944,0.7126999,BUY
2,0.31455296,0.10574179,0.5797053,HOLD
2,0.21305676,0.15378153,0.6331617,BUY
2,0.33300376,0.123129204,0.54386705,HOLD
0,0.5073607,0.13265358,0.3599857,HOLD
2,0.35571128,0.09126267,0.5530261,HOLD
2,0.1831138,0.07014359,0.7467426,BUY
0,0.52286476,0.13007505,0.3470602,HOLD
2,0.31414977,0.07948037,0.60636985,BUY
0,0.5545449,0.08273099,0.36272404,HOLD
2,0.2734636,0.0919593,0.6345771,BUY
2,0.40078145,0.18060489,0.41861364,HOLD
2,0.2514892,0.1375959,0.61091495,BUY
2,0.3090216,0.080752596,0.61022586,BUY
2,0.1991305,0.0748051,0.7260644,BUY
2,0.2606817,0.12585294,0.61346537,BUY
2,0.19241647,0.15976973,0.6478138,BUY
2,0.26056322,0.15669137,0.58274543,HOLD
2,0.31002918,0.13305418,0.55691665,HOLD
0,0.44595966,0.22938378,0.32465652,HOLD
2,0.41283113,0.16708216,0.4200867,HOLD
2,0.34462222,0.19601214,0.45936564,HOLD
0,0.47556975,0.16803804,0.35639226,HOLD
2,0.3173698,0.312432,0.3701982,HOLD
2,0.22930418,0.3417549,0.42894092,HOLD
2,0.2708878,0.26738796,0.46172425,HOLD
0,0.3915716,0.22980966,0.37861872,HOLD
2,0.2824845,0.26138222,0.4561333,HOLD
2,0.31991035,0.25211513,0.42797452,HOLD
2,0.30999854,0.16828223,0.5217192,HOLD
2,0.30614564,0.095829785,0.5980246,HOLD
2,0.22027485,0.15551345,0.6242117,BUY
2,0.24218346,0.15376171,0.6040548,BUY
2,0.21938002,0.12483093,0.655789,BUY
2,0.32842764,0.1003275,0.57124484,HOLD
2,0.2666564,0.24186546,0.49147815,HOLD
2,0.33862984,0.1562916,0.50507855,HOLD
2,0.2823133,0.22242506,0.49526164,HOLD
2,0.28977633,0.20787497,0.5023487,HOLD
2,0.2801357,0.22007978,0.4997845,HOLD
2,0.19868544,0.20395504,0.59735954,HOLD
0,0.4558969,0.26553482,0.2785683,HOLD
0,0.48593378,0.11503379,0.39903238,HOLD
2,0.35772353,0.1649621,0.4773144,HOLD
0,0.4868586,0.17402625,0.3391151,HOLD
0,0.4159372,0.1924897,0.39157307,HOLD
2,0.38948715,0.19473884,0.41577405,HOLD
1,0.26906332,0.3820249,0.34891173,HOLD
2,0.32281488,0.3111607,0.36602437,HOLD
0,0.34170425,0.3238563,0.33443946,HOLD
0,0.39241558,0.28532943,0.32225502,HOLD
1,0.34880865,0.46333173,0.18785962,HOLD
0,0.38176256,0.3109486,0.3072888,HOLD
2,0.32603946,0.32636687,0.3475937,HOLD
1,0.2621013,0.3705296,0.36736906,HOLD
2,0.27120072,0.35115033,0.37764895,HOLD
0,0.3713599,0.30171466,0.32692543,HOLD
1,0.3151203,0.34580216,0.33907747,HOLD
1,0.27367863,0.43005013,0.2962713,HOLD
1,0.24588746,0.41699588,0.33711666,HOLD
2,0.27696538,0.2480162,0.47501844,HOLD
2,0.32076737,0.3187804,0.36045226,HOLD
2,0.31095976,0.2984585,0.39058173,HOLD
2,0.42227864,0.1426424,0.43507892,HOLD
2,0.25623542,0.30835494,0.43540964,HOLD
2,0.33531594,0.2675342,0.39714986,HOLD
2,0.25161317,0.3388199,0.40956697,HOLD
2,0.2520709,0.36563405,0.38229507,HOLD
2,0.3441728,0.29726458,0.35856262,HOLD
2,0.3639199,0.25112295,0.38495716,HOLD
0,0.41490626,0.21678263,0.36831114,HOLD
2,0.343856,0.28510007,0.37104398,HOLD
0,0.34086132,0.33279845,0.32634023,HOLD
0,0.3894778,0.2727235,0.33779868,HOLD
0,0.43798187,0.27429748,0.28772068,HOLD
0,0.44282055,0.27979034,0.27738914,HOLD
0,0.4414448,0.28909525,0.26945996,HOLD
2,0.3590276,0.26201108,0.37896132,HOLD
2,0.3167316,0.32626697,0.3570014,HOLD
1,0.28359985,0.37036693,0.3460332,HOLD
1,0.2871159,0.42134026,0.29154387,HOLD
1,0.3413942,0.3677113,0.29089457,HOLD
1,0.3510051,0.39831942,0.25067547,HOLD
1,0.33980426,0.3482332,0.31196257,HOLD
0,0.46376652,0.21990506,0.31632838,HOLD
0,0.38500795,0.31062415,0.3043679,HOLD
2,0.3362696,0.2672104,0.39651996,HOLD
0,0.40867755,0.21074148,0.38058093,HOLD
2,0.33388284,0.29276547,0.3733517,HOLD
2,0.3501586,0.2670379,0.3828035,HOLD
0,0.4000939,0.2896914,0.31021467,HOLD
0,0.38561383,0.27595434,0.33843184,HOLD
1,0.19652908,0.53079504,0.27267587,HOLD
2,0.3333056,0.24510254,0.42159185,HOLD
2,0.31706938,0.30328864,0.37964198,HOLD
1,0.3055711,0.34740612,0.34702277,HOLD
1,0.29803455,0.37110898,0.33085644,HOLD
2,0.37304154,0.23304462,0.39391384,HOLD
0,0.4394672,0.30146748,0.25906533,HOLD
0,0.4726101,0.33752123,0.1898687,HOLD
0,0.38746274,0.32185748,0.29067975,HOLD
0,0.3789918,0.30876255,0.31224558,HOLD
2,0.32043862,0.32567638,0.353885,HOLD
0,0.3500748,0.31509656,0.33482864,HOLD
0,0.5146318,0.19622508,0.2891431,HOLD
0,0.37289944,0.31305662,0.3140439,HOLD
1,0.2914382,0.42598575,0.28257608,HOLD
1,0.30507264,0.43252268,0.26240468,HOLD
0,0.42977604,0.37584144,0.1943825,HOLD
1,0.22146782,0.43577817,0.34275404,HOLD
1,0.31284705,0.3740366,0.31311634,HOLD
0,0.3979854,0.28512582,0.3168888,HOLD
0,0.40021586,0.33618402,0.26360008,HOLD
0,0.39534712,0.26966885,0.33498397,HOLD
1,0.28749585,0.40521777,0.3072864,HOLD
0,0.3767515,0.3201824,0.30306605,HOLD
1,0.29600126,0.41271353,0.2912852,HOLD
1,0.25241277,0.39623505,0.3513522,HOLD
2,0.32600284,0.2627891,0.41120803,HOLD
0,0.41125435,0.22595027,0.36279544,HOLD
0,0.6232549,0.13678303,0.23996213,SELL
0,0.5052642,0.16545987,0.32927588,HOLD
2,0.3505283,0.29056177,0.35890996,HOLD
0,0.42877406,0.14255907,0.42866683,HOLD
0,0.4441169,0.24234708,0.31353596,HOLD
2,0.26097295,0.36835814,0.37066895,HOLD
1,0.20903547,0.5257847,0.26517987,HOLD
2,0.17672817,0.38408172,0.43919015,HOLD
1,0.15978347,0.50078505,0.3394315,HOLD
1,0.26080513,0.41981742,0.31937745,HOLD
1,0.3082041,0.38857868,0.30321723,HOLD
2,0.31070042,0.28936234,0.39993727,HOLD
1,0.22306332,0.48187703,0.29505965,HOLD
1,0.2720975,0.39544737,0.33245516,HOLD
0,0.6025575,0.14138357,0.2560589,SELL
0,0.39770958,0.23579502,0.36649543,HOLD
2,0.36925593,0.19285716,0.43788695,HOLD
0,0.5658112,0.15766957,0.27651918,HOLD
0,0.44232523,0.26426342,0.29341128,HOLD
0,0.42700443,0.23925142,0.33374414,HOLD
0,0.4390934,0.30112585,0.25978076,HOLD
0,0.35947007,0.35293987,0.28759006,HOLD
0,0.40797877,0.3476301,0.24439116,HOLD
1,0.35213342,0.4714807,0.17638586,HOLD
1,0.33072674,0.40364972,0.26562357,HOLD
1,0.29630595,0.41574547,0.2879486,HOLD
2,0.31226808,0.31125873,0.3764732,HOLD
2,0.22842558,0.28298932,0.48858514,HOLD
2,0.3355353,0.22632053,0.43814424,HOLD
0,0.3767957,0.25031248,0.3728918,HOLD
2,0.34606373,0.26891884,0.38501745,HOLD
2,0.40662423,0.1733385,0.42003727,HOLD
0,0.5665008,0.17267276,0.2608264,HOLD
0,0.485641,0.1301084,0.3842506,HOLD
0,0.46940666,0.17184365,0.35874966,HOLD
0,0.5657689,0.22203812,0.212193,HOLD
0,0.5852334,0.19834524,0.21642137,HOLD
0,0.51508784,0.19060795,0.29430425,HOLD
0,0.49818233,0.15392247,0.34789523,HOLD
0,0.4455905,0.13291278,0.42149678,HOLD
0,0.43900552,0.26969066,0.29130384,HOLD
0,0.42654234,0.28838676,0.28507087,HOLD
0,0.41879132,0.22338042,0.3578283,HOLD
2,0.21580096,0.17730433,0.60689473,BUY
2,0.3938171,0.15643461,0.44974834,HOLD
0,0.47529075,0.19953369,0.32517552,HOLD
0,0.43511313,0.26261395,0.30227292,HOLD
0,0.409896,0.2550597,0.33504438,HOLD
0,0.5007229,0.2802247,0.21905243,HOLD
2,0.3894764,0.21799357,0.39253008,HOLD
2,0.36071557,0.209345,0.42993945,HOLD
1,0.27048016,0.38302988,0.34649,HOLD
2,0.32118756,0.28956276,0.38924968,HOLD
2,0.30983156,0.2815775,0.40859097,HOLD
2,0.30916578,0.33840442,0.3524298,HOLD
1,0.28634351,0.416284,0.2973725,HOLD
1,0.3257797,0.3644628,0.30975756,HOLD
1,0.3105133,0.39141947,0.29806718,HOLD
0,0.4362113,0.20649788,0.35729086,HOLD
1,0.3375724,0.34073216,0.32169542,HOLD
0,0.35493273,0.32935858,0.31570867,HOLD
2,0.3586331,0.27903312,0.36233374,HOLD
2,0.4021342,0.19452946,0.40333635,HOLD
0,0.4419187,0.24834569,0.30973557,HOLD
2,0.3098405,0.30943388,0.3807256,HOLD
2,0.28768793,0.3339787,0.37833336,HOLD
1,0.16460769,0.535767,0.29962525,HOLD
2,0.24318317,0.34556645,0.41125035,HOLD
1,0.3015609,0.40657356,0.2918655,HOLD
1,0.30436906,0.45343748,0.2421935,HOLD
2,0.20074493,0.358407,0.44084808,HOLD
1,0.21066616,0.45374334,0.33559054,HOLD
0,0.40697858,0.21709345,0.37592793,HOLD
2,0.27489728,0.28092247,0.44418022,HOLD
1,0.31739533,0.3588075,0.32379717,HOLD
2,0.38007084,0.217027,0.40290222,HOLD
0,0.37449417,0.30214256,0.32336327,HOLD
0,0.38673705,0.33391407,0.27934885,HOLD
1,0.32323244,0.3924576,0.28430995,HOLD
1,0.34781507,0.3704753,0.2817097,HOLD
1,0.20276606,0.4263947,0.37083924,HOLD
2,0.24045551,0.29836586,0.4611787,HOLD
1,0.2515201,0.41761315,0.3308667,HOLD
0,0.4921175,0.17907518,0.32880735,HOLD
1,0.3032165,0.3658985,0.33088496,HOLD
1,0.2383891,0.48307416,0.27853677,HOLD
0,0.35502037,0.34446838,0.3005112,HOLD
1,0.26078233,0.43032736,0.3088903,HOLD
1,0.21791866,0.4879801,0.29410127,HOLD
1,0.22843148,0.4302242,0.34134427,HOLD
1,0.24241874,0.43142292,0.3261584,HOLD
2,0.32771048,0.2898885,0.382401,HOLD
2,0.3699495,0.2314396,0.39861095,HOLD
2,0.31576896,0.18128408,0.502947,HOLD
2,0.27747765,0.34995854,0.3725638,HOLD
0,0.5448914,0.15276153,0.30234703,HOLD
0,0.49559304,0.18192999,0.32247704,HOLD
1,0.31624833,0.3465493,0.33720237,HOLD
0,0.37177745,0.3635909,0.2646317,HOLD
0,0.39123935,0.2289461,0.37981454,HOLD
0,0.43791893,0.2268896,0.33519146,HOLD
2,0.34773993,0.29806432,0.3541957,HOLD
2,0.34365326,0.3059484,0.3503983,HOLD
0,0.40769055,0.32203925,0.27027023,HOLD
1,0.28817397,0.36640048,0.34542552,HOLD
1,0.22441325,0.41444284,0.36114398,HOLD
1,0.3195245,0.37515962,0.3053159,HOLD
1,0.17642091,0.536318,0.28726113,HOLD
0,0.5823607,0.17047389,0.24716546,HOLD
0,0.5740315,0.1550889,0.27087963,HOLD
0,0.45752838,0.21925756,0.32321408,HOLD
0,0.518216,0.17868832,0.30309573,HOLD
0,0.45176896,0.22681457,0.3214165,HOLD
0,0.41517818,0.21107338,0.37374845,HOLD
0,0.4551194,0.21254316,0.3323374,HOLD
2,0.33937997,0.2994621,0.36115798,HOLD
2,0.34621084,0.27364537,0.38014376,HOLD
1,0.30873796,0.40339357,0.28786847,HOLD
0,0.4021647,0.299655,0.29818034,HOLD
2,0.34873164,0.24702573,0.4042426,HOLD
2,0.33369893,0.23855345,0.42774767,HOLD
1,0.27580205,0.37786332,0.34633467,HOLD
1,0.23072709,0.45550767,0.31376523,HOLD
1,0.34318516,0.40888554,0.2479293,HOLD
0,0.4088439,0.25657532,0.33458075,HOLD
2,0.32111496,0.26933295,0.4095521,HOLD
0,0.41433957,0.31485978,0.27080062,HOLD
0,0.42064545,0.2559729,0.3233817,HOLD
0,0.44637585,0.19370344,0.3599207,HOLD
0,0.37985563,0.24328546,0.3768589,HOLD
2,0.29691303,0.27460784,0.4284791,HOLD
0,0.58633614,0.10926577,0.30439806,HOLD
0,0.37608138,0.27713993,0.34677875,HOLD
0,0.5273999,0.21681453,0.25578552,HOLD
1,0.23443443,0.4511416,0.314424,HOLD
1,0.22722907,0.39146066,0.38131028,HOLD
2,0.26405102,0.34257445,0.39337453,HOLD
2,0.14940192,0.399365,0.45123312,HOLD
2,0.25380638,0.3397433,0.40645042,HOLD
2,0.1862176,0.3180517,0.4957307,HOLD
1,0.27372888,0.49610984,0.23016131,HOLD
2,0.2081926,0.33160162,0.46020573,HOLD
2,0.26184988,0.22129868,0.5168515,HOLD
2,0.22730371,0.33634958,0.43634668,HOLD
2,0.22191213,0.29234684,0.48574105,HOLD
1,0.2895775,0.5017367,0.2086858,HOLD
0,0.49441344,0.3585711,0.14701542,HOLD
0,0.56606376,0.19414344,0.23979278,HOLD
0,0.42618647,0.16094635,0.41286722,HOLD
2,0.37930012,0.1358122,0.48488766,HOLD
2,0.32827908,0.28542885,0.3862921,HOLD
2,0.3784731,0.23319738,0.38832948,HOLD
2,0.38146743,0.10588711,0.5126455,HOLD
0,0.45912114,0.23306684,0.30781195,HOLD
2,0.39250767,0.19643563,0.41105673,HOLD
0,0.41642416,0.2646376,0.31893826,HOLD
0,0.4511727,0.21385482,0.3349725,HOLD
0,0.44680625,0.19462496,0.3585688,HOLD
0,0.3578785,0.29650438,0.3456171,HOLD
2,0.36347955,0.22372563,0.4127948,HOLD
2,0.38278562,0.20381913,0.4133953,HOLD
2,0.16299886,0.35482803,0.4821731,HOLD
2,0.3315249,0.295715,0.37276006,HOLD
2,0.30313772,0.1653091,0.53155315,HOLD
2,0.3461995,0.2594247,0.39437577,HOLD
2,0.35682052,0.24158034,0.40159908,HOLD
0,0.43292886,0.25332102,0.31375006,HOLD
0,0.4389,0.18362588,0.37747407,HOLD
0,0.43891728,0.21184136,0.34924135,HOLD
1,0.31499726,0.34674242,0.33826032,HOLD
0,0.3549533,0.33294716,0.31209955,HOLD
1,0.302815,0.3562749,0.34091017,HOLD
2,0.26343927,0.21675812,0.51980263,HOLD
0,0.46475595,0.15479375,0.38045025,HOLD
0,0.45593497,0.1611341,0.38293096,HOLD
2,0.29630953,0.15404844,0.549642,HOLD
2,0.3865951,0.1081092,0.5052957,HOLD
0,0.50692755,0.11596765,0.37710482,HOLD
0,0.4188758,0.23110564,0.35001856,HOLD
2,0.3847347,0.17485897,0.44040638,HOLD
0,0.45571032,0.22003978,0.32424986,HOLD
0,0.43817464,0.22784287,0.3339825,HOLD
0,0.69014424,0.23520817,0.07464756,SELL
0,0.68349046,0.18590975,0.13059984,SELL
0,0.59821934,0.28741714,0.114363514,HOLD
1,0.40248665,0.48799968,0.10951365,HOLD
1,0.335911,0.5122819,0.1518071,HOLD
1,0.39273486,0.4278261,0.17943902,HOLD
0,0.452213,0.44215763,0.105629385,HOLD
0,0.4363293,0.393701,0.16996972,HOLD
0,0.43953177,0.40625155,0.15421663,HOLD
1,0.3550891,0.49100652,0.1539044,HOLD
0,0.41228107,0.36494896,0.22276998,HOLD
0,0.5333843,0.25979236,0.20682332,HOLD
0,0.5831658,0.2511727,0.1656615,HOLD
0,0.59652835,0.22300534,0.18046632,HOLD
0,0.6091175,0.22984241,0.1610401,SELL
0,0.6114016,0.2724299,0.11616852,SELL
0,0.5302378,0.2813373,0.18842494,HOLD
1,0.4439134,0.48035613,0.07573049,HOLD
0,0.55992377,0.24781913,0.19225714,HOLD
0,0.4963839,0.33597508,0.16764107,HOLD
0,0.55262643,0.22422978,0.22314379,HOLD
0,0.5655542,0.2566255,0.17782025,HOLD
0,0.5963903,0.29072276,0.1128869,HOLD
1,0.111304745,0.8376973,0.050997943,HOLD
1,0.21768397,0.69869006,0.083625965,HOLD
1,0.24932522,0.65541923,0.095255524,HOLD
1,0.27796826,0.61076564,0.11126608,HOLD
1,0.33652434,0.55668586,0.10678979,HOLD
1,0.37857366,0.4605758,0.16085051,HOLD
0,0.49021006,0.38955933,0.12023066,HOLD
1,0.2903739,0.55998677,0.14963932,HOLD
1,0.13205785,0.61796325,0.24997886,HOLD
1,0.1788557,0.4693018,0.35184252,HOLD
1,0.15737242,0.6332021,0.20942548,HOLD
1,0.14722876,0.5830753,0.26969597,HOLD
1,0.13942719,0.64129776,0.2192751,HOLD
1,0.10098049,0.734309,0.16471055,HOLD
1,0.092350364,0.78721553,0.12043414,HOLD
1,0.059301224,0.8109674,0.12973139,HOLD
1,0.0967405,0.7562988,0.14696077,HOLD
0,0.64976674,0.22476286,0.12547041,SELL
0,0.5612829,0.35786164,0.08085548,HOLD
0,0.48431873,0.4009151,0.11476618,HOLD
0,0.5081644,0.37114695,0.12068861,HOLD
0,0.3969439,0.32915333,0.27390274,HOLD
0,0.4254238,0.30599144,0.26858473,HOLD
1,0.43538252,0.44041225,0.12420528,HOLD
0,0.5078916,0.2479496,0.2441588,HOLD
0,0.45569938,0.35563624,0.1886644,HOLD
0,0.6122438,0.19279802,0.19495821,SELL
0,0.48363185,0.30671978,0.2096484,HOLD
0,0.48379686,0.27893955,0.23726353,HOLD
0,0.5831448,0.21191028,0.20494491,HOLD
2,0.31300104,0.13787709,0.54912186,HOLD
2,0.107581064,0.06860852,0.82381046,BUY
2,0.08225483,0.04308987,0.8746553,BUY
2,0.14786714,0.050598875,0.801534,BUY
2,0.14732516,0.04023756,0.81243724,BUY
2,0.10844666,0.077057555,0.8144958,BUY
2,0.16304798,0.05036271,0.78658926,BUY
2,0.1639066,0.06014492,0.7759485,BUY
2,0.13448268,0.08100025,0.78451705,BUY
2,0.22487095,0.068357095,0.70677197,BUY
2,0.16408724,0.14370456,0.6922082,BUY
2,0.35140818,0.14058241,0.50800943,HOLD
2,0.22811641,0.24159513,0.53028846,HOLD
2,0.22985427,0.16045073,0.609695,BUY
2,0.18482412,0.20865634,0.6065195,BUY
2,0.15177737,0.10666806,0.74155456,BUY
2,0.14868322,0.20382719,0.64748955,BUY
2,0.120357536,0.10787941,0.771763,BUY
2,0.145552,0.14258063,0.7118674,BUY
2,0.2945146,0.29937094,0.4061145,HOLD
2,0.27564505,0.23086873,0.4934862,HOLD
2,0.18616597,0.15721072,0.6566233,BUY
2,0.19426468,0.08649347,0.71924186,BUY
2,0.32952905,0.11166124,0.55880976,HOLD
2,0.28700534,0.19414696,0.5188477,HOLD
2,0.31078717,0.14804354,0.5411693,HOLD
2,0.1494845,0.16921264,0.68130285,BUY
2,0.17068776,0.12084239,0.7084698,BUY
2,0.13877536,0.1306049,0.7306197,BUY
2,0.12847807,0.21868227,0.65283966,BUY
2,0.09048811,0.19485226,0.7146597,BUY
2,0.13883886,0.09525966,0.7659015,BUY
2,0.24016021,0.1058483,0.6539915,BUY
2,0.23825184,0.24132799,0.5204202,HOLD
2,0.31784624,0.15551282,0.5266409,HOLD
2,0.20917605,0.32236996,0.46845397,HOLD
1,0.21596657,0.42179638,0.362237,HOLD
2,0.13433482,0.3929089,0.47275627,HOLD
2,0.29206023,0.3114294,0.3965104,HOLD
2,0.2326597,0.1953848,0.5719555,HOLD
2,0.25762373,0.21217443,0.53020185,HOLD
2,0.20916896,0.2432082,0.5476228,HOLD
1,0.24797583,0.37654763,0.37547654,HOLD
1,0.21513663,0.49995464,0.2849087,HOLD
1,0.32424006,0.3641315,0.31162846,HOLD
1,0.31432262,0.434548,0.25112942,HOLD
1,0.3096525,0.46858275,0.22176474,HOLD
0,0.5215691,0.3139704,0.16446052,HOLD
0,0.5086767,0.37716585,0.11415743,HOLD
0,0.5096649,0.37441394,0.11592121,HOLD
0,0.56771713,0.36917824,0.06310462,HOLD
0,0.4981364,0.44506684,0.056796804,HOLD
0,0.47570962,0.44830176,0.075988606,HOLD
1,0.28281853,0.6314823,0.08569913,HOLD
1,0.29864472,0.5862936,0.11506168,HOLD
0,0.46955502,0.45734534,0.07309959,HOLD
0,0.46050325,0.4531041,0.08639266,HOLD
0,0.64287543,0.29132533,0.06579926,SELL
0,0.612489,0.31486613,0.07264492,SELL
0,0.6462701,0.2856853,0.06804461,SELL
0,0.76742935,0.16069621,0.07187449,SELL
0,0.6704749,0.25165036,0.0778748,SELL
0,0.6769389,0.24118772,0.08187336,SELL
0,0.49777737,0.42834735,0.07387521,HOLD
0,0.5136371,0.3922093,0.09415358,HOLD
1,0.39251226,0.5475472,0.059940506,HOLD
0,0.5918323,0.3317407,0.07642708,HOLD
0,0.6222251,0.33768,0.04009489,SELL
1,0.39696687,0.5219295,0.081103615,HOLD
0,0.6140271,0.3173835,0.068589434,SELL
0,0.51739424,0.39162242,0.090983324,HOLD
1,0.41153768,0.48480308,0.10365927,HOLD
0,0.5556135,0.28825304,0.15613344,HOLD
0,0.5152438,0.38934365,0.0954125,HOLD
0,0.5778436,0.34618732,0.07596905,HOLD
0,0.6513118,0.26303416,0.085654065,SELL
0,0.6652722,0.26013198,0.07459585,SELL
0,0.5519383,0.36635667,0.08170506,HOLD
0,0.70569766,0.21349902,0.08080337,SELL
0,0.6447614,0.2074206,0.14781803,SELL
1,0.40983865,0.4282126,0.16194877,HOLD
0,0.64785373,0.29520923,0.056937095,SELL
0,0.50576556,0.4323134,0.061921045,HOLD
0,0.5328222,0.4102072,0.056970596,HOLD
0,0.48294112,0.4456029,0.07145605,HOLD
0,0.5764451,0.34699556,0.0765593,HOLD
0,0.52032286,0.416685,0.0629921,HOLD
1,0.46914887,0.48322818,0.04762295,HOLD
0,0.5038783,0.37142643,0.12469524,HOLD
1,0.3791269,0.41281724,0.20805585,HOLD
1,0.2782068,0.45517108,0.26662213,HOLD
1,0.29439637,0.47364467,0.23195899,HOLD
0,0.45612323,0.4466921,0.09718463,HOLD
0,0.49809995,0.4263102,0.075589865,HOLD
1,0.26798162,0.6204437,0.11157465,HOLD
0,0.4546502,0.40971547,0.13563438,HOLD
1,0.27196735,0.56576747,0.16226515,HOLD
1,0.3987124,0.47622958,0.12505797,HOLD
0,0.3863638,0.2563882,0.35724798,HOLD
1,0.27817106,0.5606197,0.16120923,HOLD
1,0.42440364,0.48226687,0.093329415,HOLD
0,0.4778526,0.33642066,0.18572673,HOLD
0,0.657791,0.21576324,0.12644579,SELL
0,0.4848963,0.28768584,0.2274179,HOLD
0,0.70206183,0.21650851,0.08142972,SELL
0,0.6443921,0.2662554,0.089352556,SELL
0,0.6099939,0.34225446,0.04775166,SELL
0,0.56912273,0.38546956,0.045407686,HOLD
0,0.6856037,0.26351213,0.05088414,SELL
0,0.7032772,0.2190789,0.077643886,SELL
0,0.7555022,0.20288505,0.041612692,SELL
0,0.75215614,0.19994865,0.047895163,SELL
0,0.65438193,0.2556229,0.08999515,SELL
0,0.60350233,0.33899012,0.057507537,SELL
1,0.3625442,0.5500898,0.08736604,HOLD
1,0.43401214,0.49573573,0.07025208,HOLD
0,0.5334984,0.36626485,0.10023672,HOLD
0,0.52988714,0.4134177,0.0566952,HOLD
1,0.31505957,0.6119889,0.07295154,HOLD
0,0.46441987,0.44881836,0.086761765,HOLD
1,0.3265411,0.55278814,0.120670795,HOLD
0,0.415284,0.37327287,0.21144314,HOLD
1,0.23553766,0.47746518,0.2869971,HOLD
1,0.3521302,0.41524675,0.23262306,HOLD
0,0.48601025,0.3455386,0.16845116,HOLD
0,0.4761593,0.3069545,0.2168862,HOLD
1,0.32334092,0.4616117,0.2150474,HOLD
1,0.34124336,0.44418398,0.21457265,HOLD
0,0.45627347,0.29451218,0.2492144,HOLD
1,0.29188007,0.4558635,0.2522564,HOLD
2,0.32440716,0.26162034,0.41397247,HOLD
2,0.35653004,0.22491619,0.41855374,HOLD
1,0.1663874,0.74126863,0.092344,HOLD
1,0.29409897,0.5404492,0.16545182,HOLD
1,0.27861655,0.5384823,0.18290116,HOLD
1,0.42522648,0.45896465,0.1158089,HOLD
1,0.41958827,0.42973232,0.15067936,HOLD
0,0.48984984,0.3998816,0.11026855,HOLD
1,0.41075903,0.48093784,0.108303145,HOLD
1,0.44709674,0.4513295,0.10157369,HOLD
1,0.36664185,0.49284938,0.14050873,HOLD
0,0.39121845,0.33494532,0.2738362,HOLD
0,0.37269843,0.28848004,0.3388215,HOLD
1,0.10971862,0.62540084,0.26488054,HOLD
2,0.17430697,0.27989098,0.54580206,HOLD
2,0.11917227,0.14454676,0.736281,BUY
2,0.16007905,0.2530055,0.5869154,HOLD
2,0.11718166,0.07044383,0.81237453,BUY
2,0.1380758,0.17768253,0.68424165,BUY
2,0.07422977,0.13406457,0.7917057,BUY
2,0.09131367,0.05381669,0.85486966,BUY
2,0.12683348,0.1657122,0.70745426,BUY
2,0.1153976,0.049035285,0.8355672,BUY
2,0.10681053,0.084584236,0.8086052,BUY
2,0.15204558,0.09074538,0.75720906,BUY
2,0.14198327,0.24371544,0.61430126,BUY
2,0.122655496,0.22977398,0.64757055,BUY
2,0.23050837,0.35538885,0.4141028,HOLD
2,0.13301931,0.19862384,0.66835684,BUY
2,0.19536978,0.38396332,0.4206669,HOLD
1,0.15879609,0.47656232,0.36464164,HOLD
1,0.15918796,0.59657145,0.24424061,HOLD
1,0.1400785,0.5217428,0.3381787,HOLD
1,0.14259559,0.45578277,0.4016216,HOLD
2,0.1990557,0.38580564,0.41513866,HOLD
2,0.18715996,0.1981272,0.61471283,BUY
2,0.11112442,0.16873656,0.72013897,BUY
2,0.101676494,0.088759676,0.8095638,BUY
2,0.111827254,0.044112593,0.8440601,BUY
2,0.14403455,0.13421026,0.72175515,BUY
2,0.15311152,0.18056482,0.6663236,BUY
2,0.1988116,0.13402656,0.6671618,BUY
2,0.099060826,0.17560765,0.72533154,BUY
2,0.14833681,0.20900573,0.6426574,BUY
2,0.12206681,0.1262249,0.75170827,BUY
2,0.16742224,0.100175925,0.7324018,BUY
2,0.15560745,0.26240158,0.58199096,HOLD
2,0.16388394,0.26069108,0.57542497,HOLD
2,0.11077956,0.1661448,0.7230756,BUY
2,0.18161348,0.14632434,0.6720622,BUY
2,0.10079101,0.22916351,0.67004544,BUY
2,0.26034805,0.18685478,0.5527972,HOLD
2,0.30980644,0.25652313,0.43367043,HOLD
2,0.19938697,0.20559175,0.5950213,HOLD
1,0.19347787,0.4057856,0.40073657,HOLD
2,0.20372765,0.13539343,0.6608789,BUY
2,0.15723935,0.31495798,0.52780265,HOLD
0,0.41432086,0.23852018,0.34715894,HOLD
1,0.376405,0.49068755,0.13290744,HOLD
1,0.2676548,0.49333614,0.23900905,HOLD
2,0.31389287,0.33782735,0.34827977,HOLD
1,0.3580727,0.38591123,0.25601605,HOLD
2,0.2880843,0.29853174,0.41338393,HOLD
0,0.39921096,0.36986268,0.23092635,HOLD
2,0.22524168,0.29353473,0.4812236,HOLD
1,0.2881259,0.40170285,0.31017125,HOLD
2,0.27750087,0.3138996,0.40859953,HOLD
2,0.17235866,0.3134037,0.5142376,HOLD
2,0.2029391,0.24267161,0.55438924,HOLD
2,0.27175143,0.23717016,0.49107847,HOLD
2,0.36000848,0.20637444,0.4336171,HOLD
1,0.28046837,0.48712137,0.23241022,HOLD
1,0.23146425,0.4818439,0.2866919,HOLD
1,0.24897629,0.42229232,0.32873142,HOLD
1,0.27210334,0.39692804,0.33096865,HOLD
0,0.49398586,0.23233616,0.273678,HOLD
0,0.49161774,0.3681947,0.14018756,HOLD
0,0.4941359,0.3612823,0.14458182,HOLD
0,0.51986265,0.36621436,0.11392301,HOLD
0,0.5107719,0.33266804,0.15656008,HOLD
0,0.5393762,0.24434969,0.21627408,HOLD
1,0.311114,0.42308447,0.2658015,HOLD
2,0.3551057,0.27611518,0.3687791,HOLD
2,0.34303555,0.21863304,0.43833143,HOLD
2,0.21847986,0.36311266,0.41840753,HOLD
2,0.13230507,0.2893741,0.57832086,HOLD
2,0.11053818,0.1533465,0.73611534,BUY
2,0.097880065,0.13526516,0.7668548,BUY
2,0.079456344,0.21220775,0.70833594,BUY
2,0.1035569,0.07581294,0.8206302,BUY
2,0.21821146,0.1263337,0.6554548,BUY
2,0.22949983,0.1478688,0.6226313,BUY
2,0.13333182,0.08075183,0.7859164,BUY
2,0.104953125,0.12339652,0.7716504,BUY
2,0.17310978,0.26776913,0.55912113,HOLD
1,0.33878642,0.39524212,0.26597142,HOLD
1,0.21998346,0.40997058,0.37004602,HOLD
0,0.5157442,0.2805634,0.20369239,HOLD
0,0.5899703,0.25060236,0.1594273,HOLD
0,0.53618294,0.30055293,0.1632641,HOLD
0,0.55743086,0.38720813,0.05536098,HOLD
0,0.5016104,0.43045995,0.06792966,HOLD
0,0.5140816,0.39948377,0.086434595,HOLD
0,0.5701948,0.3501911,0.07961414,HOLD
1,0.43722937,0.46646246,0.09630814,HOLD
0,0.5861129,0.30115694,0.11273015,HOLD
0,0.5813345,0.27229682,0.1463687,HOLD
1,0.36347872,0.51405424,0.12246701,HOLD
1,0.4119698,0.44064337,0.1473868,HOLD
2,0.32838708,0.27538112,0.39623177,HOLD
2,0.33621243,0.2745928,0.3891948,HOLD
2,0.3348366,0.21516563,0.44999775,HOLD
2,0.13614655,0.25887656,0.6049769,BUY
2,0.16542213,0.16312075,0.6714571,BUY
2,0.15026698,0.18089525,0.6688378,BUY
2,0.16444144,0.22078748,0.61477107,BUY
2,0.105298035,0.14006725,0.75463474,BUY
2,0.14018954,0.18442711,0.6753833,BUY
2,0.18206966,0.18450196,0.63342834,BUY
2,0.29161423,0.23795158,0.47043416,HOLD
2,0.1758591,0.22469157,0.59944934,HOLD
2,0.120234594,0.21319762,0.66656774,BUY
2,0.16933554,0.17126709,0.65939736,BUY
2,0.24050036,0.32230416,0.43719548,HOLD
2,0.23031476,0.1609925,0.6086927,BUY
2,0.15501922,0.32676986,0.5182109,HOLD
2,0.14098279,0.06330894,0.79570824,BUY
2,0.12172603,0.08249919,0.79577476,BUY
2,0.10396036,0.17125419,0.7247855,BUY
2,0.10913304,0.13793838,0.7529286,BUY
2,0.09499354,0.11259781,0.79240865,BUY
2,0.08751787,0.08822144,0.82426065,BUY
2,0.07164527,0.08993532,0.83841944,BUY
2,0.11892283,0.11144241,0.7696348,BUY
2,0.2676293,0.16113874,0.57123196,HOLD
2,0.22117883,0.16236895,0.6164522,BUY
2,0.21988289,0.14949508,0.63062197,BUY
2,0.2441369,0.121636026,0.63422704,BUY
2,0.22045362,0.08022597,0.6993204,BUY
2,0.23107211,0.108894624,0.6600332,BUY
2,0.099769905,0.16504367,0.7351864,BUY
2,0.115522064,0.14105104,0.74342686,BUY
2,0.16319047,0.10458721,0.7322223,BUY
2,0.23450774,0.08858377,0.6769085,BUY
2,0.20604181,0.07209528,0.72186285,BUY
2,0.17927241,0.15674013,0.66398746,BUY
2,0.33256865,0.18989573,0.4775356,HOLD
2,0.21644326,0.32718408,0.45637262,HOLD
1,0.13742074,0.54725677,0.31532252,HOLD
1,0.15538205,0.59714144,0.2474765,HOLD
1,0.22366297,0.47066522,0.30567178,HOLD
1,0.31421393,0.60921764,0.07656841,HOLD
0,0.5305505,0.3995794,0.06987013,HOLD
0,0.668029,0.24909219,0.08287877,SELL
0,0.47712323,0.41247225,0.11040456,HOLD
0,0.5278315,0.38613123,0.08603726,HOLD
0,0.60102975,0.328104,0.0708663,SELL
0,0.52956957,0.39646855,0.073961906,HOLD
1,0.4119932,0.41941705,0.1685897,HOLD
0,0.6848289,0.17696713,0.13820401,SELL
0,0.5160543,0.31042337,0.17352232,HOLD
0,0.5684546,0.24612322,0.18542211,HOLD
0,0.5294444,0.25758842,0.21296716,HOLD
0,0.46235198,0.38690603,0.15074204,HOLD
0,0.5395842,0.25635883,0.20405698,HOLD
0,0.3666918,0.29182985,0.34147835,HOLD
2,0.24282162,0.24333654,0.51384187,HOLD
2,0.20702082,0.13143945,0.6615398,BUY
2,0.20291285,0.15314937,0.6439378,BUY
2,0.21520796,0.09446606,0.690326,BUY
2,0.20342134,0.12274694,0.6738317,BUY
2,0.118352756,0.12950003,0.75214726,BUY
2,0.28509358,0.23606633,0.47884014,HOLD
2,0.2995554,0.2874073,0.41303724,HOLD
2,0.26583323,0.324546,0.40962073,HOLD
1,0.24137075,0.46690685,0.29172242,HOLD
2,0.23895678,0.2801974,0.48084587,HOLD
2,0.1384319,0.23315452,0.62841356,BUY
2,0.17310344,0.22012357,0.606773,BUY
2,0.20333518,0.13853408,0.6581307,BUY
2,0.15603293,0.09239126,0.75157577,BUY
2,0.2955259,0.16582474,0.5386493,HOLD
2,0.20800327,0.110936195,0.68106055,BUY
2,0.31837988,0.16292511,0.51869506,HOLD
2,0.2131342,0.07794163,0.70892423,BUY
2,0.16563094,0.10849344,0.7258756,BUY
2,0.1140166,0.07495549,0.81102794,BUY
2,0.084688045,0.14059432,0.77471757,BUY
1,0.2860953,0.46035063,0.25355405,HOLD
0,0.38833553,0.3056073,0.30605724,HOLD
2,0.33808187,0.31808138,0.34383678,HOLD
0,0.39549467,0.2736981,0.3308073,HOLD
1,0.34060815,0.3524009,0.30699095,HOLD
0,0.38271812,0.36267692,0.25460494,HOLD
1,0.32028624,0.38096386,0.29874995,HOLD
1,0.32503557,0.37192264,0.30304176,HOLD
0,0.34041122,0.3348134,0.32477534,HOLD
0,0.42036515,0.29986358,0.27977124,HOLD
0,0.4015872,0.26590693,0.33250588,HOLD
1,0.20262529,0.42608804,0.37128663,HOLD
0,0.47128975,0.24750023,0.28121,HOLD
0,0.47655094,0.24017094,0.28327808,HOLD
1,0.22886947,0.4971152,0.27401534,HOLD
1,0.29415292,0.38249272,0.32335433,HOLD
1,0.2428348,0.44768667,0.30947852,HOLD
1,0.25444087,0.42419368,0.3213655,HOLD
0,0.41549549,0.280621,0.30388352,HOLD
2,0.3072412,0.291148,0.40161076,HOLD
0,0.43668237,0.3430204,0.22029726,HOLD
0,0.45876977,0.14829439,0.39293584,HOLD
1,0.17579456,0.5690675,0.25513798,HOLD
0,0.36544147,0.3358141,0.29874447,HOLD
2,0.2963022,0.33766395,0.36603382,HOLD
1,0.3208259,0.35066375,0.3285103,HOLD
0,0.3845565,0.3088906,0.30655286,HOLD
0,0.34029987,0.33259097,0.3271092,HOLD
1,0.14916073,0.60713536,0.24370395,HOLD
1,0.13900156,0.6405917,0.2204068,HOLD
1,0.26437962,0.440535,0.29508537,HOLD
0,0.39191708,0.29055467,0.31752825,HOLD
1,0.34883058,0.35583916,0.29533023,HOLD
1,0.24617244,0.4547917,0.2990359,HOLD
1,0.36072937,0.37614563,0.263125,HOLD
1,0.35340047,0.39718926,0.2494103,HOLD
0,0.41673595,0.33401993,0.24924417,HOLD
2,0.25817618,0.3433775,0.39844635,HOLD
0,0.36939535,0.35733283,0.27327186,HOLD
0,0.4410102,0.30302957,0.25596017,HOLD
0,0.43735495,0.24907574,0.31356934,HOLD
2,0.30846617,0.30568144,0.38585237,HOLD
2,0.32746345,0.29865092,0.37388566,HOLD
0,0.39237362,0.22805928,0.37956712,HOLD
0,0.41106352,0.3185128,0.27042362,HOLD
0,0.39091405,0.3149583,0.29412764,HOLD
0,0.3600245,0.3239398,0.3160357,HOLD
0,0.4445573,0.21787506,0.33756766,HOLD
2,0.3329589,0.27961075,0.38743037,HOLD
0,0.40323874,0.26298213,0.33377907,HOLD
0,0.4217539,0.2871963,0.29104972,HOLD
0,0.43700773,0.29205194,0.27094036,HOLD
0,0.54007447,0.17936437,0.2805612,HOLD
2,0.33276215,0.33138102,0.33585683,HOLD
2,0.25848466,0.351807,0.3897083,HOLD
2,0.41212937,0.16872105,0.41914952,HOLD
0,0.4690605,0.15150435,0.37943512,HOLD
2,0.33496156,0.21860328,0.44643518,HOLD
2,0.41579467,0.14116761,0.44303772,HOLD
2,0.40392777,0.15583605,0.44023624,HOLD
0,0.44235137,0.192711,0.36493763,HOLD
0,0.44698945,0.19439553,0.35861498,HOLD
0,0.40362567,0.19806477,0.39830953,HOLD
0,0.43157804,0.20911223,0.35930973,HOLD
2,0.33151466,0.28075624,0.38772914,HOLD
2,0.25363877,0.3719801,0.37438112,HOLD
2,0.30221066,0.29653174,0.40125763,HOLD
2,0.29035768,0.28288105,0.4267613,HOLD
0,0.44088507,0.18054022,0.37857473,HOLD
2,0.3916503,0.20429243,0.40405723,HOLD
0,0.40274584,0.23347789,0.36377624,HOLD
0,0.4562829,0.28546998,0.25824708,HOLD
0,0.45221913,0.19830681,0.34947407,HOLD
0,0.54230285,0.18199202,0.27570516,HOLD
2,0.35969737,0.11619381,0.52410877,HOLD
2,0.39852545,0.111500725,0.48997378,HOLD
2,0.40888226,0.16154614,0.42957154,HOLD
2,0.31718543,0.23500806,0.44780657,HOLD
2,0.40314877,0.17948595,0.41736528,HOLD
2,0.3606842,0.24657641,0.39273936,HOLD
0,0.39843953,0.22695632,0.3746041,HOLD
2,0.3722043,0.25091445,0.3768812,HOLD
2,0.3520573,0.29476833,0.35317436,HOLD
0,0.38294443,0.2568432,0.3602123,HOLD
0,0.36267978,0.3385915,0.29872876,HOLD
2,0.3023157,0.33090186,0.36678243,HOLD
0,0.37119094,0.33118203,0.29762697,HOLD
1,0.27939445,0.36081794,0.35978758,HOLD
0,0.3532826,0.32286674,0.3238507,HOLD
0,0.38444665,0.32205132,0.293502,HOLD
0,0.369887,0.34857613,0.28153685,HOLD
1,0.15808044,0.6074373,0.23448221,HOLD
0,0.36345387,0.3184106,0.3181355,HOLD
2,0.37665096,0.23776235,0.38558668,HOLD
0,0.40119985,0.2527276,0.34607252,HOLD
0,0.41615054,0.2542724,0.32957706,HOLD
0,0.3713301,0.31957543,0.3090945,HOLD
2,0.35633934,0.26637855,0.37728217,HOLD
2,0.3163329,0.31809992,0.36556715,HOLD
2,0.31096175,0.283247,0.40579128,HOLD
2,0.31799996,0.30771735,0.3742827,HOLD
0,0.35098955,0.3437419,0.30526856,HOLD
1,0.33652228,0.34933314,0.31414452,HOLD
1,0.1996703,0.58510417,0.21522552,HOLD
1,0.23044382,0.4817358,0.28782037,HOLD
1,0.28061944,0.42539874,0.29398182,HOLD
2,0.24783151,0.34461844,0.40755007,HOLD
1,0.2999998,0.46658337,0.23341683,HOLD
1,0.32089975,0.41458642,0.26451385,HOLD
1,0.32254177,0.42689762,0.25056067,HOLD
2,0.26144597,0.34208748,0.3964665,HOLD
2,0.26763612,0.34490013,0.38746375,HOLD
1,0.30143058,0.37417507,0.32439435,HOLD
1,0.34776658,0.37733588,0.2748976,HOLD
0,0.42310122,0.29558206,0.2813167,HOLD
1,0.28664854,0.391164,0.32218745,HOLD
1,0.29125553,0.41874132,0.29000312,HOLD
1,0.22234112,0.42840126,0.34925765,HOLD
2,0.3166189,0.33688566,0.34649545,HOLD
2,0.3152261,0.30584687,0.378927,HOLD
1,0.2560043,0.5002024,0.24379323,HOLD
1,0.29581338,0.43586347,0.2683232,HOLD
1,0.28570062,0.3973479,0.31695145,HOLD
1,0.2397325,0.4564137,0.30385384,HOLD
1,0.16992982,0.49689928,0.33317095,HOLD
1,0.16730468,0.4379171,0.39477816,HOLD
1,0.2628654,0.4045836,0.33255103,HOLD
1,0.20220353,0.5836341,0.2141624,HOLD
1,0.22017331,0.49690127,0.28292543,HOLD
1,0.19316192,0.62417567,0.18266238,HOLD
1,0.24366558,0.55268735,0.20364703,HOLD
1,0.25886068,0.48707244,0.25406685,HOLD
0,0.40135214,0.26042217,0.3382257,HOLD
2,0.29678327,0.33984247,0.3633743,HOLD
1,0.30211586,0.40949303,0.28839108,HOLD
1,0.35447422,0.36440215,0.28112367,HOLD
1,0.32910913,0.4018585,0.26903242,HOLD
1,0.3968545,0.44651553,0.15663001,HOLD
2,0.32677743,0.32797828,0.34524432,HOLD
1,0.30005893,0.35798013,0.3419609,HOLD
0,0.3898985,0.27331358,0.33678788,HOLD
2,0.3316347,0.31366172,0.3547036,HOLD
2,0.23462412,0.3765262,0.3888497,HOLD
1,0.2781175,0.3760746,0.34580785,HOLD
0,0.41456932,0.31101018,0.2744205,HOLD
2,0.36283773,0.2737668,0.36339554,HOLD
2,0.26091054,0.22813393,0.5109556,HOLD
1,0.31600037,0.35712406,0.32687557,HOLD
0,0.36754692,0.2717671,0.36068597,HOLD
0,0.45547742,0.3042892,0.24023344,HOLD
1,0.30154696,0.37661818,0.32183486,HOLD
0,0.3848856,0.36080116,0.25431317,HOLD
2,0.28869644,0.33139145,0.37991214,HOLD
2,0.36275372,0.22373001,0.4135162,HOLD
2,0.30081397,0.2813126,0.41787335,HOLD
0,0.39296225,0.30046085,0.30657694,HOLD
0,0.36294365,0.3100894,0.32696688,HOLD
2,0.3643606,0.26619276,0.3694466,HOLD
2,0.3779696,0.23187487,0.39015552,HOLD
0,0.3948287,0.2789677,0.32620355,HOLD
2,0.32085842,0.33515522,0.34398633,HOLD
1,0.31137568,0.35581484,0.3328095,HOLD
2,0.30927047,0.24408454,0.44664496,HOLD
2,0.27784023,0.3287091,0.3934507,HOLD
2,0.21986903,0.3339808,0.44615015,HOLD
1,0.2590505,0.43568805,0.30526143,HOLD
2,0.30133444,0.2933405,0.405325,HOLD
2,0.34856743,0.2666659,0.3847667,HOLD
0,0.391559,0.30635157,0.30208945,HOLD
1,0.27648672,0.3922929,0.33122036,HOLD
0,0.37436783,0.2939002,0.33173198,HOLD
0,0.4010239,0.30163705,0.29733905,HOLD
0,0.37825212,0.30996084,0.31178707,HOLD
1,0.19757487,0.43716887,0.36525625,HOLD
2,0.26747778,0.3296242,0.402898,HOLD
2,0.24221055,0.30587628,0.4519132,HOLD
2,0.29198658,0.29948047,0.40853292,HOLD
1,0.336792,0.42247382,0.24073422,HOLD
2,0.21517529,0.35923696,0.42558777,HOLD
2,0.2227184,0.377259,0.40002266,HOLD
1,0.20246214,0.52541286,0.272125,HOLD
2,0.22619978,0.33439815,0.4394021,HOLD
2,0.33803317,0.28262946,0.37933737,HOLD
2,0.2787275,0.2988221,0.42245036,HOLD
2,0.32646257,0.251766,0.42177144,HOLD
0,0.4016288,0.30645955,0.29191163,HOLD
2,0.3261551,0.29992375,0.37392113,HOLD
2,0.2599367,0.26974487,0.47031838,HOLD
2,0.26020804,0.34226137,0.3975306,HOLD
2,0.2990021,0.29534054,0.40565735,HOLD
2,0.31899703,0.33243883,0.34856412,HOLD
1,0.30788672,0.35916865,0.33294466,HOLD
2,0.28051773,0.34195632,0.37752596,HOLD
2,0.22386494,0.35678622,0.4193488,HOLD
2,0.24790971,0.3446454,0.40744483,HOLD
2,0.19677325,0.39140916,0.41181758,HOLD
1,0.2565198,0.4240496,0.31943062,HOLD
1,0.19778581,0.43452394,0.3676903,HOLD
1,0.33705568,0.3719989,0.29094544,HOLD
1,0.32934532,0.3570206,0.31363407,HOLD
0,0.3784445,0.32769373,0.2938618,HOLD
1,0.292916,0.3806107,0.32647327,HOLD
1,0.23364407,0.39273778,0.37361816,HOLD
2,0.25037917,0.31277955,0.43684122,HOLD
2,0.27870804,0.34795192,0.37334007,HOLD
1,0.25530854,0.39230803,0.3523834,HOLD
1,0.2368215,0.39342058,0.36975795,HOLD
2,0.24891827,0.20978622,0.5412955,HOLD
2,0.25043148,0.32267675,0.42689168,HOLD
2,0.27788198,0.28751343,0.43460453,HOLD
2,0.28125867,0.32463175,0.3941096,HOLD
0,0.46227223,0.3442152,0.19351257,HOLD
0,0.42670622,0.25739196,0.3159018,HOLD
0,0.39328358,0.32911202,0.27760446,HOLD
2,0.323888,0.27270028,0.40341172,HOLD
2,0.3612041,0.17115986,0.4676361,HOLD
2,0.22882994,0.2965457,0.47462437,HOLD
2,0.23687181,0.30348706,0.4596411,HOLD
2,0.27803344,0.30619094,0.41577566,HOLD
2,0.34489125,0.18502481,0.47008398,HOLD
2,0.27446786,0.28381783,0.44171432,HOLD
2,0.25581217,0.27850515,0.46568272,HOLD
2,0.24236704,0.31695366,0.44067934,HOLD
2,0.22572273,0.28886145,0.4854158,HOLD
2,0.24095473,0.32532126,0.433724,HOLD
0,0.42431015,0.30666408,0.26902583,HOLD
0,0.51575005,0.278269,0.20598096,HOLD
0,0.384005,0.35987443,0.25612056,HOLD
0,0.43313238,0.24014486,0.32672277,HOLD
0,0.41185507,0.25236312,0.3357818,HOLD
2,0.40026373,0.15859467,0.44114158,HOLD
0,0.40421015,0.2382255,0.35756433,HOLD
0,0.517368,0.16935386,0.31327814,HOLD
0,0.46490812,0.16316861,0.3719232,HOLD
0,0.4526126,0.16540454,0.3819829,HOLD
2,0.37509635,0.18172061,0.443183,HOLD
2,0.3635414,0.19276811,0.4436905,HOLD
2,0.28251055,0.34545547,0.37203395,HOLD
0,0.41869003,0.32210416,0.25920585,HOLD
0,0.4471791,0.2953247,0.25749615,HOLD
0,0.4661534,0.19051145,0.34333518,HOLD
0,0.40544423,0.20360646,0.3909493,HOLD
2,0.4036284,0.15084611,0.4455255,HOLD
2,0.3769015,0.20449847,0.41860002,HOLD
2,0.3589289,0.24401888,0.39705223,HOLD
0,0.4299733,0.20200287,0.3680238,HOLD
2,0.3167288,0.23989002,0.44338122,HOLD
2,0.3280806,0.19577976,0.4761397,HOLD
0,0.42497802,0.2060546,0.3689674,HOLD
0,0.38269785,0.30010918,0.31719303,HOLD
2,0.35522947,0.24779007,0.39698043,HOLD
1,0.34795234,0.38429564,0.267752,HOLD
0,0.37179485,0.36572784,0.26247737,HOLD
1,0.34777206,0.39656228,0.25566563,HOLD
0,0.4095137,0.29106566,0.2994206,HOLD
1,0.25113377,0.44688296,0.30198327,HOLD
2,0.3432928,0.3070455,0.34966174,HOLD
0,0.34567505,0.3294783,0.32484666,HOLD
2,0.24206463,0.37045845,0.38747695,HOLD
1,0.18549809,0.41197893,0.402523,HOLD
2,0.34800422,0.23248473,0.41951108,HOLD
2,0.291802,0.34752437,0.36067364,HOLD
0,0.3790952,0.2707409,0.35016385,HOLD
2,0.2854295,0.2947513,0.41981924,HOLD
0,0.38644072,0.2722532,0.34130606,HOLD
2,0.3503843,0.29573795,0.35387778,HOLD
1,0.26366735,0.41839513,0.31793755,HOLD
2,0.32417694,0.33097818,0.3448449,HOLD
2,0.34523684,0.21402033,0.44074282,HOLD
2,0.28365958,0.27137795,0.44496253,HOLD
2,0.26704332,0.312944,0.4200127,HOLD
1,0.3116262,0.36934692,0.31902686,HOLD
2,0.329813,0.31069148,0.3594955,HOLD
2,0.32728532,0.33550915,0.33720553,HOLD
0,0.4650826,0.23835656,0.29656085,HOLD
2,0.37568372,0.22987117,0.39444515,HOLD
2,0.33095872,0.29818052,0.37086076,HOLD
2,0.27793285,0.306446,0.41562122,HOLD
0,0.3882693,0.23430297,0.3774277,HOLD
2,0.32626206,0.277024,0.3967139,HOLD
2,0.2939704,0.19782032,0.5082093,HOLD
2,0.36342132,0.25741464,0.379164,HOLD
2,0.33037886,0.2830135,0.3866077,HOLD
0,0.4197168,0.19288301,0.38740018,HOLD
2,0.37284407,0.24681257,0.38034335,HOLD
2,0.3239042,0.23288742,0.44320846,HOLD
2,0.27669126,0.30775756,0.41555116,HOLD
2,0.25956103,0.23613092,0.50430804,HOLD
2,0.3532316,0.17799385,0.4687746,HOLD
2,0.3808127,0.21616401,0.40302333,HOLD
0,0.456425,0.17803249,0.36554253,HOLD
0,0.44361186,0.17462227,0.38176584,HOLD
0,0.40396625,0.19816579,0.397868,HOLD
2,0.30925655,0.24792938,0.44281402,HOLD
2,0.2916889,0.17970143,0.52860963,HOLD
2,0.2921111,0.10790589,0.59998304,HOLD
0,0.43615025,0.17746603,0.38638368,HOLD
2,0.3469941,0.25484556,0.3981603,HOLD
2,0.3289482,0.25805047,0.41300136,HOLD
0,0.3697318,0.3210101,0.30925804,HOLD
2,0.32621425,0.3180319,0.35575387,HOLD
2,0.35535127,0.2886041,0.35604462,HOLD
2,0.3512537,0.21904585,0.4297005,HOLD
1,0.24303992,0.49929884,0.25766128,HOLD
2,0.30603585,0.3291753,0.3647889,HOLD
0,0.3416195,0.32726762,0.33111292,HOLD
2,0.23707913,0.17645326,0.5864676,HOLD
2,0.23353407,0.27292848,0.49353746,HOLD
1,0.3298134,0.35608554,0.3141011,HOLD
1,0.3122793,0.3532002,0.33452043,HOLD
2,0.27569064,0.29631242,0.42799693,HOLD
2,0.2429886,0.2891043,0.46790707,HOLD
2,0.29960194,0.15182042,0.5485776,HOLD
2,0.12669766,0.34464315,0.5286592,HOLD
1,0.3126595,0.35691392,0.33042654,HOLD
2,0.33434933,0.15871634,0.5069343,HOLD
2,0.19165552,0.2698841,0.5384604,HOLD
2,0.23735206,0.18738191,0.57526606,HOLD
2,0.21518335,0.14033988,0.6444768,BUY
2,0.24931449,0.22155677,0.52912873,HOLD
2,0.27565762,0.2663145,0.45802787,HOLD
2,0.2781141,0.28453076,0.43735513,HOLD
0,0.35785466,0.31436443,0.32778093,HOLD
2,0.24933888,0.1354728,0.61518836,BUY
2,0.21986255,0.28848067,0.49165675,HOLD
2,0.27586776,0.24712354,0.4770087,HOLD
0,0.39226392,0.29352343,0.31421268,HOLD
1,0.20986003,0.4796073,0.31053263,HOLD
1,0.2338623,0.38418517,0.3819525,HOLD
2,0.3290106,0.25009272,0.4208967,HOLD
1,0.35304457,0.3638486,0.28310683,HOLD
2,0.29488987,0.3002148,0.4048954,HOLD
1,0.30419335,0.3832751,0.31253156,HOLD
2,0.33824098,0.2178566,0.44390237,HOLD
2,0.17421743,0.40176976,0.42401284,HOLD
2,0.23829426,0.3667812,0.3949245,HOLD
0,0.37770298,0.32339475,0.29890227,HOLD
0,0.47026375,0.29167256,0.23806363,HOLD
0,0.37119925,0.28768736,0.34111336,HOLD
1,0.28529522,0.435139,0.27956584,HOLD
2,0.25163788,0.36394113,0.384421,HOLD
2,0.273989,0.29025453,0.43575644,HOLD
2,0.31282178,0.1400085,0.5471697,HOLD
1,0.24676663,0.46358237,0.289651,HOLD
2,0.2908169,0.18100968,0.52817345,HOLD
2,0.2620172,0.23743047,0.5005523,HOLD
2,0.19829236,0.34567833,0.4560293,HOLD
2,0.16561902,0.18128592,0.65309507,BUY
2,0.19987237,0.121579446,0.67854816,BUY
2,0.15357406,0.19446507,0.65196085,BUY
2,0.097111985,0.3280119,0.5748761,HOLD
2,0.059714712,0.14197524,0.7983101,BUY
2,0.12845534,0.11513672,0.756408,BUY
2,0.3374165,0.27067202,0.3919115,HOLD
2,0.22009248,0.15506278,0.62484473,BUY
2,0.11043962,0.26424852,0.62531185,BUY
2,0.28363442,0.2807546,0.435611,HOLD
2,0.22692856,0.33594126,0.43713018,HOLD
1,0.29544425,0.4179088,0.28664693,HOLD
1,0.26841572,0.38012937,0.35145494,HOLD
2,0.33615643,0.32097527,0.3428683,HOLD
1,0.21788375,0.4603167,0.32179958,HOLD
2,0.31877083,0.32698363,0.35424557,HOLD
2,0.1894757,0.17606552,0.6344587,BUY
2,0.2611925,0.16778447,0.57102305,HOLD
2,0.17464742,0.17665102,0.64870155,BUY
2,0.28233644,0.3165365,0.4011271,HOLD
2,0.29531386,0.15952815,0.54515797,HOLD
2,0.1850919,0.20651689,0.6083912,BUY
2,0.23594905,0.298018,0.46603295,HOLD
2,0.27250353,0.3272759,0.4002206,HOLD
2,0.36326426,0.2684688,0.36826694,HOLD
2,0.32706004,0.26648936,0.40645063,HOLD
2,0.30435586,0.2547231,0.44092107,HOLD
2,0.31695905,0.16630378,0.51673716,HOLD
0,0.59417343,0.17826302,0.22756357,HOLD
0,0.45181054,0.24048261,0.30770686,HOLD
2,0.27908832,0.25862375,0.46228796,HOLD
2,0.34703904,0.23854645,0.41441453,HOLD
2,0.31473953,0.22628836,0.45897213,HOLD
2,0.28777424,0.24570541,0.4665203,HOLD
2,0.31008822,0.25143442,0.43847743,HOLD
0,0.41602167,0.1891787,0.39479956,HOLD
0,0.4268042,0.16603605,0.4071597,HOLD
2,0.38038835,0.18896444,0.43064716,HOLD
2,0.38798422,0.15393831,0.4580775,HOLD
2,0.37351578,0.14755094,0.47893324,HOLD
2,0.28119165,0.16939318,0.5494152,HOLD
2,0.2764425,0.1611862,0.5623713,HOLD
0,0.40443936,0.19642977,0.39913082,HOLD
2,0.2932518,0.24454382,0.46220437,HOLD
0,0.36246857,0.29281428,0.34471714,HOLD
2,0.32528144,0.26526153,0.40945706,HOLD
0,0.3672202,0.26955926,0.36322048,HOLD
0,0.39141065,0.32776335,0.280826,HOLD
1,0.34046856,0.3517426,0.30778885,HOLD
0,0.51056063,0.130033,0.3594064,HOLD
2,0.40577346,0.16897932,0.42524722,HOLD
0,0.47212353,0.20987286,0.3180036,HOLD
2,0.3532341,0.2589637,0.38780212,HOLD
0,0.43177938,0.20813622,0.36008438,HOLD
2,0.28898478,0.28081205,0.4302031,HOLD
0,0.58650285,0.11066148,0.30283564,HOLD
2,0.37071398,0.17124867,0.45803738,HOLD
0,0.5085449,0.12800221,0.36345285,HOLD
0,0.4396299,0.15230753,0.40806258,HOLD
0,0.45871642,0.16084737,0.38043615,HOLD
2,0.29049116,0.14410369,0.56540513,HOLD
2,0.3298113,0.21672285,0.45346582,HOLD
2,0.32081372,0.1949952,0.48419106,HOLD
2,0.28060195,0.3122746,0.40712342,HOLD
1,0.17880367,0.49343163,0.32776466,HOLD
1,0.18359903,0.4223324,0.3940686,HOLD
0,0.37255964,0.32886195,0.2985784,HOLD
2,0.29068744,0.22527401,0.48403856,HOLD
0,0.39960596,0.23521315,0.36518094,HOLD
2,0.3426722,0.22864604,0.4286818,HOLD
2,0.27573413,0.25022918,0.47403666,HOLD
2,0.3379249,0.15044224,0.51163286,HOLD
2,0.28577936,0.18293417,0.5312865,HOLD
2,0.32599503,0.12652843,0.5474766,HOLD
2,0.30376983,0.20001388,0.4962163,HOLD
0,0.43438682,0.15813957,0.40747362,HOLD
2,0.34515363,0.24844165,0.40640476,HOLD
2,0.35266495,0.23245478,0.41488025,HOLD
2,0.41552827,0.14360933,0.4408624,HOLD
2,0.33137804,0.24636649,0.4222555,HOLD
0,0.5915002,0.15411907,0.25438073,HOLD
0,0.4450147,0.17874797,0.37623733,HOLD
0,0.47550765,0.16238157,0.36211082,HOLD
0,0.46285835,0.16358638,0.37355527,HOLD
0,0.3837148,0.24566598,0.3706192,HOLD
0,0.43938857,0.13232209,0.42828938,HOLD
0,0.45885414,0.24966456,0.29148132,HOLD
0,0.53700376,0.22906888,0.23392738,HOLD
0,0.5351926,0.163617,0.3011904,HOLD
0,0.41434777,0.2564179,0.32923436,HOLD
2,0.39683503,0.19865555,0.40450945,HOLD
2,0.34236676,0.2357733,0.4218599,HOLD
2,0.3658288,0.19030596,0.44386527,HOLD
2,0.3108614,0.2610607,0.4280779,HOLD
2,0.33862537,0.3091592,0.35221538,HOLD
0,0.47222283,0.25678733,0.27098987,HOLD
0,0.49852568,0.17272548,0.32874885,HOLD
0,0.50126636,0.08169541,0.4170382,HOLD
0,0.47949868,0.098501004,0.42200032,HOLD
2,0.31274378,0.15208365,0.5351726,HOLD
0,0.5020953,0.24399076,0.25391397,HOLD
2,0.3444776,0.111058064,0.54446435,HOLD
0,0.5764437,0.14060527,0.2829511,HOLD
0,0.40066537,0.22325371,0.37608096,HOLD
0,0.43658885,0.32697532,0.23643583,HOLD
2,0.32400346,0.12574588,0.55025065,HOLD
2,0.3682525,0.19231145,0.43943602,HOLD
2,0.3080624,0.22907485,0.46286276,HOLD
2,0.24997541,0.26254287,0.4874817,HOLD
2,0.3520329,0.290727,0.35724008,HOLD
0,0.47942364,0.16949154,0.35108483,HOLD
0,0.41085446,0.22182702,0.3673185,HOLD
0,0.34911788,0.3065802,0.34430197,HOLD
0,0.45892417,0.24222046,0.29885533,HOLD
0,0.45166373,0.28104258,0.2672937,HOLD
2,0.39083418,0.1861824,0.4229834,HOLD
1,0.2678265,0.51198846,0.22018504,HOLD
1,0.350109,0.35148048,0.2984105,HOLD
2,0.30835202,0.33755216,0.35409582,HOLD
2,0.33988938,0.27364364,0.38646692,HOLD
2,0.26846367,0.30430958,0.42722672,HOLD
1,0.23006837,0.4346373,0.33529428,HOLD
2,0.31780806,0.3022327,0.37995926,HOLD
0,0.353062,0.3185115,0.3284265,HOLD
2,0.3222829,0.28490195,0.39281517,HOLD
1,0.26985872,0.40929583,0.32084548,HOLD
0,0.3872815,0.27990738,0.33281115,HOLD
1,0.22162232,0.5396327,0.23874505,HOLD
2,0.32219902,0.30031872,0.3774823,HOLD
0,0.41715828,0.2132445,0.36959723,HOLD
1,0.29678002,0.3749093,0.32831067,HOLD
2,0.19789971,0.38496995,0.41713035,HOLD
1,0.3379121,0.35624045,0.30584738,HOLD
2,0.28903762,0.31577474,0.39518762,HOLD
2,0.31119785,0.31004572,0.3787565,HOLD
0,0.3892046,0.27527574,0.3355197,HOLD
2,0.28629655,0.24070735,0.47299612,HOLD
2,0.35274276,0.26406983,0.38318744,HOLD
2,0.3240303,0.29245955,0.3835101,HOLD
2,0.28985214,0.28699702,0.42315084,HOLD
2,0.26155132,0.2684391,0.4700096,HOLD
0,0.38939533,0.27353677,0.33706796,HOLD
0,0.38766962,0.27459845,0.337732,HOLD
2,0.31347117,0.29627866,0.39025018,HOLD
2,0.31483725,0.26860353,0.41655922,HOLD
0,0.3769315,0.2544839,0.36858457,HOLD
2,0.36160553,0.22729458,0.4110999,HOLD
2,0.28550366,0.28272906,0.43176726,HOLD
2,0.36814785,0.2592736,0.37257853,HOLD
1,0.31706116,0.3778689,0.30506998,HOLD
2,0.34171757,0.306518,0.35176444,HOLD
0,0.3700475,0.30577278,0.3241797,HOLD
0,0.4614179,0.31523305,0.22334908,HOLD
0,0.5338151,0.21791011,0.24827479,HOLD
0,0.51789063,0.19522485,0.28688452,HOLD
2,0.2594666,0.308191,0.43234238,HOLD
0,0.45924872,0.22015749,0.32059383,HOLD
0,0.57734644,0.20376827,0.21888529,HOLD
0,0.3948295,0.33307874,0.27209172,HOLD
0,0.44426405,0.32564542,0.23009057,HOLD
2,0.38145578,0.21237434,0.40616986,HOLD
2,0.3344903,0.30718145,0.35832825,HOLD
0,0.5023633,0.25174257,0.24589413,HOLD
0,0.4633036,0.26414984,0.27254656,HOLD
0,0.51641303,0.23238648,0.25120044,HOLD
0,0.5328128,0.2419335,0.22525375,HOLD
0,0.51493037,0.25120384,0.2338658,HOLD
0,0.5567664,0.19695209,0.24628153,HOLD
0,0.45554012,0.25310656,0.29135334,HOLD
1,0.26142403,0.38442186,0.35415408,HOLD
0,0.5271997,0.2154534,0.2573469,HOLD
0,0.51519835,0.23586963,0.24893203,HOLD
0,0.63969076,0.17271642,0.18759285,SELL
0,0.64602643,0.18204802,0.17192554,SELL
0,0.67303157,0.16686533,0.16010311,SELL
0,0.6158802,0.1275228,0.25659698,SELL
0,0.3552565,0.31639886,0.3283446,HOLD
0,0.41000813,0.31702298,0.2729689,HOLD
0,0.38799798,0.3205835,0.29141855,HOLD
2,0.31269675,0.24767455,0.43962866,HOLD
0,0.39184138,0.31548905,0.29266953,HOLD
0,0.51247996,0.30924615,0.1782739,HOLD
0,0.5778648,0.20119329,0.22094186,HOLD
0,0.5957233,0.18901385,0.21526285,HOLD
0,0.5782623,0.18874064,0.23299699,HOLD
0,0.46217477,0.24135408,0.29647112,HOLD
0,0.5606007,0.22644328,0.21295598,HOLD
0,0.49054536,0.23647198,0.2729827,HOLD
0,0.41503003,0.22696595,0.35800397,HOLD
2,0.34414443,0.20466693,0.45118862,HOLD
0,0.5050803,0.23085898,0.26406074,HOLD
0,0.48698336,0.2554493,0.25756735,HOLD
0,0.4498001,0.25534454,0.29485536,HOLD
0,0.4471192,0.24902572,0.30385506,HOLD
0,0.4922702,0.22152784,0.28620192,HOLD
2,0.32297808,0.29919437,0.37782758,HOLD
2,0.3278159,0.23390406,0.43828005,HOLD
0,0.3657991,0.30500847,0.3291924,HOLD
0,0.5298679,0.25863466,0.21149741,HOLD
2,0.22388858,0.3527632,0.4233482,HOLD
0,0.42335242,0.3519057,0.22474183,HOLD
0,0.47953343,0.30811867,0.2123479,HOLD
1,0.33878672,0.358365,0.30284828,HOLD
2,0.35065025,0.26108354,0.3882662,HOLD
0,0.5851805,0.23575991,0.17905958,HOLD
0,0.49366534,0.19467086,0.31166384,HOLD
0,0.49219307,0.2042811,0.3035258,HOLD
2,0.35893643,0.265767,0.37529653,HOLD
0,0.35420203,0.30781332,0.33798468,HOLD
1,0.3158502,0.36245614,0.3216937,HOLD
0,0.36038905,0.280362,0.35924894,HOLD
1,0.2883303,0.35759413,0.35407555,HOLD
2,0.28147072,0.35442317,0.36410612,HOLD
2,0.31332162,0.3363105,0.3503679,HOLD
2,0.28023016,0.30853835,0.41123146,HOLD
2,0.35800657,0.22866018,0.41333324,HOLD
0,0.42254746,0.24930586,0.3281467,HOLD
0,0.3588002,0.35771942,0.2834804,HOLD
2,0.27856213,0.35214943,0.36928847,HOLD
2,0.24448085,0.3310575,0.42446163,HOLD
1,0.23794082,0.4449045,0.31715468,HOLD
1,0.3205077,0.4507876,0.22870468,HOLD
0,0.45428476,0.24235207,0.3033632,HOLD
2,0.30174345,0.1639127,0.53434384,HOLD
2,0.2981045,0.13795242,0.5639431,HOLD
2,0.34658882,0.13986024,0.51355094,HOLD
0,0.5938772,0.07992503,0.32619777,HOLD
2,0.35999215,0.101223744,0.53878415,HOLD
2,0.27507538,0.3004207,0.42450395,HOLD
2,0.31274286,0.34114918,0.34610793,HOLD
0,0.47223645,0.2251125,0.3026511,HOLD
0,0.3764181,0.26563424,0.35794765,HOLD
0,0.64565814,0.19434784,0.15999399,SELL
0,0.6615088,0.18897584,0.14951533,SELL
0,0.60287184,0.1783175,0.21881065,SELL
0,0.42661628,0.18207446,0.3913093,HOLD
0,0.38885614,0.22860382,0.38254,HOLD
0,0.6674407,0.17226046,0.16029881,SELL
0,0.5568746,0.25068572,0.1924397,HOLD
0,0.38681737,0.27593884,0.33724377,HOLD
0,0.4992598,0.289292,0.21144822,HOLD
0,0.57487,0.18080652,0.24432349,HOLD
2,0.3373337,0.21989234,0.44277394,HOLD
0,0.43139398,0.28423935,0.2843667,HOLD
0,0.47309294,0.17343183,0.35347518,HOLD
2,0.3165727,0.17430389,0.50912344,HOLD
2,0.34260756,0.13830341,0.519089,HOLD
0,0.4635417,0.11749945,0.41895884,HOLD
0,0.5247992,0.13442935,0.34077144,HOLD
0,0.64315313,0.115352556,0.24149431,SELL
0,0.46535757,0.19905765,0.3355848,HOLD
0,0.532732,0.1613487,0.3059193,HOLD
0,0.46625748,0.17770776,0.3560347,HOLD
2,0.37187222,0.174215,0.45391273,HOLD
0,0.5197259,0.15192527,0.3283488,HOLD
0,0.399155,0.27401045,0.32683453,HOLD
2,0.21727718,0.22633073,0.5563921,HOLD
0,0.3933192,0.2599397,0.34674114,HOLD
0,0.5826595,0.15045509,0.26688546,HOLD
0,0.41459748,0.19439341,0.39100915,HOLD
0,0.5589096,0.13611536,0.30497503,HOLD
2,0.3313407,0.24457906,0.42408028,HOLD
0,0.39863148,0.29472154,0.3066469,HOLD
2,0.2727841,0.1990389,0.528177,HOLD
2,0.2426765,0.2586989,0.49862453,HOLD
0,0.36041257,0.28254607,0.3570414,HOLD
2,0.2807231,0.20001286,0.51926404,HOLD
2,0.31359,0.24991713,0.43649286,HOLD
1,0.28348368,0.38102382,0.33549255,HOLD
1,0.30351624,0.40407288,0.29241082,HOLD
2,0.31559333,0.32445598,0.3599507,HOLD
0,0.56242096,0.14588125,0.29169777,HOLD
2,0.3803668,0.16548915,0.45414403,HOLD
2,0.378341,0.2119536,0.40970543,HOLD
2,0.36260632,0.14301355,0.49438012,HOLD
2,0.33234516,0.15500249,0.51265234,HOLD
0,0.45636657,0.13866287,0.4049706,HOLD
0,0.39707202,0.25910962,0.3438184,HOLD
0,0.5046461,0.25661597,0.23873797,HOLD
1,0.37406695,0.43410364,0.19182937,HOLD
0,0.5823565,0.20468415,0.21295936,HOLD
0,0.4670623,0.37568715,0.15725052,HOLD
1,0.33960682,0.4741612,0.18623199,HOLD
2,0.34365407,0.30324095,0.353105,HOLD
2,0.30646068,0.2858883,0.40765095,HOLD
2,0.33084002,0.18796277,0.48119715,HOLD
2,0.30508405,0.23345369,0.4614623,HOLD
2,0.28164214,0.2400969,0.47826087,HOLD
2,0.37958702,0.20618089,0.41423205,HOLD
2,0.27987656,0.34291825,0.3772052,HOLD
0,0.442071,0.18428563,0.37364343,HOLD
0,0.42023692,0.24752615,0.33223695,HOLD
1,0.344535,0.360332,0.29513296,HOLD
1,0.21973245,0.5307966,0.24947096,HOLD
1,0.33441138,0.36393636,0.30165228,HOLD
0,0.40232757,0.28372788,0.31394452,HOLD
0,0.5073519,0.24545398,0.24719413,HOLD
0,0.41276947,0.32137388,0.26585665,HOLD
0,0.37634602,0.34381315,0.27984086,HOLD
1,0.31146178,0.4338384,0.25469986,HOLD
0,0.49828193,0.22445564,0.27726245,HOLD
0,0.40734726,0.30018243,0.2924703,HOLD
0,0.52827436,0.1825428,0.28918287,HOLD
0,0.55872124,0.15278125,0.28849748,HOLD
0,0.4617308,0.13025399,0.40801516,HOLD
0,0.4475427,0.16386364,0.38859367,HOLD
2,0.36819503,0.19204566,0.43975928,HOLD
0,0.5878493,0.10436439,0.3077863,HOLD
0,0.65141,0.14181514,0.20677488,SELL
0,0.5062297,0.23362474,0.26014555,HOLD
2,0.395351,0.19593722,0.40871182,HOLD
2,0.26075512,0.31189123,0.42735365,HOLD
2,0.2206669,0.35843298,0.42090014,HOLD
2,0.2621231,0.16934541,0.5685315,HOLD
2,0.29096472,0.1497133,0.559322,HOLD
2,0.30853668,0.18871391,0.50274944,HOLD
2,0.32384002,0.20196621,0.47419375,HOLD
2,0.33285743,0.19802509,0.46911755,HOLD
2,0.24466413,0.29873812,0.45659772,HOLD
2,0.35817227,0.1424525,0.49937516,HOLD
2,0.28636897,0.31861076,0.39502028,HOLD
2,0.34183833,0.12317661,0.534985,HOLD
2,0.24515767,0.19095102,0.5638913,HOLD
2,0.32571387,0.11922452,0.5550616,HOLD
2,0.33249205,0.27386615,0.39364183,HOLD
0,0.43649668,0.15940098,0.40410233,HOLD
2,0.27651978,0.14641702,0.5770632,HOLD
2,0.39175043,0.1462203,0.4620293,HOLD
0,0.44918865,0.14961271,0.4011986,HOLD
2,0.32678214,0.28196922,0.3912486,HOLD
0,0.4146817,0.22968064,0.3556376,HOLD
0,0.4135199,0.17324989,0.41323027,HOLD
2,0.34873134,0.19891873,0.45234993,HOLD
2,0.32365632,0.25358322,0.42276043,HOLD
2,0.33632225,0.27683097,0.3868468,HOLD
0,0.37096417,0.26867023,0.36036557,HOLD
0,0.5186246,0.21554294,0.26583242,HOLD
0,0.5591893,0.18504372,0.25576696,HOLD
0,0.52503604,0.25783026,0.2171337,HOLD
0,0.54155463,0.22382723,0.23461814,HOLD
0,0.5087052,0.24158293,0.24971187,HOLD
2,0.17046662,0.12855625,0.70097715,BUY
2,0.3501896,0.22406696,0.4257435,HOLD
2,0.20941265,0.17736349,0.61322385,BUY
2,0.21978271,0.29303998,0.48717734,HOLD
2,0.26876718,0.23811533,0.49311748,HOLD
2,0.21181616,0.35584605,0.43233785,HOLD
2,0.14470875,0.30008057,0.5552107,HOLD
2,0.21603258,0.20306766,0.5808998,HOLD
2,0.3092339,0.24238424,0.44838187,HOLD
0,0.38061425,0.3142531,0.3051327,HOLD
0,0.4263691,0.28687933,0.28675157,HOLD
1,0.22995783,0.40472615,0.3653161,HOLD
0,0.38560557,0.2788564,0.33553803,HOLD
1,0.29127625,0.3894525,0.31927127,HOLD
0,0.6784171,0.13760403,0.18397889,SELL
2,0.41449198,0.15770948,0.42779848,HOLD
2,0.3183826,0.2199307,0.4616867,HOLD
0,0.4400734,0.19018511,0.36974147,HOLD
0,0.51413065,0.14567263,0.3401967,HOLD
0,0.55705255,0.19635855,0.24658889,HOLD
2,0.41476303,0.16209082,0.4231462,HOLD
2,0.43848863,0.11182475,0.44968656,HOLD
0,0.4699373,0.27150673,0.25855595,HOLD
0,0.37941858,0.32717314,0.2934083,HOLD
0,0.41277143,0.28364593,0.30358264,HOLD
0,0.5302307,0.25919905,0.21057023,HOLD
2,0.36854893,0.17539306,0.45605797,HOLD
0,0.47096425,0.27448574,0.25454998,HOLD
0,0.38469857,0.3295712,0.28573027,HOLD
2,0.28398642,0.17432722,0.54168636,HOLD
0,0.53678805,0.30139583,0.16181612,HOLD
1,0.31722116,0.34386665,0.33891222,HOLD
2,0.34135547,0.25808254,0.40056202,HOLD
1,0.30254075,0.42563695,0.27182224,HOLD
1,0.28095526,0.42173985,0.29730484,HOLD
2,0.38137496,0.17235109,0.44627395,HOLD
2,0.37380892,0.18194364,0.44424748,HOLD
2,0.2572803,0.22514482,0.5175749,HOLD
1,0.36766854,0.40644822,0.2258833,HOLD
1,0.31732365,0.39545402,0.28722233,HOLD
0,0.41611,0.37918013,0.2047099,HOLD
0,0.5196101,0.3522176,0.1281723,HOLD
0,0.4974604,0.27455813,0.22798146,HOLD
0,0.6853769,0.18121739,0.1334057,SELL
0,0.6299727,0.22742988,0.14259747,SELL
0,0.546183,0.28864548,0.16517152,HOLD
0,0.46621892,0.3607369,0.17304422,HOLD
0,0.5921361,0.28664178,0.12122212,HOLD
0,0.52846104,0.25787327,0.21366572,HOLD
2,0.10873225,0.16649193,0.7247758,BUY
2,0.24268597,0.372247,0.38506702,HOLD
2,0.12300357,0.18270221,0.69429415,BUY
2,0.12796491,0.14009656,0.7319385,BUY
2,0.26543853,0.24604431,0.48851714,HOLD
0,0.61703426,0.1338977,0.24906807,SELL
0,0.5157105,0.22671564,0.25757387,HOLD
0,0.474853,0.17653571,0.34861127,HOLD
0,0.58598906,0.21290657,0.20110439,HOLD
0,0.53962445,0.20543215,0.25494343,HOLD
0,0.630177,0.18271716,0.18710582,SELL
0,0.54441947,0.20647158,0.24910897,HOLD
0,0.48871094,0.22315767,0.2881314,HOLD
0,0.41274327,0.2353747,0.351882,HOLD
0,0.38351148,0.26195937,0.35452908,HOLD
2,0.34189627,0.21788864,0.44021508,HOLD
0,0.38590768,0.24468257,0.3694098,HOLD
0,0.4243448,0.1738693,0.4017859,HOLD
2,0.31500283,0.20995273,0.4750445,HOLD
2,0.30459008,0.24783528,0.44757462,HOLD
2,0.37707826,0.17008743,0.45283437,HOLD
2,0.34936523,0.23266825,0.41796649,HOLD
2,0.31654817,0.24374081,0.439711,HOLD
0,0.47514123,0.1839845,0.34087425,HOLD
2,0.3763464,0.21794632,0.40570724,HOLD
2,0.2927647,0.25792488,0.4493104,HOLD
2,0.26354674,0.25001675,0.48643655,HOLD
2,0.31822363,0.31128034,0.37049603,HOLD
2,0.3207258,0.2678035,0.4114707,HOLD
2,0.2946384,0.19297682,0.5123848,HOLD
2,0.33308232,0.20756741,0.4593503,HOLD
2,0.30834642,0.23596135,0.45569226,HOLD
2,0.29944777,0.31145883,0.38909334,HOLD
0,0.41707978,0.2747058,0.3082144,HOLD
2,0.37944862,0.20613347,0.41441792,HOLD
0,0.38077378,0.24040885,0.37881732,HOLD
0,0.4111842,0.2490496,0.33976617,HOLD
0,0.48625264,0.19510695,0.31864038,HOLD
0,0.4733065,0.22947551,0.29721794,HOLD
0,0.4570315,0.24813695,0.2948316,HOLD
0,0.51989037,0.16228513,0.3178245,HOLD
2,0.31627095,0.12946057,0.5542685,HOLD
2,0.31736872,0.20920002,0.4734312,HOLD
2,0.34408858,0.20071715,0.4551943,HOLD
2,0.41995797,0.15936328,0.42067876,HOLD
2,0.35542426,0.15785566,0.48672014,HOLD
0,0.56805,0.13648976,0.29546025,HOLD
0,0.5509966,0.19357683,0.2554266,HOLD
2,0.30073974,0.12593909,0.5733212,HOLD
0,0.590202,0.17198756,0.23781046,HOLD
2,0.3635621,0.23686245,0.39957544,HOLD
2,0.2639374,0.32494953,0.411113,HOLD
2,0.27048087,0.20817326,0.52134585,HOLD
0,0.43674052,0.20155703,0.3617025,HOLD
2,0.19646186,0.2000075,0.60353065,BUY
2,0.36377206,0.18443835,0.45178962,HOLD
2,0.32855895,0.17473193,0.49670917,HOLD
0,0.40068275,0.20004244,0.3992748,HOLD
2,0.3683555,0.23753248,0.39411202,HOLD
0,0.39250737,0.30037236,0.3071203,HOLD
0,0.5090194,0.26428178,0.22669885,HOLD
0,0.53156096,0.19593559,0.2725035,HOLD
0,0.4322349,0.18364531,0.38411972,HOLD
0,0.53266686,0.18307486,0.28425825,HOLD
2,0.41830593,0.150439,0.43125507,HOLD
0,0.48952374,0.17207716,0.33839914,HOLD
0,0.44487375,0.13914785,0.41597843,HOLD
2,0.31769067,0.26167148,0.42063785,HOLD
0,0.3725528,0.2580818,0.36936533,HOLD
0,0.43073,0.26301298,0.30625707,HOLD
0,0.3744364,0.28071558,0.34484804,HOLD
0,0.48911682,0.16226393,0.34861922,HOLD
0,0.44048405,0.25443423,0.30508178,HOLD
2,0.3201525,0.21062452,0.46922302,HOLD
2,0.31774002,0.24634582,0.43591416,HOLD
2,0.3030528,0.20779586,0.4891513,HOLD
2,0.3146779,0.30185026,0.38347185,HOLD
2,0.32277912,0.098819055,0.5784018,HOLD
0,0.41934344,0.2335227,0.34713382,HOLD
2,0.34015495,0.12807694,0.53176814,HOLD
2,0.42195162,0.13485223,0.4431961,HOLD
0,0.5939448,0.13537917,0.27067608,HOLD
0,0.52533716,0.056765243,0.41789764,HOLD
0,0.7024892,0.09865464,0.1988562,SELL
2,0.3922263,0.18927331,0.41850036,HOLD
0,0.42852104,0.24164174,0.32983723,HOLD
0,0.42762882,0.23325466,0.3391165,HOLD
0,0.47174296,0.22743016,0.30082682,HOLD
0,0.47540206,0.20858425,0.31601375,HOLD
0,0.507336,0.24887548,0.2437885,HOLD
0,0.41933298,0.25023797,0.33042902,HOLD
0,0.5035107,0.19220749,0.3042818,HOLD
0,0.59478426,0.1211262,0.28408954,HOLD
2,0.38864127,0.15374286,0.45761582,HOLD
0,0.45755345,0.21703295,0.32541358,HOLD
0,0.5550265,0.18609959,0.25887394,HOLD
0,0.4262825,0.21976726,0.35395026,HOLD
0,0.5133636,0.190379,0.29625744,HOLD
0,0.58794206,0.15054531,0.26151264,HOLD
0,0.55329347,0.19544554,0.25126097,HOLD
0,0.5270371,0.14793672,0.32502624,HOLD
0,0.47174805,0.18754528,0.34070665,HOLD
0,0.4623995,0.20969976,0.3279007,HOLD
2,0.3076005,0.29960734,0.3927921,HOLD
2,0.195442,0.3453222,0.45923582,HOLD
2,0.22288224,0.2265128,0.55060494,HOLD
2,0.23361477,0.25591594,0.51046926,HOLD
2,0.20415193,0.19768418,0.5981639,HOLD
2,0.26954466,0.25498724,0.47546807,HOLD
2,0.25424254,0.27093187,0.47482553,HOLD
2,0.2767697,0.17684127,0.54638904,HOLD
1,0.273752,0.42747182,0.29877612,HOLD
0,0.3633571,0.3062731,0.33036983,HOLD
2,0.34768897,0.28148693,0.37082407,HOLD
2,0.33972317,0.25053695,0.40973985,HOLD
0,0.37165678,0.26308072,0.3652625,HOLD
0,0.3893885,0.22642481,0.38418669,HOLD
0,0.59003574,0.16357195,0.2463923,HOLD
0,0.6172274,0.17871976,0.20405282,SELL
0,0.48533896,0.18757871,0.32708237,HOLD
0,0.46357077,0.20762804,0.3288012,HOLD
0,0.4264339,0.23825577,0.33531037,HOLD
0,0.45551962,0.20838074,0.33609962,HOLD
2,0.24122468,0.20757249,0.55120283,HOLD
0,0.5767865,0.17627646,0.24693698,HOLD
2,0.3835105,0.2263911,0.3900984,HOLD
2,0.24694006,0.30781347,0.44524652,HOLD
2,0.32089108,0.23854469,0.44056427,HOLD
2,0.29780817,0.26585317,0.4363387,HOLD
2,0.347133,0.24425027,0.40861672,HOLD
2,0.3950278,0.20761952,0.3973527,HOLD
2,0.27387565,0.24839619,0.47772813,HOLD
2,0.29531547,0.19798303,0.5067015,HOLD
2,0.19173793,0.2905339,0.5177282,HOLD
2,0.25159258,0.29473308,0.45367438,HOLD
2,0.29016396,0.21693388,0.49290222,HOLD
2,0.25169224,0.35479155,0.3935162,HOLD
2,0.24764377,0.28188345,0.47047275,HOLD
2,0.35761845,0.20979553,0.43258598,HOLD
2,0.27092046,0.28229314,0.4467864,HOLD
2,0.23865119,0.2949793,0.4663695,HOLD
2,0.31486598,0.2516866,0.43344745,HOLD
0,0.3815953,0.35761994,0.2607847,HOLD
0,0.4756288,0.2964881,0.2278831,HOLD
0,0.4996676,0.2776479,0.22268449,HOLD
0,0.34149918,0.32898948,0.32951134,HOLD
2,0.2655602,0.26207924,0.47236058,HOLD
2,0.2849145,0.33324388,0.38184163,HOLD
2,0.31091383,0.30525658,0.3838296,HOLD
2,0.26166224,0.35523173,0.38310605,HOLD
2,0.26433972,0.3119514,0.42370892,HOLD
2,0.27710706,0.3431367,0.37975624,HOLD
1,0.23526789,0.4048837,0.3598484,HOLD
2,0.27581948,0.21037427,0.5138062,HOLD
1,0.33805865,0.35441273,0.3075286,HOLD
1,0.29189724,0.423245,0.28485772,HOLD
1,0.2343162,0.5059999,0.25968388,HOLD
1,0.316476,0.39396748,0.2895565,HOLD
1,0.30711246,0.41400224,0.27888525,HOLD
1,0.32898295,0.3739607,0.29705635,HOLD
0,0.4695463,0.2053263,0.32512736,HOLD
0,0.4765597,0.16407625,0.359364,HOLD
0,0.5363636,0.13693838,0.32669804,HOLD
0,0.57063967,0.121607356,0.30775297,HOLD
0,0.5058058,0.14147615,0.35271809,HOLD
0,0.45948586,0.15359852,0.38691565,HOLD
0,0.48561874,0.18229307,0.3320882,HOLD
0,0.4674735,0.16455981,0.3679667,HOLD
2,0.4084134,0.17955875,0.41202784,HOLD
0,0.42754695,0.17545028,0.39700282,HOLD
2,0.38235012,0.16406263,0.45358723,HOLD
2,0.27563348,0.21490224,0.50946426,HOLD
0,0.47433323,0.10588348,0.4197833,HOLD
0,0.52206457,0.16555615,0.31237924,HOLD
0,0.40526858,0.25675386,0.33797753,HOLD
0,0.43283054,0.23741087,0.32975858,HOLD
0,0.45363027,0.28439817,0.26197156,HOLD
0,0.39018312,0.35317186,0.25664496,HOLD
0,0.4550802,0.25689322,0.28802663,HOLD
0,0.49055612,0.16645811,0.34298572,HOLD
0,0.41035852,0.20541006,0.38423142,HOLD
0,0.44151646,0.26854792,0.28993562,HOLD
0,0.47335836,0.1965534,0.3300882,HOLD
0,0.42906454,0.23803647,0.33289903,HOLD
0,0.38480774,0.2886291,0.32656312,HOLD
0,0.4197458,0.28742185,0.29283231,HOLD
0,0.47757584,0.24423023,0.2781939,HOLD
0,0.45978594,0.23295446,0.30725956,HOLD
0,0.4281072,0.19625807,0.3756347,HOLD
2,0.35715815,0.23465589,0.40818593,HOLD
0,0.37149143,0.2641097,0.3643989,HOLD
0,0.37654683,0.2520664,0.37138674,HOLD
2,0.31804618,0.20553182,0.476422,HOLD
0,0.6274901,0.12457015,0.24793974,SELL
0,0.47791556,0.15855226,0.3635322,HOLD
0,0.42450488,0.20178269,0.37371245,HOLD
0,0.5252379,0.19822717,0.27653491,HOLD
2,0.34018362,0.15213358,0.50768286,HOLD
2,0.37300238,0.1579019,0.46909574,HOLD
2,0.200123,0.31747532,0.48240173,HOLD
2,0.19659592,0.3589848,0.4444193,HOLD
2,0.3141296,0.2356162,0.45025423,HOLD
2,0.1368919,0.23248681,0.63062125,BUY
2,0.14099565,0.2788192,0.5801851,HOLD
2,0.12760994,0.32448095,0.54790914,HOLD
2,0.18349117,0.27438942,0.54211944,HOLD
2,0.21396296,0.24191736,0.5441197,HOLD
2,0.24338834,0.27036995,0.48624167,HOLD
2,0.07520409,0.086410426,0.83838546,BUY
2,0.21135883,0.20332395,0.58531725,HOLD
2,0.13487925,0.18126084,0.68385994,BUY
2,0.25574464,0.21284932,0.53140604,HOLD
2,0.16496152,0.2678913,0.5671472,HOLD
2,0.17396323,0.23548138,0.5905554,HOLD
0,0.3481927,0.3272018,0.32460555,HOLD
2,0.2527726,0.32462353,0.4226039,HOLD
2,0.24235578,0.3164414,0.44120282,HOLD
2,0.3563535,0.23215953,0.41148698,HOLD
2,0.3890792,0.14560166,0.46531916,HOLD
0,0.38880166,0.25815672,0.35304165,HOLD
2,0.36288276,0.22868745,0.4084298,HOLD
2,0.24764551,0.2896974,0.4626571,HOLD
1,0.1669311,0.49419206,0.33887684,HOLD
1,0.29421034,0.3815027,0.32428703,HOLD
0,0.39177108,0.3486278,0.2596011,HOLD
0,0.46711266,0.23292093,0.29996642,HOLD
1,0.3144739,0.35084105,0.33468503,HOLD
2,0.3437859,0.29025948,0.36595458,HOLD
0,0.43100846,0.28023192,0.28875962,HOLD
0,0.3544261,0.29862872,0.34694523,HOLD
0,0.37677133,0.31326184,0.30996686,HOLD
0,0.3992111,0.30081403,0.29997486,HOLD
0,0.43974817,0.23038794,0.32986394,HOLD
0,0.4780228,0.25851676,0.26346046,HOLD
2,0.3493883,0.27746296,0.37314868,HOLD
0,0.40673533,0.30962828,0.2836364,HOLD
0,0.38609895,0.31797227,0.2959288,HOLD
2,0.23574512,0.15883857,0.6054163,BUY
0,0.47112972,0.17575887,0.35311148,HOLD
0,0.3942259,0.25576663,0.35000747,HOLD
0,0.36718962,0.32554156,0.30726883,HOLD
0,0.37019923,0.33677325,0.29302755,HOLD
2,0.3761583,0.2456068,0.37823486,HOLD
1,0.2208444,0.3954294,0.38372615,HOLD
2,0.37834048,0.1738914,0.44776818,HOLD
0,0.41494477,0.3137983,0.2712569,HOLD
0,0.451076,0.14093265,0.40799132,HOLD
2,0.2208225,0.32223576,0.45694175,HOLD
2,0.32816193,0.22744405,0.44439405,HOLD
2,0.24275112,0.31944546,0.43780345,HOLD
2,0.27262306,0.25536263,0.4720143,HOLD
2,0.2611878,0.3677148,0.37109745,HOLD
0,0.4162566,0.20149207,0.38225132,HOLD
0,0.5399728,0.19748798,0.26253927,HOLD
0,0.45664784,0.2519918,0.2913604,HOLD
0,0.5954249,0.20989059,0.19468448,HOLD
0,0.49754867,0.19409907,0.30835223,HOLD
0,0.39055267,0.227921,0.38152638,HOLD
0,0.56523216,0.20399246,0.23077539,HOLD
0,0.41785395,0.35115913,0.23098694,HOLD
0,0.57629144,0.24154487,0.18216369,HOLD
1,0.39974338,0.44368625,0.15657042,HOLD
0,0.60986084,0.25976557,0.13037357,SELL
0,0.42560855,0.28459695,0.28979453,HOLD
0,0.40355828,0.33288944,0.26355228,HOLD
2,0.35676578,0.20526354,0.4379707,HOLD
2,0.2700137,0.21235333,0.51763296,HOLD
2,0.27952698,0.30301204,0.41746098,HOLD
2,0.37032884,0.19685873,0.43281245,HOLD
2,0.31166697,0.26763442,0.42069864,HOLD
2,0.28784293,0.26486567,0.44729137,HOLD
2,0.3335963,0.33018613,0.33621755,HOLD
0,0.61042696,0.16293178,0.22664131,SELL
0,0.54474866,0.2748652,0.18038616,HOLD
0,0.48661363,0.19002868,0.3233577,HOLD
0,0.4020015,0.27744338,0.32055512,HOLD
0,0.38190544,0.25333056,0.36476403,HOLD
0,0.68968046,0.10628212,0.20403749,SELL
0,0.4543325,0.14435112,0.4013164,HOLD
0,0.52493435,0.101183236,0.37388238,HOLD
2,0.25055265,0.14209346,0.60735387,BUY
0,0.4612319,0.28833008,0.250438,HOLD
0,0.5613705,0.18720566,0.25142384,HOLD
0,0.53713065,0.19896072,0.26390862,HOLD
2,0.34470552,0.2944473,0.36084715,HOLD
2,0.4003207,0.19860563,0.40107366,HOLD
0,0.4554903,0.1998587,0.34465104,HOLD
0,0.45165378,0.2777693,0.27057698,HOLD
2,0.32989225,0.19877666,0.47133112,HOLD
0,0.45838475,0.2672419,0.27437332,HOLD
0,0.38209167,0.25296533,0.36494297,HOLD
0,0.4142493,0.22529833,0.3604524,HOLD
2,0.37982935,0.20950584,0.41066477,HOLD
2,0.31442532,0.29893947,0.3866352,HOLD
2,0.36026317,0.24603511,0.39370167,HOLD
2,0.2855473,0.302217,0.41223574,HOLD
2,0.35286254,0.23865637,0.40848106,HOLD
0,0.4987177,0.23468189,0.26660046,HOLD
0,0.45029116,0.24576034,0.30394855,HOLD
0,0.4575969,0.2754978,0.26690522,HOLD
0,0.509283,0.2157989,0.27491808,HOLD
0,0.40021113,0.31136146,0.28842744,HOLD
0,0.42309073,0.28401205,0.29289722,HOLD
0,0.3870099,0.25386044,0.3591296,HOLD
0,0.41975373,0.27974302,0.30050322,HOLD
0,0.40239,0.32611883,0.27149117,HOLD
0,0.4708666,0.18320003,0.34593335,HOLD
2,0.3438932,0.25735664,0.3987502,HOLD
0,0.46018705,0.2073044,0.33250853,HOLD
0,0.44375077,0.18864001,0.36760923,HOLD
2,0.34787875,0.23229198,0.41982925,HOLD
2,0.29837927,0.26700777,0.43461296,HOLD
2,0.33680844,0.19942257,0.463769,HOLD
2,0.25939915,0.26786342,0.47273746,HOLD
2,0.23294885,0.19154131,0.5755098,HOLD
2,0.3386183,0.2771086,0.3842731,HOLD
2,0.3056273,0.20777754,0.48659518,HOLD
2,0.18443257,0.24739644,0.568171,HOLD
0,0.5268878,0.21609049,0.25702175,HOLD
2,0.25105333,0.18126449,0.56768215,HOLD
2,0.22710054,0.2837278,0.4891717,HOLD
2,0.22199102,0.18519856,0.59281045,HOLD
2,0.34726265,0.13919841,0.513539,HOLD
2,0.25461203,0.19092612,0.5544619,HOLD
2,0.18929614,0.14690802,0.6637959,BUY
1,0.20969771,0.50382066,0.28648162,HOLD
2,0.13854672,0.30687475,0.55457854,HOLD
2,0.20289487,0.3162541,0.480851,HOLD
2,0.16307122,0.26733893,0.56958985,HOLD
2,0.34289116,0.2723399,0.38476887,HOLD
2,0.2410525,0.2746306,0.48431695,HOLD
0,0.4186423,0.18208405,0.3992736,HOLD
2,0.3566722,0.2718171,0.37151074,HOLD
2,0.36300316,0.19977437,0.43722242,HOLD
2,0.17697798,0.22459333,0.5984287,HOLD
2,0.28970858,0.24976973,0.46052173,HOLD
0,0.46252087,0.14187056,0.39560854,HOLD
2,0.2744482,0.11744236,0.6081095,BUY
2,0.2782687,0.26065335,0.46107796,HOLD
2,0.3851049,0.2246628,0.3902323,HOLD
2,0.22613503,0.30763456,0.46623042,HOLD
2,0.31673425,0.22268501,0.4605808,HOLD
2,0.40477484,0.06941101,0.5258141,HOLD
2,0.31670627,0.10160025,0.5816935,HOLD
2,0.26148582,0.11973311,0.61878103,BUY
0,0.5244523,0.10044707,0.3751006,HOLD
2,0.3204294,0.106570095,0.57300055,HOLD
0,0.50526786,0.13090006,0.3638321,HOLD
2,0.21627927,0.2318383,0.55188245,HOLD
0,0.48402068,0.14448959,0.37148973,HOLD
0,0.5010226,0.16039376,0.33858368,HOLD
2,0.33964404,0.30898678,0.35136917,HOLD
2,0.44916034,0.074322246,0.47651744,HOLD
2,0.38778543,0.08703189,0.52518266,HOLD
2,0.24267682,0.09495624,0.6623669,BUY
2,0.34558272,0.23642796,0.41798928,HOLD
2,0.19248581,0.18456486,0.62294936,BUY
0,0.39076865,0.29370463,0.31552672,HOLD
2,0.27572614,0.18823978,0.53603405,HOLD
1,0.30014363,0.35433546,0.3455209,HOLD
2,0.3638669,0.19901967,0.43711337,HOLD
1,0.22400692,0.40396807,0.37202498,HOLD
2,0.20737092,0.24491465,0.5477144,HOLD
0,0.5354308,0.22266604,0.24190317,HOLD
0,0.41905296,0.21226835,0.36867872,HOLD
0,0.41851243,0.22072817,0.36075935,HOLD
2,0.14380753,0.23962867,0.61656386,BUY
2,0.2983969,0.21937281,0.48223034,HOLD
2,0.36299014,0.26845086,0.368559,HOLD
0,0.3912156,0.257111,0.35167342,HOLD
2,0.39345214,0.21108711,0.39546078,HOLD
0,0.4966603,0.27453497,0.22880478,HOLD
2,0.421795,0.099171504,0.47903347,HOLD
2,0.3075305,0.11974411,0.5727254,HOLD
2,0.43098602,0.12862694,0.440387,HOLD
2,0.41387567,0.12798068,0.45814362,HOLD
1,0.0524144,0.91879445,0.028791135,HOLD
1,0.31868842,0.45020574,0.23110577,HOLD
1,0.112854116,0.7921419,0.09500392,HOLD
1,0.31977394,0.48035944,0.19986662,HOLD
0,0.44105974,0.4319689,0.12697132,HOLD
1,0.2519906,0.5601385,0.1878709,HOLD
1,0.122040905,0.72215694,0.15580216,HOLD
0,0.48942727,0.36570475,0.14486794,HOLD
0,0.37478158,0.339136,0.2860824,HOLD
1,0.32295233,0.3934342,0.28361347,HOLD
2,0.22649442,0.31003433,0.4634712,HOLD
1,0.20729579,0.42634797,0.36635616,HOLD
1,0.30440962,0.43077224,0.26481816,HOLD
2,0.3179398,0.3137629,0.36829725,HOLD
2,0.20508392,0.3430365,0.4518796,HOLD
2,0.26708493,0.32277274,0.4101424,HOLD
2,0.13040978,0.41200954,0.4575807,HOLD
2,0.17084984,0.39115316,0.437997,HOLD
1,0.16642877,0.5166043,0.3169669,HOLD
2,0.15122902,0.3966103,0.45216063,HOLD
1,0.073908046,0.7888361,0.13725582,HOLD
1,0.029110583,0.8215286,0.14936084,HOLD
1,0.08068871,0.8420358,0.07727548,HOLD
1,0.018715419,0.87076753,0.11051704,HOLD
1,0.03374237,0.9053475,0.060910076,HOLD
1,0.18081917,0.62517095,0.19400991,HOLD
1,0.15712304,0.6936506,0.14922632,HOLD
1,0.24038687,0.5889514,0.17066172,HOLD
1,0.22489306,0.65375394,0.12135297,HOLD
1,0.35571992,0.45487705,0.18940304,HOLD
1,0.33919153,0.50773555,0.15307291,HOLD
1,0.22704047,0.5972216,0.17573795,HOLD
1,0.12960951,0.7168412,0.15354928,HOLD
1,0.06929398,0.81468517,0.11602079,HOLD
1,0.25449035,0.44259873,0.30291095,HOLD
1,0.12050419,0.63061106,0.24888471,HOLD
1,0.13897657,0.6697748,0.19124867,HOLD
1,0.2038539,0.57432854,0.22181758,HOLD
1,0.084232144,0.7227052,0.19306271,HOLD
1,0.047314595,0.91997427,0.032711122,HOLD
1,0.0142990975,0.9527043,0.03299661,HOLD
1,0.024182795,0.9454963,0.03032082,HOLD
1,0.048714332,0.9182446,0.033041026,HOLD
1,0.28958783,0.5499836,0.16042857,HOLD
1,0.26632214,0.554923,0.17875484,HOLD
1,0.30329746,0.48808014,0.20862238,HOLD
1,0.24260338,0.42511624,0.33228037,HOLD
1,0.11601677,0.54140174,0.34258148,HOLD
1,0.19425383,0.56099087,0.24475525,HOLD
2,0.2425035,0.28094655,0.47654995,HOLD
1,0.1463184,0.47666207,0.37701955,HOLD
2,0.16978244,0.24201177,0.5882058,HOLD
2,0.16438702,0.24839683,0.58721614,HOLD
2,0.19551784,0.3493781,0.45510405,HOLD
2,0.079095334,0.19600558,0.72489905,BUY
2,0.10723099,0.21570222,0.6770668,BUY
2,0.10018518,0.11300563,0.7868092,BUY
2,0.119792536,0.16588162,0.7143258,BUY
2,0.09318969,0.13471313,0.7720972,BUY
2,0.10069331,0.17409018,0.72521645,BUY
2,0.15709777,0.2563327,0.58656955,HOLD
2,0.15312877,0.21284851,0.6340227,BUY
2,0.18800126,0.24408098,0.56791776,HOLD
2,0.20215316,0.33806452,0.45978236,HOLD
2,0.14351697,0.39155728,0.4649258,HOLD
1,0.07784097,0.55189085,0.37026817,HOLD
2,0.1483853,0.27120745,0.58040726,HOLD
2,0.106673196,0.24909799,0.6442288,BUY
2,0.13300838,0.20616584,0.6608258,BUY
2,0.1551584,0.38721535,0.45762625,HOLD
2,0.14657103,0.27620235,0.57722664,HOLD
1,0.22821438,0.4477922,0.3239934,HOLD
2,0.11069698,0.2511247,0.6381783,BUY
2,0.21126749,0.222445,0.5662875,HOLD
2,0.26497188,0.08269345,0.65233463,BUY
2,0.13381875,0.12838565,0.7377956,BUY
2,0.36913356,0.19072977,0.44013673,HOLD
2,0.29209465,0.12861586,0.5792895,HOLD
0,0.45327318,0.12660106,0.42012578,HOLD
2,0.34886304,0.22585592,0.42528105,HOLD
1,0.23062748,0.44645056,0.3229219,HOLD
2,0.20789872,0.15550435,0.6365969,BUY
2,0.121836506,0.22303303,0.6551305,BUY
2,0.15836981,0.15481164,0.68681854,BUY
2,0.19062693,0.20394805,0.605425,BUY
2,0.28930363,0.17978,0.53091633,HOLD
2,0.2234697,0.3280291,0.44850117,HOLD
1,0.26203227,0.47786063,0.26010713,HOLD
1,0.26407617,0.45001397,0.28590992,HOLD
1,0.13552096,0.7049469,0.15953213,HOLD
1,0.11375059,0.5533926,0.3328568,HOLD
1,0.06453496,0.7600847,0.1753803,HOLD
1,0.07179214,0.7984708,0.12973705,HOLD
1,0.055338264,0.82565683,0.11900493,HOLD
1,0.1916444,0.55308825,0.2552673,HOLD
1,0.2517492,0.6160683,0.1321825,HOLD
1,0.249775,0.6508803,0.09934471,HOLD
1,0.08058652,0.8730116,0.04640182,HOLD
1,0.15926607,0.72092986,0.11980407,HOLD
1,0.14231957,0.7973381,0.060342304,HOLD
1,0.18237947,0.77820766,0.03941285,HOLD
1,0.20060043,0.7500409,0.04935865,HOLD
1,0.1435458,0.8057735,0.05068067,HOLD
1,0.09046949,0.8678091,0.041721445,HOLD
1,0.06998349,0.90709716,0.02291933,HOLD
1,0.35475984,0.5653103,0.079929866,HOLD
1,0.30409595,0.6246426,0.07126146,HOLD
1,0.25322765,0.6657222,0.0810502,HOLD
1,0.44143283,0.5082951,0.050272014,HOLD
1,0.42137975,0.5253917,0.05322855,HOLD
1,0.36533085,0.58997095,0.044698227,HOLD
1,0.44743207,0.51097023,0.04159766,HOLD
1,0.22026294,0.7032442,0.07649282,HOLD
1,0.06941093,0.89563185,0.034957238,HOLD
1,0.041977353,0.9387258,0.019296814,HOLD
1,0.084203005,0.869216,0.046580996,HOLD
1,0.044338863,0.93717927,0.018481856,HOLD
1,0.029793318,0.94457155,0.025635108,HOLD
1,0.029788077,0.9448633,0.025348641,HOLD
1,0.050399695,0.9216095,0.027990794,HOLD
1,0.04091781,0.9288158,0.030266423,HOLD
1,0.16971052,0.76437145,0.06591801,HOLD
1,0.117613286,0.8465179,0.035868872,HOLD
1,0.2769567,0.63509494,0.08794834,HOLD
1,0.22420366,0.6969282,0.07886813,HOLD
1,0.22839013,0.7024072,0.069202684,HOLD
1,0.18592164,0.7405428,0.0735355,HOLD
1,0.05886986,0.9196908,0.02143937,HOLD
1,0.027534889,0.9558898,0.01657527,HOLD
1,0.042515974,0.9376723,0.019811695,HOLD
1,0.041961923,0.9418788,0.016159313,HOLD
1,0.03036798,0.9565083,0.013123792,HOLD
1,0.025574459,0.9593705,0.015055063,HOLD
1,0.023670947,0.95278955,0.023539536,HOLD
1,0.011577825,0.9776489,0.010773293,HOLD
1,0.06305273,0.9089674,0.027979894,HOLD
1,0.05363059,0.92833906,0.018030325,HOLD
1,0.06395873,0.9104714,0.02556994,HOLD
1,0.027660774,0.9515377,0.020801494,HOLD
1,0.035819348,0.9461319,0.01804872,HOLD
1,0.033002887,0.95176667,0.015230408,HOLD
1,0.08189001,0.8570005,0.061109472,HOLD
1,0.21597196,0.7319871,0.052040968,HOLD
1,0.10280286,0.8374165,0.059780635,HOLD
1,0.03905499,0.9412294,0.019715678,HOLD
1,0.044465758,0.94073826,0.014795974,HOLD
1,0.03660303,0.94493634,0.018460585,HOLD
1,0.030163111,0.93691075,0.03292616,HOLD
1,0.037620213,0.94342494,0.018954879,HOLD
1,0.01960167,0.9655845,0.014813868,HOLD
1,0.019458216,0.96434945,0.016192293,HOLD
1,0.035657715,0.9509801,0.013362124,HOLD
1,0.07207713,0.90736574,0.020557085,HOLD
1,0.18393475,0.7613059,0.054759324,HOLD
1,0.23124258,0.6323774,0.13638,HOLD
1,0.17440091,0.7730861,0.05251303,HOLD
1,0.43051058,0.52174026,0.04774917,HOLD
1,0.17698073,0.7812681,0.041751124,HOLD
1,0.3336935,0.6144666,0.051839862,HOLD
1,0.04939918,0.930265,0.020335857,HOLD
1,0.059712067,0.9178568,0.022431107,HOLD
1,0.043322608,0.9240317,0.032645766,HOLD
1,0.022439256,0.96363497,0.013925764,HOLD
1,0.021078398,0.9585711,0.02035052,HOLD
1,0.031872798,0.9494245,0.018702699,HOLD
1,0.03249519,0.9514996,0.016005179,HOLD
1,0.08105263,0.8871,0.03184743,HOLD
1,0.1405918,0.82833153,0.031076625,HOLD
1,0.07687383,0.8915888,0.031537354,HOLD
1,0.13318992,0.81869465,0.048115447,HOLD
1,0.20899968,0.73256433,0.05843604,HOLD
1,0.07421505,0.8974224,0.028362624,HOLD
1,0.077326536,0.8949728,0.027700596,HOLD
1,0.05233328,0.9273118,0.020354897,HOLD
1,0.050424308,0.9266225,0.022953222,HOLD
1,0.13926658,0.7822051,0.07852825,HOLD
1,0.20902292,0.6997773,0.091199756,HOLD
1,0.049668506,0.9047646,0.04556688,HOLD
1,0.204869,0.74623245,0.048898574,HOLD
1,0.04739498,0.9303106,0.02229443,HOLD
1,0.04097329,0.9362316,0.022795144,HOLD
1,0.02605965,0.9574656,0.016474765,HOLD
1,0.035214037,0.9452331,0.019552901,HOLD
1,0.029395964,0.9587877,0.011816363,HOLD
1,0.020475078,0.9685722,0.010952759,HOLD
1,0.01811918,0.9719276,0.009953202,HOLD
1,0.068907484,0.9104024,0.020690119,HOLD
1,0.050682746,0.929943,0.019374229,HOLD
1,0.043435894,0.9401592,0.016404862,HOLD
1,0.022716837,0.9557586,0.021524612,HOLD
1,0.033812,0.94909304,0.017094992,HOLD
1,0.066716045,0.9116809,0.021603102,HOLD
1,0.15695927,0.8013922,0.041648567,HOLD
1,0.13731359,0.83278275,0.02990363,HOLD
1,0.10260754,0.8748481,0.022544336,HOLD
1,0.048490845,0.9275988,0.02391037,HOLD
1,0.052344095,0.9226238,0.025032153,HOLD
1,0.012140052,0.97725916,0.010600827,HOLD
1,0.021580303,0.96461797,0.013801696,HOLD
1,0.012019917,0.9774035,0.01057657,HOLD
1,0.03602013,0.93899494,0.02498491,HOLD
1,0.04620742,0.93333817,0.02045439,HOLD
1,0.050393954,0.9284491,0.02115695,HOLD
1,0.27852514,0.41849616,0.30297875,HOLD
1,0.34233636,0.57598865,0.081675015,HOLD
0,0.49704397,0.42480206,0.07815392,HOLD
0,0.5068513,0.44034675,0.052801933,HOLD
0,0.47820315,0.45319745,0.068599455,HOLD
1,0.3131093,0.60753685,0.07935379,HOLD
1,0.07455049,0.8957976,0.029651947,HOLD
1,0.072025426,0.90044665,0.027527906,HOLD
1,0.33956152,0.58614665,0.074291825,HOLD
1,0.11007406,0.84035593,0.04956994,HOLD
1,0.034301188,0.9430337,0.022665156,HOLD
1,0.014852139,0.97286946,0.012278323,HOLD
1,0.027368989,0.95615524,0.016475746,HOLD
1,0.039811146,0.9333935,0.026795398,HOLD
1,0.15879124,0.7713166,0.06989219,HOLD
1,0.15023704,0.7971,0.052662965,HOLD
1,0.091258936,0.8825958,0.02614521,HOLD
1,0.22877017,0.7006232,0.070606604,HOLD
1,0.17280675,0.76838994,0.058803353,HOLD
1,0.31409752,0.6197316,0.06617088,HOLD
1,0.17636374,0.746858,0.07677827,HOLD
1,0.30429545,0.63970554,0.05599901,HOLD
1,0.15205044,0.8020428,0.04590682,HOLD
1,0.19202949,0.76143837,0.046532154,HOLD
1,0.43562183,0.47452423,0.0898539,HOLD
1,0.34248486,0.5583505,0.09916468,HOLD
1,0.3593404,0.5013409,0.13931866,HOLD
1,0.1527706,0.6420604,0.20516902,HOLD
1,0.24873626,0.5083099,0.2429538,HOLD
2,0.12672637,0.25231585,0.6209578,BUY
1,0.20911326,0.43433833,0.35654843,HOLD
1,0.29613912,0.3876935,0.3161674,HOLD
1,0.2359527,0.41950923,0.3445381,HOLD
1,0.22596774,0.6312577,0.14277455,HOLD
1,0.02006504,0.9133955,0.066539444,HOLD
1,0.14782827,0.6886296,0.16354212,HOLD
1,0.06593276,0.82439435,0.10967291,HOLD
1,0.11695944,0.7370926,0.14594792,HOLD
1,0.028992759,0.9273976,0.043609682,HOLD
1,0.03911395,0.9150229,0.045863174,HOLD
1,0.036905184,0.9213485,0.04174629,HOLD
1,0.041823376,0.93172145,0.026455125,HOLD
1,0.2162232,0.6827775,0.10099928,HOLD
1,0.055734538,0.84485817,0.09940726,HOLD
1,0.2817772,0.6303044,0.087918416,HOLD
1,0.24946624,0.6624055,0.08812829,HOLD
1,0.25708127,0.6738946,0.06902411,HOLD
1,0.18375492,0.44686088,0.36938417,HOLD
1,0.2594967,0.5647945,0.17570885,HOLD
1,0.204966,0.6313578,0.16367619,HOLD
1,0.14364117,0.7597616,0.09659726,HOLD
1,0.04509815,0.8995178,0.055384014,HOLD
1,0.009578362,0.9680683,0.022353385,HOLD
1,0.010819618,0.963698,0.025482325,HOLD
1,0.03715666,0.9191653,0.043678027,HOLD
1,0.038768195,0.94583416,0.015397653,HOLD
1,0.15814714,0.7669287,0.074924186,HOLD
1,0.28483123,0.6602998,0.054869007,HOLD
1,0.1093267,0.85614675,0.03452654,HOLD
1,0.047742836,0.9283456,0.023911553,HOLD
1,0.09323418,0.85065824,0.056107596,HOLD
1,0.061948817,0.92343795,0.014613291,HOLD
1,0.10192554,0.86940813,0.028666334,HOLD
1,0.041500673,0.94156194,0.016937425,HOLD
1,0.041644324,0.9365846,0.021771088,HOLD
1,0.09246933,0.86800027,0.039530426,HOLD
1,0.10546157,0.8667205,0.027817992,HOLD
1,0.16512376,0.7758111,0.05906512,HOLD
1,0.14599776,0.73265046,0.121351786,HOLD
1,0.21677792,0.67971975,0.10350237,HOLD
1,0.380812,0.46641877,0.15276924,HOLD
1,0.3562923,0.5378256,0.10588213,HOLD
1,0.20739815,0.6470477,0.14555416,HOLD
1,0.021393033,0.94536024,0.033246685,HOLD
1,0.030776856,0.9363147,0.032908462,HOLD
1,0.13797723,0.75441045,0.107612364,HOLD
1,0.16544184,0.721645,0.11291315,HOLD
1,0.15265103,0.7362476,0.11110136,HOLD
0,0.40561616,0.35864988,0.23573397,HOLD
1,0.23273966,0.5762945,0.19096582,HOLD
1,0.10925451,0.7448095,0.14593597,HOLD
1,0.30690268,0.42363322,0.26946408,HOLD
1,0.38158345,0.47446653,0.14395006,HOLD
1,0.23994105,0.5614882,0.19857077,HOLD
1,0.31600782,0.4569118,0.22708042,HOLD
2,0.30208203,0.2816375,0.41628045,HOLD
1,0.25723648,0.45850947,0.28425407,HOLD
1,0.29824105,0.42551595,0.276243,HOLD
1,0.370215,0.42233142,0.20745353,HOLD
1,0.34715077,0.4002077,0.2526415,HOLD
1,0.22599192,0.5322722,0.24173585,HOLD
1,0.27951035,0.37569267,0.344797,HOLD
1,0.19675608,0.42911378,0.3741302,HOLD
1,0.123060636,0.7117842,0.1651552,HOLD
0,0.3864418,0.35689557,0.2566626,HOLD
1,0.23804499,0.44182134,0.32013372,HOLD
2,0.25964925,0.35857433,0.3817764,HOLD
1,0.21233153,0.39695317,0.3907153,HOLD
1,0.17921586,0.4571309,0.3636532,HOLD
1,0.12930308,0.4657651,0.40493178,HOLD
1,0.0843887,0.68181914,0.23379214,HOLD
1,0.28785422,0.43836126,0.27378455,HOLD
2,0.2908754,0.28317457,0.42595002,HOLD
1,0.19777018,0.5148008,0.28742906,HOLD
1,0.13321975,0.51345736,0.35332292,HOLD
2,0.121290006,0.41392085,0.46478918,HOLD
2,0.20804138,0.37292463,0.419034,HOLD
2,0.22661076,0.27858016,0.494809,HOLD
2,0.18693455,0.25164783,0.56141764,HOLD
2,0.14696239,0.3251648,0.5278728,HOLD
2,0.11938263,0.20037992,0.6802375,BUY
2,0.13611765,0.21287738,0.6510049,BUY
2,0.19384079,0.21990883,0.58625036,HOLD
2,0.13622728,0.24346277,0.62030995,BUY
2,0.18964435,0.19277681,0.61757886,BUY
2,0.13226296,0.27735484,0.5903822,HOLD
2,0.12000324,0.14590499,0.73409176,BUY
2,0.21501113,0.25163132,0.53335756,HOLD
2,0.2186268,0.2630698,0.5183034,HOLD
2,0.18367468,0.21144709,0.60487825,BUY
2,0.10628953,0.4070178,0.48669264,HOLD
2,0.11560041,0.26923653,0.6151631,BUY
1,0.090493895,0.717351,0.19215511,HOLD
1,0.076912396,0.73851925,0.18456836,HOLD
1,0.16898067,0.50816387,0.3228554,HOLD
1,0.12138368,0.610937,0.26767933,HOLD
1,0.06773715,0.74287295,0.18938991,HOLD
1,0.028440014,0.85761136,0.1139486,HOLD
1,0.043178797,0.8937645,0.06305677,HOLD
1,0.029747188,0.88330704,0.086945795,HOLD
1,0.04153707,0.9114152,0.047047716,HOLD
1,0.1142895,0.7995791,0.08613142,HOLD
1,0.034132555,0.9356054,0.030262025,HOLD
1,0.25452718,0.6648639,0.08060893,HOLD
1,0.081941776,0.8850733,0.03298491,HOLD
1,0.06526616,0.90972924,0.025004603,HOLD
1,0.08974629,0.8751569,0.03509687,HOLD
1,0.048381675,0.9356894,0.01592889,HOLD
1,0.16892917,0.7779571,0.05311374,HOLD
1,0.12564622,0.8322855,0.042068325,HOLD
1,0.14177333,0.80242157,0.055805124,HOLD
1,0.123172276,0.8370861,0.039741624,HOLD
1,0.14058922,0.8206171,0.03879368,HOLD
1,0.099090345,0.87205017,0.028859472,HOLD
1,0.10370445,0.87133014,0.02496537,HOLD
1,0.09090159,0.884162,0.02493639,HOLD
1,0.23772946,0.71407294,0.048197627,HOLD
1,0.17659746,0.7199885,0.10341397,HOLD
1,0.29036206,0.6191011,0.09053684,HOLD
1,0.3962774,0.56047595,0.0432466,HOLD
1,0.44075426,0.4811843,0.078061394,HOLD
1,0.33077675,0.5323264,0.1368968,HOLD
0,0.5404923,0.38377112,0.0757366,HOLD
0,0.5139736,0.4079021,0.07812433,HOLD
1,0.1299901,0.8278441,0.042165764,HOLD
1,0.053861253,0.91833127,0.027807472,HOLD
1,0.055262353,0.894558,0.050179582,HOLD
1,0.058939382,0.8910121,0.050048474,HOLD
1,0.037467502,0.9282547,0.03427783,HOLD
1,0.06749363,0.8640281,0.06847823,HOLD
1,0.03267524,0.91404283,0.053281922,HOLD
1,0.16988342,0.77556235,0.054554198,HOLD
1,0.17145157,0.7868115,0.04173698,HOLD
0,0.56435555,0.36521697,0.070427515,HOLD
0,0.5374705,0.39780256,0.06472688,HOLD
0,0.4914664,0.44502094,0.063512616,HOLD
1,0.371463,0.41945687,0.20908016,HOLD
0,0.51601434,0.4210821,0.06290359,HOLD
1,0.26786178,0.6085904,0.123547845,HOLD
0,0.5008827,0.22290148,0.27621582,HOLD
0,0.36861834,0.29797965,0.33340204,HOLD
0,0.389626,0.3241021,0.28627193,HOLD
0,0.37897217,0.3508864,0.27014142,HOLD
1,0.32107222,0.43039566,0.24853215,HOLD
1,0.19446687,0.56587803,0.23965506,HOLD
1,0.32776237,0.40970507,0.26253262,HOLD
1,0.31089965,0.40911114,0.27998915,HOLD
1,0.3607896,0.4080396,0.23117079,HOLD
2,0.2708555,0.31510323,0.41404125,HOLD
1,0.3344769,0.39994228,0.2655808,HOLD
1,0.35686558,0.38606027,0.25707418,HOLD
2,0.39326742,0.21331577,0.39341685,HOLD
2,0.26933092,0.32252094,0.4081481,HOLD
0,0.5260651,0.23844746,0.23548742,HOLD
1,0.20070799,0.48082763,0.3184644,HOLD
2,0.25099912,0.3293469,0.41965395,HOLD
2,0.2677011,0.3363945,0.39590442,HOLD
2,0.26464325,0.20782042,0.52753633,HOLD
2,0.24404864,0.34888163,0.4070697,HOLD
2,0.22904378,0.36350244,0.40745375,HOLD
1,0.14342907,0.7218769,0.13469402,HOLD
1,0.0751943,0.72066224,0.20414345,HOLD
1,0.18905917,0.49099848,0.31994236,HOLD
0,0.36488006,0.35707682,0.27804312,HOLD
2,0.26415417,0.27263975,0.46320605,HOLD
2,0.36108604,0.24485858,0.3940554,HOLD
0,0.3964242,0.27505508,0.32852072,HOLD
0,0.42167947,0.30791667,0.2704038,HOLD
0,0.38214198,0.36965665,0.2482014,HOLD
2,0.2670482,0.29035744,0.44259438,HOLD
1,0.21197519,0.47905394,0.30897084,HOLD
1,0.13513751,0.67240447,0.19245806,HOLD
2,0.31554818,0.32452688,0.35992497,HOLD
1,0.17450337,0.48512194,0.34037477,HOLD
1,0.29554453,0.36773437,0.33672103,HOLD
2,0.2580807,0.29787374,0.44404554,HOLD
1,0.17347826,0.54249054,0.28403118,HOLD
1,0.06262278,0.8265585,0.11081871,HOLD
1,0.042219955,0.7899854,0.16779459,HOLD
1,0.046400547,0.84504235,0.10855705,HOLD
1,0.18892159,0.58099836,0.23008,HOLD
1,0.23450726,0.42198166,0.3435111,HOLD
1,0.3520861,0.36390567,0.28400823,HOLD
2,0.23440242,0.3136351,0.45196247,HOLD
1,0.2723566,0.3851783,0.34246507,HOLD
2,0.15548451,0.37058514,0.47393042,HOLD
2,0.30262756,0.2520669,0.4453056,HOLD
2,0.27499363,0.13253574,0.59247065,HOLD
2,0.1820008,0.27313322,0.54486597,HOLD
2,0.14973816,0.12977152,0.7204903,BUY
2,0.19286828,0.16179065,0.6453411,BUY
2,0.22337171,0.18214673,0.5944816,HOLD
2,0.13160057,0.129601,0.73879844,BUY
2,0.11802506,0.112141594,0.7698334,BUY
2,0.13109067,0.07675675,0.7921526,BUY
2,0.17230247,0.095578074,0.73211944,BUY
2,0.1632112,0.13537265,0.7014162,BUY
2,0.15565936,0.18493979,0.6594009,BUY
2,0.13587053,0.21660057,0.6475289,BUY
2,0.17422189,0.17019245,0.65558565,BUY
2,0.11936788,0.18422244,0.69640964,BUY
2,0.16835353,0.38044825,0.45119822,HOLD
1,0.18552125,0.4346621,0.37981665,HOLD
1,0.061099555,0.7836399,0.15526052,HOLD
2,0.16831893,0.34999657,0.48168445,HOLD
2,0.14917895,0.34757367,0.5032474,HOLD
2,0.2788919,0.18621865,0.53488946,HOLD
2,0.25927642,0.36908463,0.37163892,HOLD
2,0.2572948,0.21518438,0.52752084,HOLD
2,0.26107717,0.31886798,0.42005485,HOLD
2,0.19411922,0.31945363,0.4864272,HOLD
2,0.26556227,0.29013136,0.44430634,HOLD
2,0.24018577,0.13014354,0.62967074,BUY
2,0.31920275,0.12394764,0.5568496,HOLD
2,0.3470058,0.20615456,0.44683963,HOLD
2,0.3404632,0.18829674,0.4712401,HOLD
2,0.39380598,0.16189188,0.4443021,HOLD
2,0.3325663,0.29003125,0.37740242,HOLD
1,0.19114262,0.5339385,0.27491882,HOLD
2,0.18062192,0.13496318,0.6844149,BUY
2,0.16016285,0.23536097,0.6044762,BUY
2,0.17473528,0.1462373,0.6790274,BUY
2,0.20516075,0.16954789,0.6252914,BUY
2,0.28562838,0.1933502,0.5210214,HOLD
2,0.24807055,0.37528592,0.3766435,HOLD
1,0.27976954,0.46114898,0.25908145,HOLD
1,0.22779323,0.6305201,0.14168663,HOLD
1,0.19578813,0.67414397,0.13006791,HOLD
1,0.16186573,0.5738034,0.26433086,HOLD
1,0.061394967,0.8422583,0.09634673,HOLD
1,0.07768603,0.82639784,0.095916174,HOLD
1,0.098273054,0.73047185,0.17125508,HOLD
1,0.19685055,0.5679768,0.23517269,HOLD
1,0.20777422,0.6465365,0.1456892,HOLD
1,0.21363321,0.6954252,0.09094158,HOLD
1,0.13361786,0.76241624,0.10396589,HOLD
1,0.20666194,0.7027727,0.09056541,HOLD
1,0.21440393,0.6630917,0.12250437,HOLD
1,0.27610227,0.62393165,0.0999661,HOLD
1,0.3589632,0.50956833,0.13146843,HOLD
1,0.28523704,0.59489435,0.119868554,HOLD
1,0.18143219,0.5475269,0.27104095,HOLD
1,0.13631941,0.6987368,0.16494384,HOLD
1,0.246663,0.42723614,0.3261009,HOLD
1,0.28807,0.404243,0.30768698,HOLD
1,0.23571621,0.45048562,0.31379816,HOLD
1,0.34722146,0.51404667,0.13873185,HOLD
1,0.3640395,0.4494816,0.18647888,HOLD
0,0.5212477,0.3273683,0.15138403,HOLD
0,0.5312179,0.33307794,0.13570423,HOLD
0,0.42063826,0.3920112,0.18735053,HOLD
1,0.19971319,0.62127024,0.17901658,HOLD
1,0.124912634,0.7968111,0.07827628,HOLD
1,0.29768562,0.46551654,0.23679788,HOLD
1,0.18135798,0.7185477,0.100094356,HOLD
1,0.2062076,0.6854742,0.10831821,HOLD
1,0.20427348,0.6711337,0.12459286,HOLD
1,0.20828861,0.6550548,0.13665657,HOLD
1,0.20458221,0.68862283,0.106794916,HOLD
1,0.250783,0.47926253,0.2699544,HOLD
1,0.23962942,0.651738,0.10863261,HOLD
0,0.41685036,0.38539824,0.19775143,HOLD
1,0.36904645,0.41620192,0.21475165,HOLD
0,0.4238202,0.39952254,0.17665723,HOLD
1,0.30403444,0.45064214,0.24532348,HOLD
1,0.18400423,0.7541679,0.06182784,HOLD
1,0.063598365,0.8652759,0.0711257,HOLD
1,0.064051345,0.85078466,0.08516405,HOLD
1,0.045112252,0.89507824,0.059809525,HOLD
1,0.03399863,0.90667474,0.05932661,HOLD
1,0.07598812,0.82213366,0.10187818,HOLD
1,0.06501863,0.842313,0.09266839,HOLD
1,0.1215394,0.7827035,0.09575705,HOLD
1,0.16987027,0.74323845,0.0868913,HOLD
1,0.12473938,0.7539466,0.12131403,HOLD
1,0.0993716,0.85286134,0.04776699,HOLD
1,0.09011951,0.83151495,0.078365535,HOLD
1,0.0733731,0.8545563,0.072070576,HOLD
1,0.089675866,0.7947141,0.115610056,HOLD
1,0.05909911,0.86027503,0.08062589,HOLD
1,0.10235532,0.75307655,0.14456809,HOLD
1,0.05357372,0.8519251,0.09450126,HOLD
1,0.04539413,0.89852774,0.056078188,HOLD
1,0.037474345,0.907764,0.05476166,HOLD
1,0.056671012,0.858388,0.084940955,HOLD
1,0.051383153,0.79547954,0.15313727,HOLD
1,0.043576952,0.87848943,0.077933535,HOLD
1,0.022966316,0.93257177,0.04446196,HOLD
1,0.020067217,0.93369925,0.046233565,HOLD
1,0.03508768,0.8768136,0.088098735,HOLD
1,0.029606542,0.92829186,0.042101625,HOLD
1,0.09015681,0.68891597,0.22092724,HOLD
1,0.30765077,0.48617837,0.20617092,HOLD
1,0.24385612,0.47076264,0.2853812,HOLD
0,0.35945374,0.3410245,0.2995218,HOLD
1,0.18571986,0.59333324,0.22094692,HOLD
1,0.2347489,0.60709536,0.15815572,HOLD
1,0.06227799,0.8845905,0.05313149,HOLD
1,0.05447802,0.88390344,0.061618492,HOLD
1,0.04765293,0.9103139,0.042033136,HOLD
1,0.030750943,0.9363053,0.032943755,HOLD
1,0.036818806,0.9296118,0.033569317,HOLD
1,0.059197664,0.90392035,0.03688197,HOLD
1,0.10072393,0.85682034,0.042455737,HOLD
1,0.2732489,0.5619594,0.16479169,HOLD
1,0.19923773,0.61197186,0.18879038,HOLD
1,0.1129238,0.75184435,0.13523187,HOLD
1,0.3173107,0.5762171,0.10647217,HOLD
1,0.39085633,0.5373186,0.07182508,HOLD
1,0.1455783,0.7982909,0.05613074,HOLD
1,0.15664312,0.73653275,0.10682416,HOLD
1,0.14421144,0.7632813,0.09250725,HOLD
1,0.26509148,0.595576,0.13933256,HOLD
1,0.21254595,0.47759703,0.30985698,HOLD
1,0.3377759,0.43447745,0.22774668,HOLD
1,0.27808145,0.4863376,0.23558095,HOLD
1,0.38012138,0.4879734,0.1319053,HOLD
1,0.11287145,0.8440766,0.04305197,HOLD
1,0.028975386,0.9512629,0.019761698,HOLD
1,0.03445166,0.9471542,0.018394101,HOLD
1,0.016303716,0.9718901,0.011806122,HOLD
1,0.014548778,0.97330207,0.012149231,HOLD
1,0.019599477,0.9638947,0.016505862,HOLD
1,0.018103981,0.9701002,0.011795758,HOLD
1,0.10344954,0.86166483,0.034885604,HOLD
1,0.04566146,0.9378302,0.016508298,HOLD
1,0.037400883,0.94123876,0.021360334,HOLD
1,0.02910811,0.93951786,0.031374063,HOLD
1,0.042947683,0.92649674,0.030555561,HOLD
1,0.12667085,0.839374,0.033955183,HOLD
1,0.14855537,0.80465776,0.04678688,HOLD
1,0.12311956,0.8384089,0.038471553,HOLD
1,0.07905953,0.8960015,0.024938932,HOLD
1,0.052343424,0.9207118,0.026944779,HOLD
1,0.083603196,0.8736769,0.042719934,HOLD
1,0.01712295,0.97009194,0.012785079,HOLD
1,0.044326823,0.92566246,0.030010648,HOLD
1,0.04216072,0.94356626,0.014273019,HOLD
1,0.09547459,0.8645299,0.039995514,HOLD
1,0.07785539,0.8852361,0.036908485,HOLD
1,0.059668306,0.91744,0.022891661,HOLD
0,0.5191787,0.28524897,0.19557235,HOLD
1,0.36908704,0.5264238,0.10448911,HOLD
0,0.58681965,0.31934515,0.0938352,HOLD
0,0.47957018,0.4498657,0.070564084,HOLD
0,0.50529474,0.4213238,0.07338148,HOLD
1,0.3123539,0.6354051,0.05224096,HOLD
1,0.057990722,0.91271776,0.029291568,HOLD
1,0.032311175,0.9493779,0.018310953,HOLD
1,0.31491107,0.6018176,0.08327131,HOLD
1,0.14480539,0.78827757,0.066916995,HOLD
1,0.070414685,0.90660733,0.022977963,HOLD
1,0.047406044,0.93975663,0.012837357,HOLD
1,0.111809,0.8669975,0.021193573,HOLD
1,0.06620788,0.89579046,0.038001716,HOLD
1,0.22680815,0.70995295,0.063238926,HOLD
1,0.20075065,0.7669242,0.0323251,HOLD
1,0.16148472,0.8073284,0.031186832,HOLD
1,0.40716773,0.52810746,0.064724855,HOLD
1,0.37996808,0.5522279,0.06780396,HOLD
0,0.48849392,0.4421764,0.069329694,HOLD
1,0.2974304,0.62329936,0.07927026,HOLD
1,0.39648375,0.542312,0.061204247,HOLD
1,0.23992485,0.71001816,0.050056983,HOLD
1,0.38314492,0.564245,0.052610107,HOLD
0,0.46712843,0.45154512,0.08132651,HOLD
1,0.41690406,0.48610568,0.09699024,HOLD
0,0.5035447,0.3424448,0.15401052,HOLD
1,0.29325694,0.5809623,0.12578079,HOLD
1,0.3141836,0.40910152,0.2767149,HOLD
2,0.1579544,0.28669629,0.5553493,HOLD
2,0.18846257,0.39114004,0.4203974,HOLD
2,0.32471126,0.20258518,0.47270358,HOLD
2,0.24026676,0.31634742,0.44338584,HOLD
2,0.1305711,0.34884882,0.52058005,HOLD
1,0.06393413,0.76924413,0.1668217,HOLD
2,0.19690788,0.3048614,0.49823073,HOLD
1,0.08416486,0.7078998,0.20793532,HOLD
1,0.097275205,0.5451039,0.35762092,HOLD
1,0.041087877,0.8826708,0.07624123,HOLD
1,0.045007218,0.90949434,0.045498464,HOLD
1,0.07160616,0.8638299,0.06456396,HOLD
1,0.04083307,0.9204268,0.038740154,HOLD
1,0.11945751,0.7972825,0.08325994,HOLD
1,0.07385489,0.87884223,0.047302898,HOLD
1,0.34909055,0.5796962,0.07121333,HOLD
1,0.425567,0.47907752,0.095355526,HOLD
1,0.3124058,0.4761839,0.2114103,HOLD
2,0.29880035,0.28763765,0.41356197,HOLD
1,0.36661464,0.3912574,0.24212794,HOLD
1,0.27120256,0.451289,0.27750844,HOLD
1,0.25722024,0.5629344,0.17984538,HOLD
1,0.1481836,0.6320578,0.21975866,HOLD
1,0.051196963,0.8258356,0.12296748,HOLD
1,0.071653984,0.8090843,0.11926172,HOLD
1,0.14288664,0.664573,0.19254033,HOLD
1,0.14300908,0.7313307,0.1256602,HOLD
2,0.18193506,0.33083537,0.48722962,HOLD
0,0.41316321,0.3815641,0.20527267,HOLD
1,0.27106258,0.5488255,0.1801119,HOLD
1,0.19123894,0.6363624,0.17239866,HOLD
1,0.16633782,0.73247004,0.10119214,HOLD
1,0.13784435,0.7325251,0.12963049,HOLD
1,0.15270118,0.7169814,0.1303174,HOLD
1,0.13844773,0.7601316,0.10142066,HOLD
1,0.058650177,0.8677976,0.07355221,HOLD
1,0.31655487,0.45430174,0.22914338,HOLD
1,0.25938913,0.4684866,0.27212426,HOLD
1,0.2856496,0.54993904,0.16441137,HOLD
1,0.07547684,0.7711578,0.15336542,HOLD
1,0.27654234,0.5202069,0.20325077,HOLD
1,0.38085595,0.4356005,0.18354353,HOLD
1,0.265687,0.5713459,0.16296707,HOLD
1,0.21327001,0.5781798,0.20855017,HOLD
1,0.02366049,0.9227551,0.05358443,HOLD
1,0.022505295,0.9409765,0.036518175,HOLD
1,0.17292695,0.69310904,0.13396403,HOLD
1,0.3667145,0.4408587,0.19242682,HOLD
1,0.27408522,0.45049083,0.27542394,HOLD
0,0.474173,0.30734444,0.21848258,HOLD
1,0.20436087,0.60310155,0.19253759,HOLD
1,0.15649076,0.5814731,0.26203611,HOLD
0,0.38271156,0.3271494,0.29013905,HOLD
2,0.2959934,0.27940062,0.42460597,HOLD
2,0.29519832,0.28217337,0.42262834,HOLD
2,0.19986649,0.28913435,0.51099914,HOLD
2,0.21710823,0.16772057,0.61517113,BUY
2,0.15838486,0.27770203,0.5639131,HOLD
2,0.09846823,0.2815314,0.62000036,BUY
2,0.11421329,0.2294158,0.65637094,BUY
2,0.14226753,0.24775803,0.60997444,BUY
1,0.15754096,0.4907443,0.3517147,HOLD
2,0.15887804,0.27861908,0.5625029,HOLD
2,0.12214665,0.31783924,0.5600141,HOLD
1,0.13289148,0.5198662,0.3472423,HOLD
1,0.3118789,0.3795875,0.3085336,HOLD
2,0.14573635,0.38053373,0.47372994,HOLD
2,0.17010908,0.2961297,0.5337612,HOLD
2,0.19393401,0.33310133,0.47296464,HOLD
1,0.24143985,0.403139,0.35542116,HOLD
2,0.28967655,0.34848973,0.36183378,HOLD
2,0.2151013,0.2749812,0.5099175,HOLD
1,0.17585102,0.49776006,0.32638896,HOLD
2,0.15908001,0.16344789,0.6774721,BUY
2,0.25255117,0.29809138,0.44935748,HOLD
2,0.26953343,0.19925337,0.5312132,HOLD
2,0.13767922,0.2904456,0.5718752,HOLD
2,0.15442044,0.21817808,0.6274015,BUY
2,0.26916814,0.16400339,0.5668285,HOLD
2,0.19941168,0.15419026,0.64639807,BUY
2,0.14157246,0.29459906,0.5638285,HOLD
2,0.10840373,0.36357638,0.5280199,HOLD
2,0.15015401,0.30630943,0.54353654,HOLD
2,0.112357795,0.19712964,0.69051254,BUY
2,0.14068763,0.26601413,0.59329826,HOLD
2,0.08847011,0.18807444,0.7234554,BUY
2,0.15469883,0.2922122,0.553089,HOLD
2,0.15098919,0.18984209,0.6591688,BUY
2,0.24715564,0.1854839,0.56736046,HOLD
2,0.23793255,0.14178357,0.6202839,BUY
2,0.10149898,0.14972778,0.7487732,BUY
2,0.13666983,0.1681889,0.6951413,BUY
2,0.08915852,0.16499944,0.745842,BUY
1,0.145299,0.59069586,0.26400512,HOLD
1,0.06339055,0.7161765,0.22043295,HOLD
2,0.18387242,0.3587388,0.45738882,HOLD
2,0.13490362,0.4155236,0.44957277,HOLD
1,0.10774892,0.7100578,0.18219325,HOLD
1,0.0725162,0.7867004,0.14078332,HOLD
1,0.051113635,0.8663159,0.082570486,HOLD
1,0.045127515,0.8876289,0.0672436,HOLD
1,0.21062492,0.7123726,0.07700241,HOLD
1,0.15442884,0.75475717,0.09081398,HOLD
1,0.16042288,0.78675985,0.05281728,HOLD
1,0.31877723,0.6156307,0.065592095,HOLD
1,0.19254313,0.7683446,0.03911232,HOLD
1,0.16983396,0.7851972,0.044968873,HOLD
1,0.35217783,0.5209914,0.12683077,HOLD
1,0.2547271,0.6590719,0.086201005,HOLD
1,0.413834,0.5400993,0.046066664,HOLD
1,0.20178163,0.704807,0.09341134,HOLD
1,0.32941866,0.6004134,0.07016796,HOLD
1,0.17554712,0.74030584,0.08414704,HOLD
1,0.18385524,0.7444491,0.07169569,HOLD
0,0.54700065,0.39014444,0.06285494,HOLD
1,0.2782795,0.63091123,0.0908092,HOLD
1,0.39980796,0.5353087,0.06488336,HOLD
0,0.5270329,0.4208959,0.052071188,HOLD
1,0.42418817,0.53895485,0.036856942,HOLD
0,0.513524,0.44332117,0.043154832,HOLD
0,0.6442012,0.31077078,0.04502796,SELL
0,0.6536093,0.2954948,0.050895937,SELL
0,0.71461993,0.23247376,0.052906357,SELL
0,0.6829744,0.25935674,0.057668824,SELL
0,0.6551266,0.3067576,0.03811584,SELL
0,0.4701708,0.45903435,0.07079488,HOLD
0,0.53599304,0.43097278,0.033034157,HOLD
0,0.538263,0.41100475,0.050732244,HOLD
1,0.37100583,0.5821044,0.04688979,HOLD
1,0.32190683,0.63462514,0.043467958,HOLD
1,0.39533535,0.54910445,0.055560205,HOLD
1,0.12564228,0.7528332,0.12152447,HOLD
1,0.22662729,0.6795192,0.093853496,HOLD
1,0.29189867,0.64275676,0.065344565,HOLD
0,0.4941884,0.30936053,0.1964511,HOLD
0,0.5985623,0.23545945,0.16597827,HOLD
0,0.47461933,0.37878957,0.14659116,HOLD
0,0.4115348,0.4019652,0.18650001,HOLD
0,0.59262884,0.33798575,0.06938541,HOLD
